t_ms,t_us,ax_g,ay_g,az_g
0,0,-1.000000,0.000000,0.000000
6,6000,-0.995000,0.019000,0.019000
12,12000,-0.995000,0.019000,0.019000
18,18000,-0.995000,0.019000,0.019000
24,24000,-0.995000,0.019000,0.019000
30,30000,-0.995000,0.019000,0.019000
36,36000,-0.995000,0.019000,0.019000
42,42000,-0.995000,0.019000,0.019000
48,48000,-0.995000,0.019000,0.019000
54,54000,-0.995000,0.019000,0.019000
60,60000,-0.995000,0.019000,0.019000
66,66000,-0.995000,0.019000,0.019000
72,72000,-0.995000,0.019000,0.019000
78,78000,-0.995000,0.019000,0.019000
84,84000,-0.995000,0.019000,0.019000
90,90000,-0.995000,0.019000,0.019000
96,96000,-0.995000,0.019000,0.019000
102,102000,-0.995000,0.019000,0.019000
108,108000,-0.995000,0.019000,0.019000
114,114000,-0.995000,0.019000,0.019000
120,120000,-0.995000,0.019000,0.019000
126,126000,-0.995000,0.019000,0.019000
132,132000,-0.995000,0.019000,0.019000
138,138000,-0.995000,0.019000,0.019000
144,144000,-0.995000,0.019000,0.019000
150,150000,-0.995000,0.019000,0.019000
156,156000,-0.995000,0.019000,0.019000
162,162000,-0.995000,0.019000,0.019000
168,168000,-0.995000,0.019000,0.019000
174,174000,-0.995000,0.019000,0.019000
180,180000,-0.995000,0.019000,0.019000
186,186000,-0.995000,0.019000,0.019000
192,192000,-0.995000,0.019000,0.019000
198,198000,-0.995000,0.019000,0.019000
204,204000,-0.995000,0.019000,0.019000
210,210000,-0.995000,0.019000,0.019000
216,216000,-0.995000,0.019000,0.019000
222,222000,-0.995000,0.019000,0.019000
228,228000,-0.995000,0.019000,0.019000
234,234000,-0.995000,0.019000,0.019000
240,240000,-0.995000,0.019000,0.019000
246,246000,-0.995000,0.019000,0.019000
252,252000,-0.995000,0.019000,0.019000
258,258000,-0.995000,0.019000,0.019000
264,264000,-0.995000,0.019000,0.019000
270,270000,-0.995000,0.019000,0.019000
276,276000,-0.995000,0.019000,0.019000
282,282000,-0.995000,0.019000,0.019000
288,288000,-0.995000,0.019000,0.019000
294,294000,-0.995000,0.019000,0.019000
300,300000,-0.995000,0.019000,0.019000
306,306000,-0.995000,0.019000,0.019000
312,312000,-0.995000,0.019000,0.019000
318,318000,-0.995000,0.019000,0.019000
324,324000,-0.995000,0.019000,0.019000
330,330000,-0.995000,0.019000,0.019000
336,336000,-0.995000,0.019000,0.019000
342,342000,-0.995000,0.019000,0.019000
348,348000,-0.995000,0.019000,0.019000
354,354000,-0.995000,0.019000,0.019000
360,360000,-0.995000,0.019000,0.019000
366,366000,-0.995000,0.019000,0.019000
372,372000,-0.995000,0.019000,0.019000
378,378000,-0.995000,0.019000,0.019000
384,384000,-0.995000,0.019000,0.019000
390,390000,-0.995000,0.019000,0.019000
396,396000,-0.995000,0.019000,0.019000
402,402000,-0.995000,0.019000,0.019000
408,408000,-0.995000,0.019000,0.019000
414,414000,-0.995000,0.019000,0.019000
420,420000,-0.995000,0.019000,0.019000
426,426000,-0.995000,0.019000,0.019000
432,432000,-0.995000,0.019000,0.019000
438,438000,-0.995000,0.019000,0.019000
444,444000,-0.995000,0.019000,0.019000
450,450000,-0.995000,0.019000,0.019000
456,456000,-0.995000,0.019000,0.019000
462,462000,-0.995000,0.019000,0.019000
468,468000,-0.995000,0.019000,0.019000
474,474000,-0.995000,0.019000,0.019000
480,480000,-0.995000,0.019000,0.019000
486,486000,-0.995000,0.019000,0.019000
492,492000,-0.995000,0.019000,0.019000
498,498000,-0.995000,0.019000,0.019000
504,504000,-0.995000,0.019000,0.019000
510,510000,-0.995000,0.019000,0.019000
516,516000,-0.995000,0.019000,0.019000
522,522000,-0.995000,0.019000,0.019000
528,528000,-0.995000,0.019000,0.019000
534,534000,-0.995000,0.019000,0.019000
540,540000,-0.995000,0.019000,0.019000
546,546000,-0.995000,0.019000,0.019000
552,552000,-0.995000,0.019000,0.019000
558,558000,-0.995000,0.019000,0.019000
564,564000,-0.995000,0.019000,0.019000
570,570000,-0.995000,0.019000,0.019000
576,576000,-0.995000,0.019000,0.019000
582,582000,-0.995000,0.019000,0.019000
588,588000,-0.995000,0.019000,0.019000
594,594000,-0.995000,0.019000,0.019000
600,600000,-0.995000,0.019000,0.019000
606,606000,-0.995000,0.019000,0.019000
612,612000,-0.995000,0.019000,0.019000
618,618000,-0.995000,0.019000,0.019000
624,624000,-0.995000,0.019000,0.019000
630,630000,-0.995000,0.019000,0.019000
636,636000,-0.995000,0.019000,0.019000
642,642000,-0.995000,0.019000,0.019000
648,648000,-0.995000,0.019000,0.019000
654,654000,-0.995000,0.019000,0.019000
660,660000,-0.995000,0.019000,0.019000
666,666000,-0.995000,0.019000,0.019000
672,672000,-0.995000,0.019000,0.019000
678,678000,-0.995000,0.019000,0.019000
684,684000,-0.995000,0.019000,0.019000
690,690000,-0.995000,0.019000,0.019000
696,696000,-0.995000,0.019000,0.019000
702,702000,-0.995000,0.019000,0.019000
708,708000,-0.995000,0.019000,0.019000
714,714000,-0.995000,0.019000,0.019000
720,720000,-0.995000,0.019000,0.019000
726,726000,-0.995000,0.019000,0.019000
732,732000,-0.995000,0.019000,0.019000
738,738000,-0.995000,0.019000,0.019000
744,744000,-0.995000,0.019000,0.019000
750,750000,-0.995000,0.019000,-0.019000
756,756000,-0.995000,0.019000,-0.019000
762,762000,-0.995000,0.019000,-0.019000
768,768000,-0.995000,0.019000,-0.019000
774,774000,-0.995000,0.019000,-0.019000
780,780000,-0.995000,0.019000,-0.019000
786,786000,-0.995000,0.019000,-0.019000
792,792000,-0.995000,0.019000,-0.019000
798,798000,-0.995000,0.019000,-0.019000
804,804000,-0.995000,0.019000,-0.019000
810,810000,-0.995000,0.019000,-0.019000
816,816000,-0.995000,0.019000,-0.019000
822,822000,-0.995000,0.019000,-0.019000
828,828000,-0.995000,0.019000,-0.019000
834,834000,-0.995000,0.019000,-0.019000
840,840000,-0.995000,0.019000,-0.019000
846,846000,-0.995000,0.019000,-0.019000
852,852000,-0.995000,0.019000,-0.019000
858,858000,-0.995000,0.019000,-0.019000
864,864000,-0.995000,0.019000,-0.019000
870,870000,-0.995000,0.019000,-0.019000
876,876000,-0.995000,0.019000,-0.019000
882,882000,-0.995000,0.019000,-0.019000
888,888000,-0.995000,0.019000,-0.019000
894,894000,-0.995000,0.019000,-0.019000
900,900000,-0.995000,0.019000,-0.019000
906,906000,-0.995000,0.019000,-0.019000
912,912000,-0.995000,0.019000,-0.019000
918,918000,-0.995000,0.019000,-0.019000
924,924000,-0.995000,0.019000,-0.019000
930,930000,-0.995000,0.019000,-0.019000
936,936000,-0.995000,0.019000,-0.019000
942,942000,-0.995000,0.019000,-0.019000
948,948000,-0.995000,0.019000,-0.019000
954,954000,-0.995000,0.019000,-0.019000
960,960000,-0.995000,0.019000,-0.019000
966,966000,-0.995000,0.019000,-0.019000
972,972000,-0.995000,0.019000,-0.019000
978,978000,-0.995000,0.019000,-0.019000
984,984000,-0.995000,0.019000,-0.019000
990,990000,-0.995000,0.019000,-0.019000
996,996000,-0.995000,0.019000,-0.019000
1002,1002000,-0.995000,0.019000,-0.019000
1008,1008000,-0.995000,0.019000,-0.019000
1014,1014000,-0.995000,0.019000,-0.019000
1020,1020000,-0.995000,0.019000,-0.019000
1026,1026000,-0.995000,0.019000,-0.019000
1032,1032000,-0.995000,0.019000,-0.019000
1038,1038000,-0.995000,0.019000,-0.019000
1044,1044000,-0.995000,0.019000,-0.019000
1050,1050000,-0.995000,0.019000,-0.019000
1056,1056000,-0.995000,0.019000,-0.019000
1062,1062000,-0.995000,0.019000,-0.019000
1068,1068000,-0.995000,0.019000,-0.019000
1074,1074000,-0.995000,0.019000,-0.019000
1080,1080000,-0.995000,0.019000,-0.019000
1086,1086000,-0.995000,0.019000,-0.019000
1092,1092000,-0.995000,0.019000,-0.019000
1098,1098000,-0.995000,0.019000,-0.019000
1104,1104000,-0.995000,0.019000,-0.019000
1110,1110000,-0.995000,0.019000,-0.019000
1116,1116000,-0.995000,0.019000,-0.019000
1122,1122000,-0.995000,0.019000,-0.019000
1128,1128000,-0.995000,0.019000,-0.019000
1134,1134000,-0.995000,0.019000,-0.019000
1140,1140000,-0.995000,0.019000,-0.019000
1146,1146000,-0.995000,0.019000,-0.019000
1152,1152000,-0.995000,0.019000,-0.019000
1158,1158000,-0.995000,0.019000,-0.019000
1164,1164000,-0.995000,0.019000,-0.019000
1170,1170000,-0.995000,0.019000,-0.019000
1176,1176000,-0.995000,0.019000,-0.019000
1182,1182000,-0.995000,0.019000,-0.019000
1188,1188000,-0.995000,0.019000,-0.019000
1194,1194000,-0.995000,0.019000,-0.019000
1200,1200000,-1.005000,0.019000,-0.019000
1206,1206000,-1.005000,0.019000,-0.019000
1212,1212000,-1.005000,0.019000,-0.019000
1218,1218000,-1.005000,0.019000,-0.019000
1224,1224000,-1.005000,0.019000,-0.019000
1230,1230000,-1.005000,0.019000,-0.019000
1236,1236000,-1.005000,0.019000,-0.019000
1242,1242000,-1.005000,0.019000,-0.019000
1248,1248000,-1.005000,0.019000,-0.019000
1254,1254000,-1.005000,0.019000,-0.019000
1260,1260000,-1.005000,0.019000,-0.019000
1266,1266000,-1.005000,0.019000,-0.019000
1272,1272000,-1.005000,0.019000,-0.019000
1278,1278000,-1.005000,0.019000,-0.019000
1284,1284000,-1.005000,0.019000,-0.019000
1290,1290000,-1.005000,0.019000,-0.019000
1296,1296000,-1.005000,0.019000,-0.019000
1302,1302000,-1.005000,0.019000,-0.019000
1308,1308000,-1.005000,0.019000,-0.019000
1314,1314000,-1.005000,0.019000,-0.019000
1320,1320000,-1.005000,0.019000,-0.019000
1326,1326000,-1.005000,0.019000,-0.019000
1332,1332000,-1.005000,0.019000,-0.019000
1338,1338000,-1.005000,0.019000,-0.019000
1344,1344000,-1.005000,0.019000,-0.019000
1350,1350000,-1.005000,0.019000,-0.019000
1356,1356000,-1.005000,0.019000,-0.019000
1362,1362000,-1.005000,0.019000,-0.019000
1368,1368000,-1.005000,0.019000,-0.019000
1374,1374000,-1.005000,0.019000,-0.019000
1380,1380000,-1.005000,0.019000,-0.019000
1386,1386000,-1.005000,0.019000,-0.019000
1392,1392000,-1.005000,0.019000,-0.019000
1398,1398000,-1.005000,0.019000,-0.019000
1404,1404000,-1.005000,0.019000,-0.019000
1410,1410000,-1.005000,0.019000,-0.019000
1416,1416000,-1.005000,0.019000,-0.019000
1422,1422000,-1.005000,0.019000,-0.019000
1428,1428000,-1.005000,0.019000,-0.019000
1434,1434000,-1.005000,0.019000,-0.019000
1440,1440000,-1.005000,0.019000,-0.019000
1446,1446000,-1.005000,0.019000,-0.019000
1452,1452000,-1.005000,0.019000,-0.019000
1458,1458000,-1.005000,0.019000,-0.019000
1464,1464000,-1.005000,0.019000,-0.019000
1470,1470000,-1.005000,0.019000,-0.019000
1476,1476000,-1.005000,0.019000,-0.019000
1482,1482000,-1.005000,0.019000,-0.019000
1488,1488000,-1.005000,0.019000,-0.019000
1494,1494000,-1.005000,0.019000,-0.019000
1500,1500000,-1.005000,-0.019000,-0.019000
1506,1506000,-1.005000,-0.019000,-0.019000
1512,1512000,-1.005000,-0.019000,-0.019000
1518,1518000,-1.005000,-0.019000,-0.019000
1524,1524000,-1.005000,-0.019000,-0.019000
1530,1530000,-1.005000,-0.019000,-0.019000
1536,1536000,-1.005000,-0.019000,-0.019000
1542,1542000,-1.005000,-0.019000,-0.019000
1548,1548000,-1.005000,-0.019000,-0.019000
1554,1554000,-1.005000,-0.019000,-0.019000
1560,1560000,-1.005000,-0.019000,-0.019000
1566,1566000,-1.005000,-0.019000,-0.019000
1572,1572000,-1.005000,-0.019000,-0.019000
1578,1578000,-1.005000,-0.019000,-0.019000
1584,1584000,-1.005000,-0.019000,-0.019000
1590,1590000,-1.005000,-0.019000,-0.019000
1596,1596000,-1.005000,-0.019000,-0.019000
1602,1602000,-1.005000,-0.019000,-0.019000
1608,1608000,-1.005000,-0.019000,-0.019000
1614,1614000,-1.005000,-0.019000,-0.019000
1620,1620000,-1.005000,-0.019000,-0.019000
1626,1626000,-1.005000,-0.019000,-0.019000
1632,1632000,-1.005000,-0.019000,-0.019000
1638,1638000,-1.005000,-0.019000,-0.019000
1644,1644000,-1.005000,-0.019000,-0.019000
1650,1650000,-1.005000,-0.019000,-0.019000
1656,1656000,-1.005000,-0.019000,-0.019000
1662,1662000,-1.005000,-0.019000,-0.019000
1668,1668000,-1.005000,-0.019000,-0.019000
1674,1674000,-1.005000,-0.019000,-0.019000
1680,1680000,-1.005000,-0.019000,-0.019000
1686,1686000,-1.005000,-0.019000,-0.019000
1692,1692000,-1.005000,-0.019000,-0.019000
1698,1698000,-1.005000,-0.019000,-0.019000
1704,1704000,-1.005000,-0.019000,-0.019000
1710,1710000,-1.005000,-0.019000,-0.019000
1716,1716000,-1.005000,-0.019000,-0.019000
1722,1722000,-1.005000,-0.019000,-0.019000
1728,1728000,-1.005000,-0.019000,-0.019000
1734,1734000,-1.005000,-0.019000,-0.019000
1740,1740000,-1.005000,-0.019000,-0.019000
1746,1746000,-1.005000,-0.019000,-0.019000
1752,1752000,-1.005000,-0.019000,-0.019000
1758,1758000,-1.005000,-0.019000,-0.019000
1764,1764000,-1.005000,-0.019000,-0.019000
1770,1770000,-1.005000,-0.019000,-0.019000
1776,1776000,-1.005000,-0.019000,-0.019000
1782,1782000,-1.005000,-0.019000,-0.019000
1788,1788000,-1.005000,-0.019000,-0.019000
1794,1794000,-1.005000,-0.019000,-0.019000
1800,1800000,-1.005000,-0.019000,-0.019000
1806,1806000,-1.005000,-0.019000,-0.019000
1812,1812000,-1.005000,-0.019000,-0.019000
1818,1818000,-1.005000,-0.019000,-0.019000
1824,1824000,-1.005000,-0.019000,-0.019000
1830,1830000,-1.005000,-0.019000,-0.019000
1836,1836000,-1.005000,-0.019000,-0.019000
1842,1842000,-1.005000,-0.019000,-0.019000
1848,1848000,-1.005000,-0.019000,-0.019000
1854,1854000,-1.005000,-0.019000,-0.019000
1860,1860000,-1.005000,-0.019000,-0.019000
1866,1866000,-1.005000,-0.019000,-0.019000
1872,1872000,-1.005000,-0.019000,-0.019000
1878,1878000,-1.005000,-0.019000,-0.019000
1884,1884000,-1.005000,-0.019000,-0.019000
1890,1890000,-1.005000,-0.019000,-0.019000
1896,1896000,-1.005000,-0.019000,-0.019000
1902,1902000,-1.005000,-0.019000,-0.019000
1908,1908000,-1.005000,-0.019000,-0.019000
1914,1914000,-1.005000,-0.019000,-0.019000
1920,1920000,-1.005000,-0.019000,-0.019000
1926,1926000,-1.005000,-0.019000,-0.019000
1932,1932000,-1.005000,-0.019000,-0.019000
1938,1938000,-1.005000,-0.019000,-0.019000
1944,1944000,-1.005000,-0.019000,-0.019000
1950,1950000,-1.005000,-0.019000,-0.019000
1956,1956000,-1.005000,-0.019000,-0.019000
1962,1962000,-1.005000,-0.019000,-0.019000
1968,1968000,-1.005000,-0.019000,-0.019000
1974,1974000,-1.005000,-0.019000,-0.019000
1980,1980000,-1.005000,-0.019000,-0.019000
1986,1986000,-1.005000,-0.019000,-0.019000
1992,1992000,-1.005000,-0.019000,-0.019000
1998,1998000,-1.005000,-0.019000,-0.019000
2004,2004000,-1.005000,-0.019000,-0.019000
2010,2010000,-1.005000,-0.019000,-0.019000
2016,2016000,-1.005000,-0.019000,-0.019000
2022,2022000,-1.005000,-0.019000,-0.019000
2028,2028000,-1.005000,-0.019000,-0.019000
2034,2034000,-1.005000,-0.019000,-0.019000
2040,2040000,-1.005000,-0.019000,-0.019000
2046,2046000,-1.005000,-0.019000,-0.019000
2052,2052000,-1.005000,-0.019000,-0.019000
2058,2058000,-1.005000,-0.019000,-0.019000
2064,2064000,-1.005000,-0.019000,-0.019000
2070,2070000,-1.005000,-0.019000,-0.019000
2076,2076000,-1.005000,-0.019000,-0.019000
2082,2082000,-1.005000,-0.019000,-0.019000
2088,2088000,-1.005000,-0.019000,-0.019000
2094,2094000,-1.005000,-0.019000,-0.019000
2100,2100000,-1.005000,-0.019000,-0.019000
2106,2106000,-1.005000,-0.019000,-0.019000
2112,2112000,-1.005000,-0.019000,-0.019000
2118,2118000,-1.005000,-0.019000,-0.019000
2124,2124000,-1.005000,-0.019000,-0.019000
2130,2130000,-1.005000,-0.019000,-0.019000
2136,2136000,-1.005000,-0.019000,-0.019000
2142,2142000,-1.005000,-0.019000,-0.019000
2148,2148000,-1.005000,-0.019000,-0.019000
2154,2154000,-1.005000,-0.019000,-0.019000
2160,2160000,-1.005000,-0.019000,-0.019000
2166,2166000,-1.005000,-0.019000,-0.019000
2172,2172000,-1.005000,-0.019000,-0.019000
2178,2178000,-1.005000,-0.019000,-0.019000
2184,2184000,-1.005000,-0.019000,-0.019000
2190,2190000,-1.005000,-0.019000,-0.019000
2196,2196000,-1.005000,-0.019000,-0.019000
2202,2202000,-1.005000,-0.019000,-0.019000
2208,2208000,-1.005000,-0.019000,-0.019000
2214,2214000,-1.005000,-0.019000,-0.019000
2220,2220000,-1.005000,-0.019000,-0.019000
2226,2226000,-1.005000,-0.019000,-0.019000
2232,2232000,-1.005000,-0.019000,-0.019000
2238,2238000,-1.005000,-0.019000,-0.019000
2244,2244000,-1.005000,-0.019000,-0.019000
2250,2250000,-1.005000,-0.019000,0.009500
2256,2256000,-1.005000,-0.019000,0.009500
2262,2262000,-1.005000,-0.019000,0.009500
2268,2268000,-1.005000,-0.019000,0.009500
2274,2274000,-1.005000,-0.019000,0.009500
2280,2280000,-1.005000,-0.019000,0.009500
2286,2286000,-1.005000,-0.019000,0.009500
2292,2292000,-1.005000,-0.019000,0.009500
2298,2298000,-1.005000,-0.019000,0.009500
2304,2304000,-1.005000,-0.019000,0.009500
2310,2310000,-1.005000,-0.019000,0.009500
2316,2316000,-1.005000,-0.019000,0.009500
2322,2322000,-1.005000,-0.019000,0.009500
2328,2328000,-1.005000,-0.019000,0.009500
2334,2334000,-1.005000,-0.019000,0.009500
2340,2340000,-1.005000,-0.019000,0.009500
2346,2346000,-1.005000,-0.019000,0.009500
2352,2352000,-1.005000,-0.019000,0.009500
2358,2358000,-1.005000,-0.019000,0.009500
2364,2364000,-1.005000,-0.019000,0.009500
2370,2370000,-1.005000,-0.019000,0.009500
2376,2376000,-1.005000,-0.019000,0.009500
2382,2382000,-1.005000,-0.019000,0.009500
2388,2388000,-1.005000,-0.019000,0.009500
2394,2394000,-1.005000,-0.019000,0.009500
2400,2400000,-1.005000,-0.019000,0.009500
2406,2406000,-1.005000,-0.019000,0.009500
2412,2412000,-1.005000,-0.019000,0.009500
2418,2418000,-1.005000,-0.019000,0.009500
2424,2424000,-1.005000,-0.019000,0.009500
2430,2430000,-1.005000,-0.019000,0.009500
2436,2436000,-1.005000,-0.019000,0.009500
2442,2442000,-1.005000,-0.019000,0.009500
2448,2448000,-1.005000,-0.019000,0.009500
2454,2454000,-1.005000,-0.019000,0.009500
2460,2460000,-1.005000,-0.019000,0.009500
2466,2466000,-1.005000,-0.019000,0.009500
2472,2472000,-1.005000,-0.019000,0.009500
2478,2478000,-1.005000,-0.019000,0.009500
2484,2484000,-1.005000,-0.019000,0.009500
2490,2490000,-1.005000,-0.019000,0.009500
2496,2496000,-1.005000,-0.019000,0.009500
2502,2502000,-1.005000,-0.019000,0.009500
2508,2508000,-1.005000,-0.019000,0.009500
2514,2514000,-1.005000,-0.019000,0.009500
2520,2520000,-1.005000,-0.019000,0.009500
2526,2526000,-1.005000,-0.019000,0.009500
2532,2532000,-1.005000,-0.019000,0.009500
2538,2538000,-1.005000,-0.019000,0.009500
2544,2544000,-1.005000,-0.019000,0.009500
2550,2550000,-1.005000,-0.019000,0.009500
2556,2556000,-1.005000,-0.019000,0.009500
2562,2562000,-1.005000,-0.019000,0.009500
2568,2568000,-1.005000,-0.019000,0.009500
2574,2574000,-1.005000,-0.019000,0.009500
2580,2580000,-1.005000,-0.019000,0.009500
2586,2586000,-1.005000,-0.019000,0.009500
2592,2592000,-1.005000,-0.019000,0.009500
2598,2598000,-1.005000,-0.019000,0.009500
2604,2604000,-1.005000,-0.019000,0.009500
2610,2610000,-1.005000,-0.019000,0.009500
2616,2616000,-1.005000,-0.019000,0.009500
2622,2622000,-1.005000,-0.019000,0.009500
2628,2628000,-1.005000,-0.019000,0.009500
2634,2634000,-1.005000,-0.019000,0.009500
2640,2640000,-1.005000,-0.019000,0.009500
2646,2646000,-1.005000,-0.019000,0.009500
2652,2652000,-1.005000,-0.019000,0.009500
2658,2658000,-1.005000,-0.019000,0.009500
2664,2664000,-1.005000,-0.019000,0.009500
2670,2670000,-1.005000,-0.019000,0.009500
2676,2676000,-1.005000,-0.019000,0.009500
2682,2682000,-1.005000,-0.019000,0.009500
2688,2688000,-1.005000,-0.019000,0.009500
2694,2694000,-1.005000,-0.019000,0.009500
2700,2700000,-0.997500,-0.019000,0.009500
2706,2706000,-0.997500,-0.019000,0.009500
2712,2712000,-0.997500,-0.019000,0.009500
2718,2718000,-0.997500,-0.019000,0.009500
2724,2724000,-0.997500,-0.019000,0.009500
2730,2730000,-0.997500,-0.019000,0.009500
2736,2736000,-0.997500,-0.019000,0.009500
2742,2742000,-0.997500,-0.019000,0.009500
2748,2748000,-0.997500,-0.019000,0.009500
2754,2754000,-0.997500,-0.019000,0.009500
2760,2760000,-0.997500,-0.019000,0.009500
2766,2766000,-0.997500,-0.019000,0.009500
2772,2772000,-0.997500,-0.019000,0.009500
2778,2778000,-0.997500,-0.019000,0.009500
2784,2784000,-0.997500,-0.019000,0.009500
2790,2790000,-0.997500,-0.019000,0.009500
2796,2796000,-0.997500,-0.019000,0.009500
2802,2802000,-0.997500,-0.019000,0.009500
2808,2808000,-0.997500,-0.019000,0.009500
2814,2814000,-0.997500,-0.019000,0.009500
2820,2820000,-0.997500,-0.019000,0.009500
2826,2826000,-0.997500,-0.019000,0.009500
2832,2832000,-0.997500,-0.019000,0.009500
2838,2838000,-0.997500,-0.019000,0.009500
2844,2844000,-0.997500,-0.019000,0.009500
2850,2850000,-0.997500,-0.019000,0.009500
2856,2856000,-0.997500,-0.019000,0.009500
2862,2862000,-0.997500,-0.019000,0.009500
2868,2868000,-0.997500,-0.019000,0.009500
2874,2874000,-0.997500,-0.019000,0.009500
2880,2880000,-0.997500,-0.019000,0.009500
2886,2886000,-0.997500,-0.019000,0.009500
2892,2892000,-0.997500,-0.019000,0.009500
2898,2898000,-0.997500,-0.019000,0.009500
2904,2904000,-0.997500,-0.019000,0.009500
2910,2910000,-0.997500,-0.019000,0.009500
2916,2916000,-0.997500,-0.019000,0.009500
2922,2922000,-0.997500,-0.019000,0.009500
2928,2928000,-0.997500,-0.019000,0.009500
2934,2934000,-0.997500,-0.019000,0.009500
2940,2940000,-0.997500,-0.019000,0.009500
2946,2946000,-0.997500,-0.019000,0.009500
2952,2952000,-0.997500,-0.019000,0.009500
2958,2958000,-0.997500,-0.019000,0.009500
2964,2964000,-0.997500,-0.019000,0.009500
2970,2970000,-0.997500,-0.019000,0.009500
2976,2976000,-0.997500,-0.019000,0.009500
2982,2982000,-0.997500,-0.019000,0.009500
2988,2988000,-0.997500,-0.019000,0.009500
2994,2994000,-0.997500,-0.019000,0.009500
3000,3000000,-0.997500,0.009500,0.009500
3006,3006000,-0.997500,0.009500,0.009500
3012,3012000,-0.997500,0.009500,0.009500
3018,3018000,-0.997500,0.009500,0.009500
3024,3024000,-0.997500,0.009500,0.009500
3030,3030000,-0.997500,0.009500,0.009500
3036,3036000,-0.997500,0.009500,0.009500
3042,3042000,-0.997500,0.009500,0.009500
3048,3048000,-0.997500,0.009500,0.009500
3054,3054000,-0.997500,0.009500,0.009500
3060,3060000,-0.997500,0.009500,0.009500
3066,3066000,-0.997500,0.009500,0.009500
3072,3072000,-0.997500,0.009500,0.009500
3078,3078000,-0.997500,0.009500,0.009500
3084,3084000,-0.997500,0.009500,0.009500
3090,3090000,-0.997500,0.009500,0.009500
3096,3096000,-0.997500,0.009500,0.009500
3102,3102000,-0.997500,0.009500,0.009500
3108,3108000,-0.997500,0.009500,0.009500
3114,3114000,-0.997500,0.009500,0.009500
3120,3120000,-0.997500,0.009500,0.009500
3126,3126000,-0.997500,0.009500,0.009500
3132,3132000,-0.997500,0.009500,0.009500
3138,3138000,-0.997500,0.009500,0.009500
3144,3144000,-0.997500,0.009500,0.009500
3150,3150000,-0.997500,0.009500,0.009500
3156,3156000,-0.997500,0.009500,0.009500
3162,3162000,-0.997500,0.009500,0.009500
3168,3168000,-0.997500,0.009500,0.009500
3174,3174000,-0.997500,0.009500,0.009500
3180,3180000,-0.997500,0.009500,0.009500
3186,3186000,-0.997500,0.009500,0.009500
3192,3192000,-0.997500,0.009500,0.009500
3198,3198000,-0.997500,0.009500,0.009500
3204,3204000,-0.997500,0.009500,0.009500
3210,3210000,-0.997500,0.009500,0.009500
3216,3216000,-0.997500,0.009500,0.009500
3222,3222000,-0.997500,0.009500,0.009500
3228,3228000,-0.997500,0.009500,0.009500
3234,3234000,-0.997500,0.009500,0.009500
3240,3240000,-0.997500,0.009500,0.009500
3246,3246000,-0.997500,0.009500,0.009500
3252,3252000,-0.997500,0.009500,0.009500
3258,3258000,-0.997500,0.009500,0.009500
3264,3264000,-0.997500,0.009500,0.009500
3270,3270000,-0.997500,0.009500,0.009500
3276,3276000,-0.997500,0.009500,0.009500
3282,3282000,-0.997500,0.009500,0.009500
3288,3288000,-0.997500,0.009500,0.009500
3294,3294000,-0.997500,0.009500,0.009500
3300,3300000,-0.997500,0.009500,0.009500
3306,3306000,-0.997500,0.009500,0.009500
3312,3312000,-0.997500,0.009500,0.009500
3318,3318000,-0.997500,0.009500,0.009500
3324,3324000,-0.997500,0.009500,0.009500
3330,3330000,-0.997500,0.009500,0.009500
3336,3336000,-0.997500,0.009500,0.009500
3342,3342000,-0.997500,0.009500,0.009500
3348,3348000,-0.997500,0.009500,0.009500
3354,3354000,-0.997500,0.009500,0.009500
3360,3360000,-0.997500,0.009500,0.009500
3366,3366000,-0.997500,0.009500,0.009500
3372,3372000,-0.997500,0.009500,0.009500
3378,3378000,-0.997500,0.009500,0.009500
3384,3384000,-0.997500,0.009500,0.009500
3390,3390000,-0.997500,0.009500,0.009500
3396,3396000,-0.997500,0.009500,0.009500
3402,3402000,-0.997500,0.009500,0.009500
3408,3408000,-0.997500,0.009500,0.009500
3414,3414000,-0.997500,0.009500,0.009500
3420,3420000,-0.997500,0.009500,0.009500
3426,3426000,-0.997500,0.009500,0.009500
3432,3432000,-0.997500,0.009500,0.009500
3438,3438000,-0.997500,0.009500,0.009500
3444,3444000,-0.997500,0.009500,0.009500
3450,3450000,-0.997500,0.009500,0.009500
3456,3456000,-0.997500,0.009500,0.009500
3462,3462000,-0.997500,0.009500,0.009500
3468,3468000,-0.997500,0.009500,0.009500
3474,3474000,-0.997500,0.009500,0.009500
3480,3480000,-0.997500,0.009500,0.009500
3486,3486000,-0.997500,0.009500,0.009500
3492,3492000,-0.997500,0.009500,0.009500
3498,3498000,-0.997500,0.009500,0.009500
3504,3504000,-0.997500,0.009500,0.009500
3510,3510000,-0.997500,0.009500,0.009500
3516,3516000,-0.997500,0.009500,0.009500
3522,3522000,-0.997500,0.009500,0.009500
3528,3528000,-0.997500,0.009500,0.009500
3534,3534000,-0.997500,0.009500,0.009500
3540,3540000,-0.997500,0.009500,0.009500
3546,3546000,-0.997500,0.009500,0.009500
3552,3552000,-0.997500,0.009500,0.009500
3558,3558000,-0.997500,0.009500,0.009500
3564,3564000,-0.997500,0.009500,0.009500
3570,3570000,-0.997500,0.009500,0.009500
3576,3576000,-0.997500,0.009500,0.009500
3582,3582000,-0.997500,0.009500,0.009500
3588,3588000,-0.997500,0.009500,0.009500
3594,3594000,-0.997500,0.009500,0.009500
3600,3600000,-0.997500,0.009500,0.009500
3606,3606000,-0.997500,0.009500,0.009500
3612,3612000,-0.997500,0.009500,0.009500
3618,3618000,-0.997500,0.009500,0.009500
3624,3624000,-0.997500,0.009500,0.009500
3630,3630000,-0.997500,0.009500,0.009500
3636,3636000,-0.997500,0.009500,0.009500
3642,3642000,-0.997500,0.009500,0.009500
3648,3648000,-0.997500,0.009500,0.009500
3654,3654000,-0.997500,0.009500,0.009500
3660,3660000,-0.997500,0.009500,0.009500
3666,3666000,-0.997500,0.009500,0.009500
3672,3672000,-0.997500,0.009500,0.009500
3678,3678000,-0.997500,0.009500,0.009500
3684,3684000,-0.997500,0.009500,0.009500
3690,3690000,-0.997500,0.009500,0.009500
3696,3696000,-0.997500,0.009500,0.009500
3702,3702000,-0.997500,0.009500,0.009500
3708,3708000,-0.997500,0.009500,0.009500
3714,3714000,-0.997500,0.009500,0.009500
3720,3720000,-0.997500,0.009500,0.009500
3726,3726000,-0.997500,0.009500,0.009500
3732,3732000,-0.997500,0.009500,0.009500
3738,3738000,-0.997500,0.009500,0.009500
3744,3744000,-0.997500,0.009500,0.009500
3750,3750000,-0.997500,0.009500,-0.009500
3756,3756000,-0.997500,0.009500,-0.009500
3762,3762000,-0.997500,0.009500,-0.009500
3768,3768000,-0.997500,0.009500,-0.009500
3774,3774000,-0.997500,0.009500,-0.009500
3780,3780000,-0.997500,0.009500,-0.009500
3786,3786000,-0.997500,0.009500,-0.009500
3792,3792000,-0.997500,0.009500,-0.009500
3798,3798000,-0.997500,0.009500,-0.009500
3804,3804000,-0.997500,0.009500,-0.009500
3810,3810000,-0.997500,0.009500,-0.009500
3816,3816000,-0.997500,0.009500,-0.009500
3822,3822000,-0.997500,0.009500,-0.009500
3828,3828000,-0.997500,0.009500,-0.009500
3834,3834000,-0.997500,0.009500,-0.009500
3840,3840000,-0.997500,0.009500,-0.009500
3846,3846000,-0.997500,0.009500,-0.009500
3852,3852000,-0.997500,0.009500,-0.009500
3858,3858000,-0.997500,0.009500,-0.009500
3864,3864000,-0.997500,0.009500,-0.009500
3870,3870000,-0.997500,0.009500,-0.009500
3876,3876000,-0.997500,0.009500,-0.009500
3882,3882000,-0.997500,0.009500,-0.009500
3888,3888000,-0.997500,0.009500,-0.009500
3894,3894000,-0.997500,0.009500,-0.009500
3900,3900000,-0.997500,0.009500,-0.009500
3906,3906000,-0.997500,0.009500,-0.009500
3912,3912000,-0.997500,0.009500,-0.009500
3918,3918000,-0.997500,0.009500,-0.009500
3924,3924000,-0.997500,0.009500,-0.009500
3930,3930000,-0.997500,0.009500,-0.009500
3936,3936000,-0.997500,0.009500,-0.009500
3942,3942000,-0.997500,0.009500,-0.009500
3948,3948000,-0.997500,0.009500,-0.009500
3954,3954000,-0.997500,0.009500,-0.009500
3960,3960000,-0.997500,0.009500,-0.009500
3966,3966000,-0.997500,0.009500,-0.009500
3972,3972000,-0.997500,0.009500,-0.009500
3978,3978000,-0.997500,0.009500,-0.009500
3984,3984000,-0.997500,0.009500,-0.009500
3990,3990000,-0.997500,0.009500,-0.009500
3996,3996000,-0.997500,0.009500,-0.009500
4002,4002000,-0.997500,0.009500,-0.009500
4008,4008000,-0.997500,0.009500,-0.009500
4014,4014000,-0.997500,0.009500,-0.009500
4020,4020000,-0.997500,0.009500,-0.009500
4026,4026000,-0.997500,0.009500,-0.009500
4032,4032000,-0.997500,0.009500,-0.009500
4038,4038000,-0.997500,0.009500,-0.009500
4044,4044000,-0.997500,0.009500,-0.009500
4050,4050000,-0.997500,0.009500,-0.009500
4056,4056000,-0.997500,0.009500,-0.009500
4062,4062000,-0.997500,0.009500,-0.009500
4068,4068000,-0.997500,0.009500,-0.009500
4074,4074000,-0.997500,0.009500,-0.009500
4080,4080000,-0.997500,0.009500,-0.009500
4086,4086000,-0.997500,0.009500,-0.009500
4092,4092000,-0.997500,0.009500,-0.009500
4098,4098000,-0.997500,0.009500,-0.009500
4104,4104000,-0.997500,0.009500,-0.009500
4110,4110000,-0.997500,0.009500,-0.009500
4116,4116000,-0.997500,0.009500,-0.009500
4122,4122000,-0.997500,0.009500,-0.009500
4128,4128000,-0.997500,0.009500,-0.009500
4134,4134000,-0.997500,0.009500,-0.009500
4140,4140000,-0.997500,0.009500,-0.009500
4146,4146000,-0.997500,0.009500,-0.009500
4152,4152000,-0.997500,0.009500,-0.009500
4158,4158000,-0.997500,0.009500,-0.009500
4164,4164000,-0.997500,0.009500,-0.009500
4170,4170000,-0.997500,0.009500,-0.009500
4176,4176000,-0.997500,0.009500,-0.009500
4182,4182000,-0.997500,0.009500,-0.009500
4188,4188000,-0.997500,0.009500,-0.009500
4194,4194000,-0.997500,0.009500,-0.009500
4200,4200000,-1.002500,0.009500,-0.009500
4206,4206000,-1.002500,0.009500,-0.009500
4212,4212000,-1.002500,0.009500,-0.009500
4218,4218000,-1.002500,0.009500,-0.009500
4224,4224000,-1.002500,0.009500,-0.009500
4230,4230000,-1.002500,0.009500,-0.009500
4236,4236000,-1.002500,0.009500,-0.009500
4242,4242000,-1.002500,0.009500,-0.009500
4248,4248000,-1.002500,0.009500,-0.009500
4254,4254000,-1.002500,0.009500,-0.009500
4260,4260000,-1.002500,0.009500,-0.009500
4266,4266000,-1.002500,0.009500,-0.009500
4272,4272000,-1.002500,0.009500,-0.009500
4278,4278000,-1.002500,0.009500,-0.009500
4284,4284000,-1.002500,0.009500,-0.009500
4290,4290000,-1.002500,0.009500,-0.009500
4296,4296000,-1.002500,0.009500,-0.009500
4302,4302000,-1.002500,0.009500,-0.009500
4308,4308000,-1.002500,0.009500,-0.009500
4314,4314000,-1.002500,0.009500,-0.009500
4320,4320000,-1.002500,0.009500,-0.009500
4326,4326000,-1.002500,0.009500,-0.009500
4332,4332000,-1.002500,0.009500,-0.009500
4338,4338000,-1.002500,0.009500,-0.009500
4344,4344000,-1.002500,0.009500,-0.009500
4350,4350000,-1.002500,0.009500,-0.009500
4356,4356000,-1.002500,0.009500,-0.009500
4362,4362000,-1.002500,0.009500,-0.009500
4368,4368000,-1.002500,0.009500,-0.009500
4374,4374000,-1.002500,0.009500,-0.009500
4380,4380000,-1.002500,0.009500,-0.009500
4386,4386000,-1.002500,0.009500,-0.009500
4392,4392000,-1.002500,0.009500,-0.009500
4398,4398000,-1.002500,0.009500,-0.009500
4404,4404000,-1.002500,0.009500,-0.009500
4410,4410000,-1.002500,0.009500,-0.009500
4416,4416000,-1.002500,0.009500,-0.009500
4422,4422000,-1.002500,0.009500,-0.009500
4428,4428000,-1.002500,0.009500,-0.009500
4434,4434000,-1.002500,0.009500,-0.009500
4440,4440000,-1.002500,0.009500,-0.009500
4446,4446000,-1.002500,0.009500,-0.009500
4452,4452000,-1.002500,0.009500,-0.009500
4458,4458000,-1.002500,0.009500,-0.009500
4464,4464000,-1.002500,0.009500,-0.009500
4470,4470000,-1.002500,0.009500,-0.009500
4476,4476000,-1.002500,0.009500,-0.009500
4482,4482000,-1.002500,0.009500,-0.009500
4488,4488000,-1.002500,0.009500,-0.009500
4494,4494000,-1.002500,0.009500,-0.009500
4500,4500000,-1.002500,-0.009500,-0.009500
4506,4506000,-1.002500,-0.009500,-0.009500
4512,4512000,-1.002500,-0.009500,-0.009500
4518,4518000,-1.002500,-0.009500,-0.009500
4524,4524000,-1.002500,-0.009500,-0.009500
4530,4530000,-1.002500,-0.009500,-0.009500
4536,4536000,-1.002500,-0.009500,-0.009500
4542,4542000,-1.002500,-0.009500,-0.009500
4548,4548000,-1.002500,-0.009500,-0.009500
4554,4554000,-1.002500,-0.009500,-0.009500
4560,4560000,-1.002500,-0.009500,-0.009500
4566,4566000,-1.002500,-0.009500,-0.009500
4572,4572000,-1.002500,-0.009500,-0.009500
4578,4578000,-1.002500,-0.009500,-0.009500
4584,4584000,-1.002500,-0.009500,-0.009500
4590,4590000,-1.002500,-0.009500,-0.009500
4596,4596000,-1.002500,-0.009500,-0.009500
4602,4602000,-1.002500,-0.009500,-0.009500
4608,4608000,-1.002500,-0.009500,-0.009500
4614,4614000,-1.002500,-0.009500,-0.009500
4620,4620000,-1.002500,-0.009500,-0.009500
4626,4626000,-1.002500,-0.009500,-0.009500
4632,4632000,-1.002500,-0.009500,-0.009500
4638,4638000,-1.002500,-0.009500,-0.009500
4644,4644000,-1.002500,-0.009500,-0.009500
4650,4650000,-1.002500,-0.009500,-0.009500
4656,4656000,-1.002500,-0.009500,-0.009500
4662,4662000,-1.002500,-0.009500,-0.009500
4668,4668000,-1.002500,-0.009500,-0.009500
4674,4674000,-1.002500,-0.009500,-0.009500
4680,4680000,-1.002500,-0.009500,-0.009500
4686,4686000,-1.002500,-0.009500,-0.009500
4692,4692000,-1.002500,-0.009500,-0.009500
4698,4698000,-1.002500,-0.009500,-0.009500
4704,4704000,-1.002500,-0.009500,-0.009500
4710,4710000,-1.002500,-0.009500,-0.009500
4716,4716000,-1.002500,-0.009500,-0.009500
4722,4722000,-1.002500,-0.009500,-0.009500
4728,4728000,-1.002500,-0.009500,-0.009500
4734,4734000,-1.002500,-0.009500,-0.009500
4740,4740000,-1.002500,-0.009500,-0.009500
4746,4746000,-1.002500,-0.009500,-0.009500
4752,4752000,-1.002500,-0.009500,-0.009500
4758,4758000,-1.002500,-0.009500,-0.009500
4764,4764000,-1.002500,-0.009500,-0.009500
4770,4770000,-1.002500,-0.009500,-0.009500
4776,4776000,-1.002500,-0.009500,-0.009500
4782,4782000,-1.002500,-0.009500,-0.009500
4788,4788000,-1.002500,-0.009500,-0.009500
4794,4794000,-1.002500,-0.009500,-0.009500
4800,4800000,-1.002500,-0.009500,-0.009500
4806,4806000,-1.002500,-0.009500,-0.009500
4812,4812000,-1.002500,-0.009500,-0.009500
4818,4818000,-1.002500,-0.009500,-0.009500
4824,4824000,-1.002500,-0.009500,-0.009500
4830,4830000,-1.002500,-0.009500,-0.009500
4836,4836000,-1.002500,-0.009500,-0.009500
4842,4842000,-1.002500,-0.009500,-0.009500
4848,4848000,-1.002500,-0.009500,-0.009500
4854,4854000,-1.002500,-0.009500,-0.009500
4860,4860000,-1.002500,-0.009500,-0.009500
4866,4866000,-1.002500,-0.009500,-0.009500
4872,4872000,-1.002500,-0.009500,-0.009500
4878,4878000,-1.002500,-0.009500,-0.009500
4884,4884000,-1.002500,-0.009500,-0.009500
4890,4890000,-1.002500,-0.009500,-0.009500
4896,4896000,-1.002500,-0.009500,-0.009500
4902,4902000,-1.002500,-0.009500,-0.009500
4908,4908000,-1.002500,-0.009500,-0.009500
4914,4914000,-1.002500,-0.009500,-0.009500
4920,4920000,-1.002500,-0.009500,-0.009500
4926,4926000,-1.002500,-0.009500,-0.009500
4932,4932000,-1.002500,-0.009500,-0.009500
4938,4938000,-1.002500,-0.009500,-0.009500
4944,4944000,-1.002500,-0.009500,-0.009500
4950,4950000,-1.002500,-0.009500,-0.009500
4956,4956000,-1.002500,-0.009500,-0.009500
4962,4962000,-1.002500,-0.009500,-0.009500
4968,4968000,-1.002500,-0.009500,-0.009500
4974,4974000,-1.002500,-0.009500,-0.009500
4980,4980000,-1.002500,-0.009500,-0.009500
4986,4986000,-1.002500,-0.009500,-0.009500
4992,4992000,-1.002500,-0.009500,-0.009500
4998,4998000,-1.002500,-0.009500,-0.009500
5004,5004000,-1.002500,-0.009500,-0.009500
5010,5010000,-1.002500,-0.009500,-0.009500
5016,5016000,-1.002500,-0.009500,-0.009500
5022,5022000,-1.002500,-0.009500,-0.009500
5028,5028000,-1.002500,-0.009500,-0.009500
5034,5034000,-1.002500,-0.009500,-0.009500
5040,5040000,-1.002500,-0.009500,-0.009500
5046,5046000,-1.002500,-0.009500,-0.009500
5052,5052000,-1.002500,-0.009500,-0.009500
5058,5058000,-1.002500,-0.009500,-0.009500
5064,5064000,-1.002500,-0.009500,-0.009500
5070,5070000,-1.002500,-0.009500,-0.009500
5076,5076000,-1.002500,-0.009500,-0.009500
5082,5082000,-1.002500,-0.009500,-0.009500
5088,5088000,-1.002500,-0.009500,-0.009500
5094,5094000,-1.002500,-0.009500,-0.009500
5100,5100000,-1.002500,-0.009500,-0.009500
5106,5106000,-1.002500,-0.009500,-0.009500
5112,5112000,-1.002500,-0.009500,-0.009500
5118,5118000,-1.002500,-0.009500,-0.009500
5124,5124000,-1.002500,-0.009500,-0.009500
5130,5130000,-1.002500,-0.009500,-0.009500
5136,5136000,-1.002500,-0.009500,-0.009500
5142,5142000,-1.002500,-0.009500,-0.009500
5148,5148000,-1.002500,-0.009500,-0.009500
5154,5154000,-1.002500,-0.009500,-0.009500
5160,5160000,-1.002500,-0.009500,-0.009500
5166,5166000,-1.002500,-0.009500,-0.009500
5172,5172000,-1.002500,-0.009500,-0.009500
5178,5178000,-1.002500,-0.009500,-0.009500
5184,5184000,-1.002500,-0.009500,-0.009500
5190,5190000,-1.002500,-0.009500,-0.009500
5196,5196000,-1.002500,-0.009500,-0.009500
5202,5202000,-1.002500,-0.009500,-0.009500
5208,5208000,-1.002500,-0.009500,-0.009500
5214,5214000,-1.002500,-0.009500,-0.009500
5220,5220000,-1.002500,-0.009500,-0.009500
5226,5226000,-1.002500,-0.009500,-0.009500
5232,5232000,-1.002500,-0.009500,-0.009500
5238,5238000,-1.002500,-0.009500,-0.009500
5244,5244000,-1.002500,-0.009500,-0.009500
5250,5250000,-1.002500,-0.009500,0.019000
5256,5256000,-1.002500,-0.009500,0.019000
5262,5262000,-1.002500,-0.009500,0.019000
5268,5268000,-1.002500,-0.009500,0.019000
5274,5274000,-1.002500,-0.009500,0.019000
5280,5280000,-1.002500,-0.009500,0.019000
5286,5286000,-1.002500,-0.009500,0.019000
5292,5292000,-1.002500,-0.009500,0.019000
5298,5298000,-1.002500,-0.009500,0.019000
5304,5304000,-1.002500,-0.009500,0.019000
5310,5310000,-1.002500,-0.009500,0.019000
5316,5316000,-1.002500,-0.009500,0.019000
5322,5322000,-1.002500,-0.009500,0.019000
5328,5328000,-1.002500,-0.009500,0.019000
5334,5334000,-1.002500,-0.009500,0.019000
5340,5340000,-1.002500,-0.009500,0.019000
5346,5346000,-1.002500,-0.009500,0.019000
5352,5352000,-1.002500,-0.009500,0.019000
5358,5358000,-1.002500,-0.009500,0.019000
5364,5364000,-1.002500,-0.009500,0.019000
5370,5370000,-1.002500,-0.009500,0.019000
5376,5376000,-1.002500,-0.009500,0.019000
5382,5382000,-1.002500,-0.009500,0.019000
5388,5388000,-1.002500,-0.009500,0.019000
5394,5394000,-1.002500,-0.009500,0.019000
5400,5400000,-1.002500,-0.009500,0.019000
5406,5406000,-1.002500,-0.009500,0.019000
5412,5412000,-1.002500,-0.009500,0.019000
5418,5418000,-1.002500,-0.009500,0.019000
5424,5424000,-1.002500,-0.009500,0.019000
5430,5430000,-1.002500,-0.009500,0.019000
5436,5436000,-1.002500,-0.009500,0.019000
5442,5442000,-1.002500,-0.009500,0.019000
5448,5448000,-1.002500,-0.009500,0.019000
5454,5454000,-1.002500,-0.009500,0.019000
5460,5460000,-1.002500,-0.009500,0.019000
5466,5466000,-1.002500,-0.009500,0.019000
5472,5472000,-1.002500,-0.009500,0.019000
5478,5478000,-1.002500,-0.009500,0.019000
5484,5484000,-1.002500,-0.009500,0.019000
5490,5490000,-1.002500,-0.009500,0.019000
5496,5496000,-1.002500,-0.009500,0.019000
5502,5502000,-1.002500,-0.009500,0.019000
5508,5508000,-1.002500,-0.009500,0.019000
5514,5514000,-1.002500,-0.009500,0.019000
5520,5520000,-1.002500,-0.009500,0.019000
5526,5526000,-1.002500,-0.009500,0.019000
5532,5532000,-1.002500,-0.009500,0.019000
5538,5538000,-1.002500,-0.009500,0.019000
5544,5544000,-1.002500,-0.009500,0.019000
5550,5550000,-1.002500,-0.009500,0.019000
5556,5556000,-1.002500,-0.009500,0.019000
5562,5562000,-1.002500,-0.009500,0.019000
5568,5568000,-1.002500,-0.009500,0.019000
5574,5574000,-1.002500,-0.009500,0.019000
5580,5580000,-1.002500,-0.009500,0.019000
5586,5586000,-1.002500,-0.009500,0.019000
5592,5592000,-1.002500,-0.009500,0.019000
5598,5598000,-1.002500,-0.009500,0.019000
5604,5604000,-1.002500,-0.009500,0.019000
5610,5610000,-1.002500,-0.009500,0.019000
5616,5616000,-1.002500,-0.009500,0.019000
5622,5622000,-1.002500,-0.009500,0.019000
5628,5628000,-1.002500,-0.009500,0.019000
5634,5634000,-1.002500,-0.009500,0.019000
5640,5640000,-1.002500,-0.009500,0.019000
5646,5646000,-1.002500,-0.009500,0.019000
5652,5652000,-1.002500,-0.009500,0.019000
5658,5658000,-1.002500,-0.009500,0.019000
5664,5664000,-1.002500,-0.009500,0.019000
5670,5670000,-1.002500,-0.009500,0.019000
5676,5676000,-1.002500,-0.009500,0.019000
5682,5682000,-1.002500,-0.009500,0.019000
5688,5688000,-1.002500,-0.009500,0.019000
5694,5694000,-1.002500,-0.009500,0.019000
5700,5700000,-0.995000,-0.009500,0.019000
5706,5706000,-0.995000,-0.009500,0.019000
5712,5712000,-0.995000,-0.009500,0.019000
5718,5718000,-0.995000,-0.009500,0.019000
5724,5724000,-0.995000,-0.009500,0.019000
5730,5730000,-0.995000,-0.009500,0.019000
5736,5736000,-0.995000,-0.009500,0.019000
5742,5742000,-0.995000,-0.009500,0.019000
5748,5748000,-0.995000,-0.009500,0.019000
5754,5754000,-0.995000,-0.009500,0.019000
5760,5760000,-0.995000,-0.009500,0.019000
5766,5766000,-0.995000,-0.009500,0.019000
5772,5772000,-0.995000,-0.009500,0.019000
5778,5778000,-0.995000,-0.009500,0.019000
5784,5784000,-0.995000,-0.009500,0.019000
5790,5790000,-0.995000,-0.009500,0.019000
5796,5796000,-0.995000,-0.009500,0.019000
5802,5802000,-0.995000,-0.009500,0.019000
5808,5808000,-0.995000,-0.009500,0.019000
5814,5814000,-0.995000,-0.009500,0.019000
5820,5820000,-0.995000,-0.009500,0.019000
5826,5826000,-0.995000,-0.009500,0.019000
5832,5832000,-0.995000,-0.009500,0.019000
5838,5838000,-0.995000,-0.009500,0.019000
5844,5844000,-0.995000,-0.009500,0.019000
5850,5850000,-0.995000,-0.009500,0.019000
5856,5856000,-0.995000,-0.009500,0.019000
5862,5862000,-0.995000,-0.009500,0.019000
5868,5868000,-0.995000,-0.009500,0.019000
5874,5874000,-0.995000,-0.009500,0.019000
5880,5880000,-0.995000,-0.009500,0.019000
5886,5886000,-0.995000,-0.009500,0.019000
5892,5892000,-0.995000,-0.009500,0.019000
5898,5898000,-0.995000,-0.009500,0.019000
5904,5904000,-0.995000,-0.009500,0.019000
5910,5910000,-0.995000,-0.009500,0.019000
5916,5916000,-0.995000,-0.009500,0.019000
5922,5922000,-0.995000,-0.009500,0.019000
5928,5928000,-0.995000,-0.009500,0.019000
5934,5934000,-0.995000,-0.009500,0.019000
5940,5940000,-0.995000,-0.009500,0.019000
5946,5946000,-0.995000,-0.009500,0.019000
5952,5952000,-0.995000,-0.009500,0.019000
5958,5958000,-0.995000,-0.009500,0.019000
5964,5964000,-0.995000,-0.009500,0.019000
5970,5970000,-0.995000,-0.009500,0.019000
5976,5976000,-0.995000,-0.009500,0.019000
5982,5982000,-0.995000,-0.009500,0.019000
5988,5988000,-0.995000,-0.009500,0.019000
5994,5994000,-0.995000,-0.009500,0.019000
6000,6000000,-0.995000,0.019000,0.019000
6006,6006000,-0.995000,0.019000,0.019000
6012,6012000,-0.995000,0.019000,0.019000
6018,6018000,-0.995000,0.019000,0.019000
6024,6024000,-0.995000,0.019000,0.019000
6030,6030000,-0.995000,0.019000,0.019000
6036,6036000,-0.995000,0.019000,0.019000
6042,6042000,-0.995000,0.019000,0.019000
6048,6048000,-0.995000,0.019000,0.019000
6054,6054000,-0.995000,0.019000,0.019000
6060,6060000,-0.995000,0.019000,0.019000
6066,6066000,-0.995000,0.019000,0.019000
6072,6072000,-0.995000,0.019000,0.019000
6078,6078000,-0.995000,0.019000,0.019000
6084,6084000,-0.995000,0.019000,0.019000
6090,6090000,-0.995000,0.019000,0.019000
6096,6096000,-0.995000,0.019000,0.019000
6102,6102000,-0.995000,0.019000,0.019000
6108,6108000,-0.995000,0.019000,0.019000
6114,6114000,-0.995000,0.019000,0.019000
6120,6120000,-0.995000,0.019000,0.019000
6126,6126000,-0.995000,0.019000,0.019000
6132,6132000,-0.995000,0.019000,0.019000
6138,6138000,-0.995000,0.019000,0.019000
6144,6144000,-0.995000,0.019000,0.019000
6150,6150000,-0.995000,0.019000,0.019000
6156,6156000,-0.995000,0.019000,0.019000
6162,6162000,-0.995000,0.019000,0.019000
6168,6168000,-0.995000,0.019000,0.019000
6174,6174000,-0.995000,0.019000,0.019000
6180,6180000,-0.995000,0.019000,0.019000
6186,6186000,-0.995000,0.019000,0.019000
6192,6192000,-0.995000,0.019000,0.019000
6198,6198000,-0.995000,0.019000,0.019000
6204,6204000,-0.995000,0.019000,0.019000
6210,6210000,-0.995000,0.019000,0.019000
6216,6216000,-0.995000,0.019000,0.019000
6222,6222000,-0.995000,0.019000,0.019000
6228,6228000,-0.995000,0.019000,0.019000
6234,6234000,-0.995000,0.019000,0.019000
6240,6240000,-0.995000,0.019000,0.019000
6246,6246000,-0.995000,0.019000,0.019000
6252,6252000,-0.995000,0.019000,0.019000
6258,6258000,-0.995000,0.019000,0.019000
6264,6264000,-0.995000,0.019000,0.019000
6270,6270000,-0.995000,0.019000,0.019000
6276,6276000,-0.995000,0.019000,0.019000
6282,6282000,-0.995000,0.019000,0.019000
6288,6288000,-0.995000,0.019000,0.019000
6294,6294000,-0.995000,0.019000,0.019000
6300,6300000,-0.995000,0.019000,0.019000
6306,6306000,-0.995000,0.019000,0.019000
6312,6312000,-0.995000,0.019000,0.019000
6318,6318000,-0.995000,0.019000,0.019000
6324,6324000,-0.995000,0.019000,0.019000
6330,6330000,-0.995000,0.019000,0.019000
6336,6336000,-0.995000,0.019000,0.019000
6342,6342000,-0.995000,0.019000,0.019000
6348,6348000,-0.995000,0.019000,0.019000
6354,6354000,-0.995000,0.019000,0.019000
6360,6360000,-0.995000,0.019000,0.019000
6366,6366000,-0.995000,0.019000,0.019000
6372,6372000,-0.995000,0.019000,0.019000
6378,6378000,-0.995000,0.019000,0.019000
6384,6384000,-0.995000,0.019000,0.019000
6390,6390000,-0.995000,0.019000,0.019000
6396,6396000,-0.995000,0.019000,0.019000
6402,6402000,-0.995000,0.019000,0.019000
6408,6408000,-0.995000,0.019000,0.019000
6414,6414000,-0.995000,0.019000,0.019000
6420,6420000,-0.995000,0.019000,0.019000
6426,6426000,-0.995000,0.019000,0.019000
6432,6432000,-0.995000,0.019000,0.019000
6438,6438000,-0.995000,0.019000,0.019000
6444,6444000,-0.995000,0.019000,0.019000
6450,6450000,-0.995000,0.019000,0.019000
6456,6456000,-0.995000,0.019000,0.019000
6462,6462000,-0.995000,0.019000,0.019000
6468,6468000,-0.995000,0.019000,0.019000
6474,6474000,-0.995000,0.019000,0.019000
6480,6480000,-0.995000,0.019000,0.019000
6486,6486000,-0.995000,0.019000,0.019000
6492,6492000,-0.995000,0.019000,0.019000
6498,6498000,-0.995000,0.019000,0.019000
6504,6504000,-0.995000,0.019000,0.019000
6510,6510000,-0.995000,0.019000,0.019000
6516,6516000,-0.995000,0.019000,0.019000
6522,6522000,-0.995000,0.019000,0.019000
6528,6528000,-0.995000,0.019000,0.019000
6534,6534000,-0.995000,0.019000,0.019000
6540,6540000,-0.995000,0.019000,0.019000
6546,6546000,-0.995000,0.019000,0.019000
6552,6552000,-0.995000,0.019000,0.019000
6558,6558000,-0.995000,0.019000,0.019000
6564,6564000,-0.995000,0.019000,0.019000
6570,6570000,-0.995000,0.019000,0.019000
6576,6576000,-0.995000,0.019000,0.019000
6582,6582000,-0.995000,0.019000,0.019000
6588,6588000,-0.995000,0.019000,0.019000
6594,6594000,-0.995000,0.019000,0.019000
6600,6600000,-0.995000,0.019000,0.019000
6606,6606000,-0.995000,0.019000,0.019000
6612,6612000,-0.995000,0.019000,0.019000
6618,6618000,-0.995000,0.019000,0.019000
6624,6624000,-0.995000,0.019000,0.019000
6630,6630000,-0.995000,0.019000,0.019000
6636,6636000,-0.995000,0.019000,0.019000
6642,6642000,-0.995000,0.019000,0.019000
6648,6648000,-0.995000,0.019000,0.019000
6654,6654000,-0.995000,0.019000,0.019000
6660,6660000,-0.995000,0.019000,0.019000
6666,6666000,-0.995000,0.019000,0.019000
6672,6672000,-0.995000,0.019000,0.019000
6678,6678000,-0.995000,0.019000,0.019000
6684,6684000,-0.995000,0.019000,0.019000
6690,6690000,-0.995000,0.019000,0.019000
6696,6696000,-0.995000,0.019000,0.019000
6702,6702000,-0.995000,0.019000,0.019000
6708,6708000,-0.995000,0.019000,0.019000
6714,6714000,-0.995000,0.019000,0.019000
6720,6720000,-0.995000,0.019000,0.019000
6726,6726000,-0.995000,0.019000,0.019000
6732,6732000,-0.995000,0.019000,0.019000
6738,6738000,-0.995000,0.019000,0.019000
6744,6744000,-0.995000,0.019000,0.019000
6750,6750000,-0.995000,0.019000,-0.019000
6756,6756000,-0.995000,0.019000,-0.019000
6762,6762000,-0.995000,0.019000,-0.019000
6768,6768000,-0.995000,0.019000,-0.019000
6774,6774000,-0.995000,0.019000,-0.019000
6780,6780000,-0.995000,0.019000,-0.019000
6786,6786000,-0.995000,0.019000,-0.019000
6792,6792000,-0.995000,0.019000,-0.019000
6798,6798000,-0.995000,0.019000,-0.019000
6804,6804000,-0.995000,0.019000,-0.019000
6810,6810000,-0.995000,0.019000,-0.019000
6816,6816000,-0.995000,0.019000,-0.019000
6822,6822000,-0.995000,0.019000,-0.019000
6828,6828000,-0.995000,0.019000,-0.019000
6834,6834000,-0.995000,0.019000,-0.019000
6840,6840000,-0.995000,0.019000,-0.019000
6846,6846000,-0.995000,0.019000,-0.019000
6852,6852000,-0.995000,0.019000,-0.019000
6858,6858000,-0.995000,0.019000,-0.019000
6864,6864000,-0.995000,0.019000,-0.019000
6870,6870000,-0.995000,0.019000,-0.019000
6876,6876000,-0.995000,0.019000,-0.019000
6882,6882000,-0.995000,0.019000,-0.019000
6888,6888000,-0.995000,0.019000,-0.019000
6894,6894000,-0.995000,0.019000,-0.019000
6900,6900000,-0.995000,0.019000,-0.019000
6906,6906000,-0.995000,0.019000,-0.019000
6912,6912000,-0.995000,0.019000,-0.019000
6918,6918000,-0.995000,0.019000,-0.019000
6924,6924000,-0.995000,0.019000,-0.019000
6930,6930000,-0.995000,0.019000,-0.019000
6936,6936000,-0.995000,0.019000,-0.019000
6942,6942000,-0.995000,0.019000,-0.019000
6948,6948000,-0.995000,0.019000,-0.019000
6954,6954000,-0.995000,0.019000,-0.019000
6960,6960000,-0.995000,0.019000,-0.019000
6966,6966000,-0.995000,0.019000,-0.019000
6972,6972000,-0.995000,0.019000,-0.019000
6978,6978000,-0.995000,0.019000,-0.019000
6984,6984000,-0.995000,0.019000,-0.019000
6990,6990000,-0.995000,0.019000,-0.019000
6996,6996000,-0.995000,0.019000,-0.019000
7002,7002000,-0.995000,0.019000,-0.019000
7008,7008000,-0.995000,0.019000,-0.019000
7014,7014000,-0.995000,0.019000,-0.019000
7020,7020000,-0.995000,0.019000,-0.019000
7026,7026000,-0.995000,0.019000,-0.019000
7032,7032000,-0.995000,0.019000,-0.019000
7038,7038000,-0.995000,0.019000,-0.019000
7044,7044000,-0.995000,0.019000,-0.019000
7050,7050000,-0.995000,0.019000,-0.019000
7056,7056000,-0.995000,0.019000,-0.019000
7062,7062000,-0.995000,0.019000,-0.019000
7068,7068000,-0.995000,0.019000,-0.019000
7074,7074000,-0.995000,0.019000,-0.019000
7080,7080000,-0.995000,0.019000,-0.019000
7086,7086000,-0.995000,0.019000,-0.019000
7092,7092000,-0.995000,0.019000,-0.019000
7098,7098000,-0.995000,0.019000,-0.019000
7104,7104000,-0.995000,0.019000,-0.019000
7110,7110000,-0.995000,0.019000,-0.019000
7116,7116000,-0.995000,0.019000,-0.019000
7122,7122000,-0.995000,0.019000,-0.019000
7128,7128000,-0.995000,0.019000,-0.019000
7134,7134000,-0.995000,0.019000,-0.019000
7140,7140000,-0.995000,0.019000,-0.019000
7146,7146000,-0.995000,0.019000,-0.019000
7152,7152000,-0.995000,0.019000,-0.019000
7158,7158000,-0.995000,0.019000,-0.019000
7164,7164000,-0.995000,0.019000,-0.019000
7170,7170000,-0.995000,0.019000,-0.019000
7176,7176000,-0.995000,0.019000,-0.019000
7182,7182000,-0.995000,0.019000,-0.019000
7188,7188000,-0.995000,0.019000,-0.019000
7194,7194000,-0.995000,0.019000,-0.019000
7200,7200000,-1.005000,0.019000,-0.019000
7206,7206000,-1.005000,0.019000,-0.019000
7212,7212000,-1.005000,0.019000,-0.019000
7218,7218000,-1.005000,0.019000,-0.019000
7224,7224000,-1.005000,0.019000,-0.019000
7230,7230000,-1.005000,0.019000,-0.019000
7236,7236000,-1.005000,0.019000,-0.019000
7242,7242000,-1.005000,0.019000,-0.019000
7248,7248000,-1.005000,0.019000,-0.019000
7254,7254000,-1.005000,0.019000,-0.019000
7260,7260000,-1.005000,0.019000,-0.019000
7266,7266000,-1.005000,0.019000,-0.019000
7272,7272000,-1.005000,0.019000,-0.019000
7278,7278000,-1.005000,0.019000,-0.019000
7284,7284000,-1.005000,0.019000,-0.019000
7290,7290000,-1.005000,0.019000,-0.019000
7296,7296000,-1.005000,0.019000,-0.019000
7302,7302000,-1.005000,0.019000,-0.019000
7308,7308000,-1.005000,0.019000,-0.019000
7314,7314000,-1.005000,0.019000,-0.019000
7320,7320000,-1.005000,0.019000,-0.019000
7326,7326000,-1.005000,0.019000,-0.019000
7332,7332000,-1.005000,0.019000,-0.019000
7338,7338000,-1.005000,0.019000,-0.019000
7344,7344000,-1.005000,0.019000,-0.019000
7350,7350000,-1.005000,0.019000,-0.019000
7356,7356000,-1.005000,0.019000,-0.019000
7362,7362000,-1.005000,0.019000,-0.019000
7368,7368000,-1.005000,0.019000,-0.019000
7374,7374000,-1.005000,0.019000,-0.019000
7380,7380000,-1.005000,0.019000,-0.019000
7386,7386000,-1.005000,0.019000,-0.019000
7392,7392000,-1.005000,0.019000,-0.019000
7398,7398000,-1.005000,0.019000,-0.019000
7404,7404000,-1.005000,0.019000,-0.019000
7410,7410000,-1.005000,0.019000,-0.019000
7416,7416000,-1.005000,0.019000,-0.019000
7422,7422000,-1.005000,0.019000,-0.019000
7428,7428000,-1.005000,0.019000,-0.019000
7434,7434000,-1.005000,0.019000,-0.019000
7440,7440000,-1.005000,0.019000,-0.019000
7446,7446000,-1.005000,0.019000,-0.019000
7452,7452000,-1.005000,0.019000,-0.019000
7458,7458000,-1.005000,0.019000,-0.019000
7464,7464000,-1.005000,0.019000,-0.019000
7470,7470000,-1.005000,0.019000,-0.019000
7476,7476000,-1.005000,0.019000,-0.019000
7482,7482000,-1.005000,0.019000,-0.019000
7488,7488000,-1.005000,0.019000,-0.019000
7494,7494000,-1.005000,0.019000,-0.019000
7500,7500000,-1.005000,-0.019000,-0.019000
7506,7506000,-1.005000,-0.019000,-0.019000
7512,7512000,-1.005000,-0.019000,-0.019000
7518,7518000,-1.005000,-0.019000,-0.019000
7524,7524000,-1.005000,-0.019000,-0.019000
7530,7530000,-1.005000,-0.019000,-0.019000
7536,7536000,-1.005000,-0.019000,-0.019000
7542,7542000,-1.005000,-0.019000,-0.019000
7548,7548000,-1.005000,-0.019000,-0.019000
7554,7554000,-1.005000,-0.019000,-0.019000
7560,7560000,-1.005000,-0.019000,-0.019000
7566,7566000,-1.005000,-0.019000,-0.019000
7572,7572000,-1.005000,-0.019000,-0.019000
7578,7578000,-1.005000,-0.019000,-0.019000
7584,7584000,-1.005000,-0.019000,-0.019000
7590,7590000,-1.005000,-0.019000,-0.019000
7596,7596000,-1.005000,-0.019000,-0.019000
7602,7602000,-1.005000,-0.019000,-0.019000
7608,7608000,-1.005000,-0.019000,-0.019000
7614,7614000,-1.005000,-0.019000,-0.019000
7620,7620000,-1.005000,-0.019000,-0.019000
7626,7626000,-1.005000,-0.019000,-0.019000
7632,7632000,-1.005000,-0.019000,-0.019000
7638,7638000,-1.005000,-0.019000,-0.019000
7644,7644000,-1.005000,-0.019000,-0.019000
7650,7650000,-1.005000,-0.019000,-0.019000
7656,7656000,-1.005000,-0.019000,-0.019000
7662,7662000,-1.005000,-0.019000,-0.019000
7668,7668000,-1.005000,-0.019000,-0.019000
7674,7674000,-1.005000,-0.019000,-0.019000
7680,7680000,-1.005000,-0.019000,-0.019000
7686,7686000,-1.005000,-0.019000,-0.019000
7692,7692000,-1.005000,-0.019000,-0.019000
7698,7698000,-1.005000,-0.019000,-0.019000
7704,7704000,-1.005000,-0.019000,-0.019000
7710,7710000,-1.005000,-0.019000,-0.019000
7716,7716000,-1.005000,-0.019000,-0.019000
7722,7722000,-1.005000,-0.019000,-0.019000
7728,7728000,-1.005000,-0.019000,-0.019000
7734,7734000,-1.005000,-0.019000,-0.019000
7740,7740000,-1.005000,-0.019000,-0.019000
7746,7746000,-1.005000,-0.019000,-0.019000
7752,7752000,-1.005000,-0.019000,-0.019000
7758,7758000,-1.005000,-0.019000,-0.019000
7764,7764000,-1.005000,-0.019000,-0.019000
7770,7770000,-1.005000,-0.019000,-0.019000
7776,7776000,-1.005000,-0.019000,-0.019000
7782,7782000,-1.005000,-0.019000,-0.019000
7788,7788000,-1.005000,-0.019000,-0.019000
7794,7794000,-1.005000,-0.019000,-0.019000
7800,7800000,-1.005000,-0.019000,-0.019000
7806,7806000,-1.005000,-0.019000,-0.019000
7812,7812000,-1.005000,-0.019000,-0.019000
7818,7818000,-1.005000,-0.019000,-0.019000
7824,7824000,-1.005000,-0.019000,-0.019000
7830,7830000,-1.005000,-0.019000,-0.019000
7836,7836000,-1.005000,-0.019000,-0.019000
7842,7842000,-1.005000,-0.019000,-0.019000
7848,7848000,-1.005000,-0.019000,-0.019000
7854,7854000,-1.005000,-0.019000,-0.019000
7860,7860000,-1.005000,-0.019000,-0.019000
7866,7866000,-1.005000,-0.019000,-0.019000
7872,7872000,-1.005000,-0.019000,-0.019000
7878,7878000,-1.005000,-0.019000,-0.019000
7884,7884000,-1.005000,-0.019000,-0.019000
7890,7890000,-1.005000,-0.019000,-0.019000
7896,7896000,-1.005000,-0.019000,-0.019000
7902,7902000,-1.005000,-0.019000,-0.019000
7908,7908000,-1.005000,-0.019000,-0.019000
7914,7914000,-1.005000,-0.019000,-0.019000
7920,7920000,-1.005000,-0.019000,-0.019000
7926,7926000,-1.005000,-0.019000,-0.019000
7932,7932000,-1.005000,-0.019000,-0.019000
7938,7938000,-1.005000,-0.019000,-0.019000
7944,7944000,-1.005000,-0.019000,-0.019000
7950,7950000,-1.005000,-0.019000,-0.019000
7956,7956000,-1.005000,-0.019000,-0.019000
7962,7962000,-1.005000,-0.019000,-0.019000
7968,7968000,-1.005000,-0.019000,-0.019000
7974,7974000,-1.005000,-0.019000,-0.019000
7980,7980000,-1.005000,-0.019000,-0.019000
7986,7986000,-1.005000,-0.019000,-0.019000
7992,7992000,-1.005000,-0.019000,-0.019000
7998,7998000,-1.005000,-0.019000,-0.019000
8004,8004000,-1.005000,-0.019000,-0.019000
8010,8010000,-1.005000,-0.019000,-0.019000
8016,8016000,-1.005000,-0.019000,-0.019000
8022,8022000,-1.005000,-0.019000,-0.019000
8028,8028000,-1.005000,-0.019000,-0.019000
8034,8034000,-1.005000,-0.019000,-0.019000
8040,8040000,-1.005000,-0.019000,-0.019000
8046,8046000,-1.005000,-0.019000,-0.019000
8052,8052000,-1.005000,-0.019000,-0.019000
8058,8058000,-1.005000,-0.019000,-0.019000
8064,8064000,-1.005000,-0.019000,-0.019000
8070,8070000,-1.005000,-0.019000,-0.019000
8076,8076000,-1.005000,-0.019000,-0.019000
8082,8082000,-1.005000,-0.019000,-0.019000
8088,8088000,-1.005000,-0.019000,-0.019000
8094,8094000,-1.005000,-0.019000,-0.019000
8100,8100000,-1.005000,-0.019000,-0.019000
8106,8106000,-1.005000,-0.019000,-0.019000
8112,8112000,-1.005000,-0.019000,-0.019000
8118,8118000,-1.005000,-0.019000,-0.019000
8124,8124000,-1.005000,-0.019000,-0.019000
8130,8130000,-1.005000,-0.019000,-0.019000
8136,8136000,-1.005000,-0.019000,-0.019000
8142,8142000,-1.005000,-0.019000,-0.019000
8148,8148000,-1.005000,-0.019000,-0.019000
8154,8154000,-1.005000,-0.019000,-0.019000
8160,8160000,-1.005000,-0.019000,-0.019000
8166,8166000,-1.005000,-0.019000,-0.019000
8172,8172000,-1.005000,-0.019000,-0.019000
8178,8178000,-1.005000,-0.019000,-0.019000
8184,8184000,-1.005000,-0.019000,-0.019000
8190,8190000,-1.005000,-0.019000,-0.019000
8196,8196000,-1.005000,-0.019000,-0.019000
8202,8202000,-1.005000,-0.019000,-0.019000
8208,8208000,-1.005000,-0.019000,-0.019000
8214,8214000,-1.005000,-0.019000,-0.019000
8220,8220000,-1.005000,-0.019000,-0.019000
8226,8226000,-1.005000,-0.019000,-0.019000
8232,8232000,-1.005000,-0.019000,-0.019000
8238,8238000,-1.005000,-0.019000,-0.019000
8244,8244000,-1.005000,-0.019000,-0.019000
8250,8250000,-1.005000,-0.019000,0.009500
8256,8256000,-1.005000,-0.019000,0.009500
8262,8262000,-1.005000,-0.019000,0.009500
8268,8268000,-1.005000,-0.019000,0.009500
8274,8274000,-1.005000,-0.019000,0.009500
8280,8280000,-1.005000,-0.019000,0.009500
8286,8286000,-1.005000,-0.019000,0.009500
8292,8292000,-1.005000,-0.019000,0.009500
8298,8298000,-1.005000,-0.019000,0.009500
8304,8304000,-1.005000,-0.019000,0.009500
8310,8310000,-1.005000,-0.019000,0.009500
8316,8316000,-1.005000,-0.019000,0.009500
8322,8322000,-1.005000,-0.019000,0.009500
8328,8328000,-1.005000,-0.019000,0.009500
8334,8334000,-1.005000,-0.019000,0.009500
8340,8340000,-1.005000,-0.019000,0.009500
8346,8346000,-1.005000,-0.019000,0.009500
8352,8352000,-1.005000,-0.019000,0.009500
8358,8358000,-1.005000,-0.019000,0.009500
8364,8364000,-1.005000,-0.019000,0.009500
8370,8370000,-1.005000,-0.019000,0.009500
8376,8376000,-1.005000,-0.019000,0.009500
8382,8382000,-1.005000,-0.019000,0.009500
8388,8388000,-1.005000,-0.019000,0.009500
8394,8394000,-1.005000,-0.019000,0.009500
8400,8400000,-1.005000,-0.019000,0.009500
8406,8406000,-1.005000,-0.019000,0.009500
8412,8412000,-1.005000,-0.019000,0.009500
8418,8418000,-1.005000,-0.019000,0.009500
8424,8424000,-1.005000,-0.019000,0.009500
8430,8430000,-1.005000,-0.019000,0.009500
8436,8436000,-1.005000,-0.019000,0.009500
8442,8442000,-1.005000,-0.019000,0.009500
8448,8448000,-1.005000,-0.019000,0.009500
8454,8454000,-1.005000,-0.019000,0.009500
8460,8460000,-1.005000,-0.019000,0.009500
8466,8466000,-1.005000,-0.019000,0.009500
8472,8472000,-1.005000,-0.019000,0.009500
8478,8478000,-1.005000,-0.019000,0.009500
8484,8484000,-1.005000,-0.019000,0.009500
8490,8490000,-1.005000,-0.019000,0.009500
8496,8496000,-1.005000,-0.019000,0.009500
8502,8502000,-1.005000,-0.019000,0.009500
8508,8508000,-1.005000,-0.019000,0.009500
8514,8514000,-1.005000,-0.019000,0.009500
8520,8520000,-1.005000,-0.019000,0.009500
8526,8526000,-1.005000,-0.019000,0.009500
8532,8532000,-1.005000,-0.019000,0.009500
8538,8538000,-1.005000,-0.019000,0.009500
8544,8544000,-1.005000,-0.019000,0.009500
8550,8550000,-1.005000,-0.019000,0.009500
8556,8556000,-1.005000,-0.019000,0.009500
8562,8562000,-1.005000,-0.019000,0.009500
8568,8568000,-1.005000,-0.019000,0.009500
8574,8574000,-1.005000,-0.019000,0.009500
8580,8580000,-1.005000,-0.019000,0.009500
8586,8586000,-1.005000,-0.019000,0.009500
8592,8592000,-1.005000,-0.019000,0.009500
8598,8598000,-1.005000,-0.019000,0.009500
8604,8604000,-1.005000,-0.019000,0.009500
8610,8610000,-1.005000,-0.019000,0.009500
8616,8616000,-1.005000,-0.019000,0.009500
8622,8622000,-1.005000,-0.019000,0.009500
8628,8628000,-1.005000,-0.019000,0.009500
8634,8634000,-1.005000,-0.019000,0.009500
8640,8640000,-1.005000,-0.019000,0.009500
8646,8646000,-1.005000,-0.019000,0.009500
8652,8652000,-1.005000,-0.019000,0.009500
8658,8658000,-1.005000,-0.019000,0.009500
8664,8664000,-1.005000,-0.019000,0.009500
8670,8670000,-1.005000,-0.019000,0.009500
8676,8676000,-1.005000,-0.019000,0.009500
8682,8682000,-1.005000,-0.019000,0.009500
8688,8688000,-1.005000,-0.019000,0.009500
8694,8694000,-1.005000,-0.019000,0.009500
8700,8700000,-0.997500,-0.019000,0.009500
8706,8706000,-0.997500,-0.019000,0.009500
8712,8712000,-0.997500,-0.019000,0.009500
8718,8718000,-0.997500,-0.019000,0.009500
8724,8724000,-0.997500,-0.019000,0.009500
8730,8730000,-0.997500,-0.019000,0.009500
8736,8736000,-0.997500,-0.019000,0.009500
8742,8742000,-0.997500,-0.019000,0.009500
8748,8748000,-0.997500,-0.019000,0.009500
8754,8754000,-0.997500,-0.019000,0.009500
8760,8760000,-0.997500,-0.019000,0.009500
8766,8766000,-0.997500,-0.019000,0.009500
8772,8772000,-0.997500,-0.019000,0.009500
8778,8778000,-0.997500,-0.019000,0.009500
8784,8784000,-0.997500,-0.019000,0.009500
8790,8790000,-0.997500,-0.019000,0.009500
8796,8796000,-0.997500,-0.019000,0.009500
8802,8802000,-0.997500,-0.019000,0.009500
8808,8808000,-0.997500,-0.019000,0.009500
8814,8814000,-0.997500,-0.019000,0.009500
8820,8820000,-0.997500,-0.019000,0.009500
8826,8826000,-0.997500,-0.019000,0.009500
8832,8832000,-0.997500,-0.019000,0.009500
8838,8838000,-0.997500,-0.019000,0.009500
8844,8844000,-0.997500,-0.019000,0.009500
8850,8850000,-0.997500,-0.019000,0.009500
8856,8856000,-0.997500,-0.019000,0.009500
8862,8862000,-0.997500,-0.019000,0.009500
8868,8868000,-0.997500,-0.019000,0.009500
8874,8874000,-0.997500,-0.019000,0.009500
8880,8880000,-0.997500,-0.019000,0.009500
8886,8886000,-0.997500,-0.019000,0.009500
8892,8892000,-0.997500,-0.019000,0.009500
8898,8898000,-0.997500,-0.019000,0.009500
8904,8904000,-0.997500,-0.019000,0.009500
8910,8910000,-0.997500,-0.019000,0.009500
8916,8916000,-0.997500,-0.019000,0.009500
8922,8922000,-0.997500,-0.019000,0.009500
8928,8928000,-0.997500,-0.019000,0.009500
8934,8934000,-0.997500,-0.019000,0.009500
8940,8940000,-0.997500,-0.019000,0.009500
8946,8946000,-0.997500,-0.019000,0.009500
8952,8952000,-0.997500,-0.019000,0.009500
8958,8958000,-0.997500,-0.019000,0.009500
8964,8964000,-0.997500,-0.019000,0.009500
8970,8970000,-0.997500,-0.019000,0.009500
8976,8976000,-0.997500,-0.019000,0.009500
8982,8982000,-0.997500,-0.019000,0.009500
8988,8988000,-0.997500,-0.019000,0.009500
8994,8994000,-0.997500,-0.019000,0.009500
9000,9000000,-0.997500,0.009500,0.009500
9006,9006000,-0.997500,0.009500,0.009500
9012,9012000,-0.997500,0.009500,0.009500
9018,9018000,-0.997500,0.009500,0.009500
9024,9024000,-0.997500,0.009500,0.009500
9030,9030000,-0.997500,0.009500,0.009500
9036,9036000,-0.997500,0.009500,0.009500
9042,9042000,-0.997500,0.009500,0.009500
9048,9048000,-0.997500,0.009500,0.009500
9054,9054000,-0.997500,0.009500,0.009500
9060,9060000,-0.997500,0.009500,0.009500
9066,9066000,-0.997500,0.009500,0.009500
9072,9072000,-0.997500,0.009500,0.009500
9078,9078000,-0.997500,0.009500,0.009500
9084,9084000,-0.997500,0.009500,0.009500
9090,9090000,-0.997500,0.009500,0.009500
9096,9096000,-0.997500,0.009500,0.009500
9102,9102000,-0.997500,0.009500,0.009500
9108,9108000,-0.997500,0.009500,0.009500
9114,9114000,-0.997500,0.009500,0.009500
9120,9120000,-0.997500,0.009500,0.009500
9126,9126000,-0.997500,0.009500,0.009500
9132,9132000,-0.997500,0.009500,0.009500
9138,9138000,-0.997500,0.009500,0.009500
9144,9144000,-0.997500,0.009500,0.009500
9150,9150000,-0.997500,0.009500,0.009500
9156,9156000,-0.997500,0.009500,0.009500
9162,9162000,-0.997500,0.009500,0.009500
9168,9168000,-0.997500,0.009500,0.009500
9174,9174000,-0.997500,0.009500,0.009500
9180,9180000,-0.997500,0.009500,0.009500
9186,9186000,-0.997500,0.009500,0.009500
9192,9192000,-0.997500,0.009500,0.009500
9198,9198000,-0.997500,0.009500,0.009500
9204,9204000,-0.997500,0.009500,0.009500
9210,9210000,-0.997500,0.009500,0.009500
9216,9216000,-0.997500,0.009500,0.009500
9222,9222000,-0.997500,0.009500,0.009500
9228,9228000,-0.997500,0.009500,0.009500
9234,9234000,-0.997500,0.009500,0.009500
9240,9240000,-0.997500,0.009500,0.009500
9246,9246000,-0.997500,0.009500,0.009500
9252,9252000,-0.997500,0.009500,0.009500
9258,9258000,-0.997500,0.009500,0.009500
9264,9264000,-0.997500,0.009500,0.009500
9270,9270000,-0.997500,0.009500,0.009500
9276,9276000,-0.997500,0.009500,0.009500
9282,9282000,-0.997500,0.009500,0.009500
9288,9288000,-0.997500,0.009500,0.009500
9294,9294000,-0.997500,0.009500,0.009500
9300,9300000,-0.997500,0.009500,0.009500
9306,9306000,-0.997500,0.009500,0.009500
9312,9312000,-0.997500,0.009500,0.009500
9318,9318000,-0.997500,0.009500,0.009500
9324,9324000,-0.997500,0.009500,0.009500
9330,9330000,-0.997500,0.009500,0.009500
9336,9336000,-0.997500,0.009500,0.009500
9342,9342000,-0.997500,0.009500,0.009500
9348,9348000,-0.997500,0.009500,0.009500
9354,9354000,-0.997500,0.009500,0.009500
9360,9360000,-0.997500,0.009500,0.009500
9366,9366000,-0.997500,0.009500,0.009500
9372,9372000,-0.997500,0.009500,0.009500
9378,9378000,-0.997500,0.009500,0.009500
9384,9384000,-0.997500,0.009500,0.009500
9390,9390000,-0.997500,0.009500,0.009500
9396,9396000,-0.997500,0.009500,0.009500
9402,9402000,-0.997500,0.009500,0.009500
9408,9408000,-0.997500,0.009500,0.009500
9414,9414000,-0.997500,0.009500,0.009500
9420,9420000,-0.997500,0.009500,0.009500
9426,9426000,-0.997500,0.009500,0.009500
9432,9432000,-0.997500,0.009500,0.009500
9438,9438000,-0.997500,0.009500,0.009500
9444,9444000,-0.997500,0.009500,0.009500
9450,9450000,-0.997500,0.009500,0.009500
9456,9456000,-0.997500,0.009500,0.009500
9462,9462000,-0.997500,0.009500,0.009500
9468,9468000,-0.997500,0.009500,0.009500
9474,9474000,-0.997500,0.009500,0.009500
9480,9480000,-0.997500,0.009500,0.009500
9486,9486000,-0.997500,0.009500,0.009500
9492,9492000,-0.997500,0.009500,0.009500
9498,9498000,-0.997500,0.009500,0.009500
9504,9504000,-0.997500,0.009500,0.009500
9510,9510000,-0.997500,0.009500,0.009500
9516,9516000,-0.997500,0.009500,0.009500
9522,9522000,-0.997500,0.009500,0.009500
9528,9528000,-0.997500,0.009500,0.009500
9534,9534000,-0.997500,0.009500,0.009500
9540,9540000,-0.997500,0.009500,0.009500
9546,9546000,-0.997500,0.009500,0.009500
9552,9552000,-0.997500,0.009500,0.009500
9558,9558000,-0.997500,0.009500,0.009500
9564,9564000,-0.997500,0.009500,0.009500
9570,9570000,-0.997500,0.009500,0.009500
9576,9576000,-0.997500,0.009500,0.009500
9582,9582000,-0.997500,0.009500,0.009500
9588,9588000,-0.997500,0.009500,0.009500
9594,9594000,-0.997500,0.009500,0.009500
9600,9600000,-0.997500,0.009500,0.009500
9606,9606000,-0.997500,0.009500,0.009500
9612,9612000,-0.997500,0.009500,0.009500
9618,9618000,-0.997500,0.009500,0.009500
9624,9624000,-0.997500,0.009500,0.009500
9630,9630000,-0.997500,0.009500,0.009500
9636,9636000,-0.997500,0.009500,0.009500
9642,9642000,-0.997500,0.009500,0.009500
9648,9648000,-0.997500,0.009500,0.009500
9654,9654000,-0.997500,0.009500,0.009500
9660,9660000,-0.997500,0.009500,0.009500
9666,9666000,-0.997500,0.009500,0.009500
9672,9672000,-0.997500,0.009500,0.009500
9678,9678000,-0.997500,0.009500,0.009500
9684,9684000,-0.997500,0.009500,0.009500
9690,9690000,-0.997500,0.009500,0.009500
9696,9696000,-0.997500,0.009500,0.009500
9702,9702000,-0.997500,0.009500,0.009500
9708,9708000,-0.997500,0.009500,0.009500
9714,9714000,-0.997500,0.009500,0.009500
9720,9720000,-0.997500,0.009500,0.009500
9726,9726000,-0.997500,0.009500,0.009500
9732,9732000,-0.997500,0.009500,0.009500
9738,9738000,-0.997500,0.009500,0.009500
9744,9744000,-0.997500,0.009500,0.009500
9750,9750000,-0.997500,0.009500,-0.009500
9756,9756000,-0.997500,0.009500,-0.009500
9762,9762000,-0.997500,0.009500,-0.009500
9768,9768000,-0.997500,0.009500,-0.009500
9774,9774000,-0.997500,0.009500,-0.009500
9780,9780000,-0.997500,0.009500,-0.009500
9786,9786000,-0.997500,0.009500,-0.009500
9792,9792000,-0.997500,0.009500,-0.009500
9798,9798000,-0.997500,0.009500,-0.009500
9804,9804000,-0.997500,0.009500,-0.009500
9810,9810000,-0.997500,0.009500,-0.009500
9816,9816000,-0.997500,0.009500,-0.009500
9822,9822000,-0.997500,0.009500,-0.009500
9828,9828000,-0.997500,0.009500,-0.009500
9834,9834000,-0.997500,0.009500,-0.009500
9840,9840000,-0.997500,0.009500,-0.009500
9846,9846000,-0.997500,0.009500,-0.009500
9852,9852000,-0.997500,0.009500,-0.009500
9858,9858000,-0.997500,0.009500,-0.009500
9864,9864000,-0.997500,0.009500,-0.009500
9870,9870000,-0.997500,0.009500,-0.009500
9876,9876000,-0.997500,0.009500,-0.009500
9882,9882000,-0.997500,0.009500,-0.009500
9888,9888000,-0.997500,0.009500,-0.009500
9894,9894000,-0.997500,0.009500,-0.009500
9900,9900000,-0.997500,0.009500,-0.009500
9906,9906000,-0.997500,0.009500,-0.009500
9912,9912000,-0.997500,0.009500,-0.009500
9918,9918000,-0.997500,0.009500,-0.009500
9924,9924000,-0.997500,0.009500,-0.009500
9930,9930000,-0.997500,0.009500,-0.009500
9936,9936000,-0.997500,0.009500,-0.009500
9942,9942000,-0.997500,0.009500,-0.009500
9948,9948000,-0.997500,0.009500,-0.009500
9954,9954000,-0.997500,0.009500,-0.009500
9960,9960000,-0.997500,0.009500,-0.009500
9966,9966000,-0.997500,0.009500,-0.009500
9972,9972000,-0.997500,0.009500,-0.009500
9978,9978000,-0.997500,0.009500,-0.009500
9984,9984000,-0.997500,0.009500,-0.009500
9990,9990000,-0.997500,0.009500,-0.009500
9996,9996000,-0.997500,0.009500,-0.009500
10002,10002000,-0.997500,0.009500,-0.009500
10008,10008000,-0.997500,0.009500,-0.009500
10014,10014000,-0.997500,0.009500,-0.009500
10020,10020000,-0.997500,0.009500,-0.009500
10026,10026000,-0.997500,0.009500,-0.009500
10032,10032000,-0.997500,0.009500,-0.009500
10038,10038000,-0.997500,0.009500,-0.009500
10044,10044000,-0.997500,0.009500,-0.009500
10050,10050000,-0.997500,0.009500,-0.009500
10056,10056000,-0.997500,0.009500,-0.009500
10062,10062000,-0.997500,0.009500,-0.009500
10068,10068000,-0.997500,0.009500,-0.009500
10074,10074000,-0.997500,0.009500,-0.009500
10080,10080000,-0.997500,0.009500,-0.009500
10086,10086000,-0.997500,0.009500,-0.009500
10092,10092000,-0.997500,0.009500,-0.009500
10098,10098000,-0.997500,0.009500,-0.009500
10104,10104000,-0.997500,0.009500,-0.009500
10110,10110000,-0.997500,0.009500,-0.009500
10116,10116000,-0.997500,0.009500,-0.009500
10122,10122000,-0.997500,0.009500,-0.009500
10128,10128000,-0.997500,0.009500,-0.009500
10134,10134000,-0.997500,0.009500,-0.009500
10140,10140000,-0.997500,0.009500,-0.009500
10146,10146000,-0.997500,0.009500,-0.009500
10152,10152000,-0.997500,0.009500,-0.009500
10158,10158000,-0.997500,0.009500,-0.009500
10164,10164000,-0.997500,0.009500,-0.009500
10170,10170000,-0.997500,0.009500,-0.009500
10176,10176000,-0.997500,0.009500,-0.009500
10182,10182000,-0.997500,0.009500,-0.009500
10188,10188000,-0.997500,0.009500,-0.009500
10194,10194000,-0.997500,0.009500,-0.009500
10200,10200000,-1.002500,0.009500,-0.009500
10206,10206000,-1.002500,0.009500,-0.009500
10212,10212000,-1.002500,0.009500,-0.009500
10218,10218000,-1.002500,0.009500,-0.009500
10224,10224000,-1.002500,0.009500,-0.009500
10230,10230000,-1.002500,0.009500,-0.009500
10236,10236000,-1.002500,0.009500,-0.009500
10242,10242000,-1.002500,0.009500,-0.009500
10248,10248000,-1.002500,0.009500,-0.009500
10254,10254000,-1.002500,0.009500,-0.009500
10260,10260000,-1.002500,0.009500,-0.009500
10266,10266000,-1.002500,0.009500,-0.009500
10272,10272000,-1.002500,0.009500,-0.009500
10278,10278000,-1.002500,0.009500,-0.009500
10284,10284000,-1.002500,0.009500,-0.009500
10290,10290000,-1.002500,0.009500,-0.009500
10296,10296000,-1.002500,0.009500,-0.009500
10302,10302000,-1.002500,0.009500,-0.009500
10308,10308000,-1.002500,0.009500,-0.009500
10314,10314000,-1.002500,0.009500,-0.009500
10320,10320000,-1.002500,0.009500,-0.009500
10326,10326000,-1.002500,0.009500,-0.009500
10332,10332000,-1.002500,0.009500,-0.009500
10338,10338000,-1.002500,0.009500,-0.009500
10344,10344000,-1.002500,0.009500,-0.009500
10350,10350000,-1.002500,0.009500,-0.009500
10356,10356000,-1.002500,0.009500,-0.009500
10362,10362000,-1.002500,0.009500,-0.009500
10368,10368000,-1.002500,0.009500,-0.009500
10374,10374000,-1.002500,0.009500,-0.009500
10380,10380000,-1.002500,0.009500,-0.009500
10386,10386000,-1.002500,0.009500,-0.009500
10392,10392000,-1.002500,0.009500,-0.009500
10398,10398000,-1.002500,0.009500,-0.009500
10404,10404000,-1.002500,0.009500,-0.009500
10410,10410000,-1.002500,0.009500,-0.009500
10416,10416000,-1.002500,0.009500,-0.009500
10422,10422000,-1.002500,0.009500,-0.009500
10428,10428000,-1.002500,0.009500,-0.009500
10434,10434000,-1.002500,0.009500,-0.009500
10440,10440000,-1.002500,0.009500,-0.009500
10446,10446000,-1.002500,0.009500,-0.009500
10452,10452000,-1.002500,0.009500,-0.009500
10458,10458000,-1.002500,0.009500,-0.009500
10464,10464000,-1.002500,0.009500,-0.009500
10470,10470000,-1.002500,0.009500,-0.009500
10476,10476000,-1.002500,0.009500,-0.009500
10482,10482000,-1.002500,0.009500,-0.009500
10488,10488000,-1.002500,0.009500,-0.009500
10494,10494000,-1.002500,0.009500,-0.009500
10500,10500000,-1.002500,-0.009500,-0.009500
10506,10506000,-1.002500,-0.009500,-0.009500
10512,10512000,-1.002500,-0.009500,-0.009500
10518,10518000,-1.002500,-0.009500,-0.009500
10524,10524000,-1.002500,-0.009500,-0.009500
10530,10530000,-1.002500,-0.009500,-0.009500
10536,10536000,-1.002500,-0.009500,-0.009500
10542,10542000,-1.002500,-0.009500,-0.009500
10548,10548000,-1.002500,-0.009500,-0.009500
10554,10554000,-1.002500,-0.009500,-0.009500
10560,10560000,-1.002500,-0.009500,-0.009500
10566,10566000,-1.002500,-0.009500,-0.009500
10572,10572000,-1.002500,-0.009500,-0.009500
10578,10578000,-1.002500,-0.009500,-0.009500
10584,10584000,-1.002500,-0.009500,-0.009500
10590,10590000,-1.002500,-0.009500,-0.009500
10596,10596000,-1.002500,-0.009500,-0.009500
10602,10602000,-1.002500,-0.009500,-0.009500
10608,10608000,-1.002500,-0.009500,-0.009500
10614,10614000,-1.002500,-0.009500,-0.009500
10620,10620000,-1.002500,-0.009500,-0.009500
10626,10626000,-1.002500,-0.009500,-0.009500
10632,10632000,-1.002500,-0.009500,-0.009500
10638,10638000,-1.002500,-0.009500,-0.009500
10644,10644000,-1.002500,-0.009500,-0.009500
10650,10650000,-1.002500,-0.009500,-0.009500
10656,10656000,-1.002500,-0.009500,-0.009500
10662,10662000,-1.002500,-0.009500,-0.009500
10668,10668000,-1.002500,-0.009500,-0.009500
10674,10674000,-1.002500,-0.009500,-0.009500
10680,10680000,-1.002500,-0.009500,-0.009500
10686,10686000,-1.002500,-0.009500,-0.009500
10692,10692000,-1.002500,-0.009500,-0.009500
10698,10698000,-1.002500,-0.009500,-0.009500
10704,10704000,-1.002500,-0.009500,-0.009500
10710,10710000,-1.002500,-0.009500,-0.009500
10716,10716000,-1.002500,-0.009500,-0.009500
10722,10722000,-1.002500,-0.009500,-0.009500
10728,10728000,-1.002500,-0.009500,-0.009500
10734,10734000,-1.002500,-0.009500,-0.009500
10740,10740000,-1.002500,-0.009500,-0.009500
10746,10746000,-1.002500,-0.009500,-0.009500
10752,10752000,-1.002500,-0.009500,-0.009500
10758,10758000,-1.002500,-0.009500,-0.009500
10764,10764000,-1.002500,-0.009500,-0.009500
10770,10770000,-1.002500,-0.009500,-0.009500
10776,10776000,-1.002500,-0.009500,-0.009500
10782,10782000,-1.002500,-0.009500,-0.009500
10788,10788000,-1.002500,-0.009500,-0.009500
10794,10794000,-1.002500,-0.009500,-0.009500
10800,10800000,-1.002500,-0.009500,-0.009500
10806,10806000,-1.002500,-0.009500,-0.009500
10812,10812000,-1.002500,-0.009500,-0.009500
10818,10818000,-1.002500,-0.009500,-0.009500
10824,10824000,-1.002500,-0.009500,-0.009500
10830,10830000,-1.002500,-0.009500,-0.009500
10836,10836000,-1.002500,-0.009500,-0.009500
10842,10842000,-1.002500,-0.009500,-0.009500
10848,10848000,-1.002500,-0.009500,-0.009500
10854,10854000,-1.002500,-0.009500,-0.009500
10860,10860000,-1.002500,-0.009500,-0.009500
10866,10866000,-1.002500,-0.009500,-0.009500
10872,10872000,-1.002500,-0.009500,-0.009500
10878,10878000,-1.002500,-0.009500,-0.009500
10884,10884000,-1.002500,-0.009500,-0.009500
10890,10890000,-1.002500,-0.009500,-0.009500
10896,10896000,-1.002500,-0.009500,-0.009500
10902,10902000,-1.002500,-0.009500,-0.009500
10908,10908000,-1.002500,-0.009500,-0.009500
10914,10914000,-1.002500,-0.009500,-0.009500
10920,10920000,-1.002500,-0.009500,-0.009500
10926,10926000,-1.002500,-0.009500,-0.009500
10932,10932000,-1.002500,-0.009500,-0.009500
10938,10938000,-1.002500,-0.009500,-0.009500
10944,10944000,-1.002500,-0.009500,-0.009500
10950,10950000,-1.002500,-0.009500,-0.009500
10956,10956000,-1.002500,-0.009500,-0.009500
10962,10962000,-1.002500,-0.009500,-0.009500
10968,10968000,-1.002500,-0.009500,-0.009500
10974,10974000,-1.002500,-0.009500,-0.009500
10980,10980000,-1.002500,-0.009500,-0.009500
10986,10986000,-1.002500,-0.009500,-0.009500
10992,10992000,-1.002500,-0.009500,-0.009500
10998,10998000,-1.002500,-0.009500,-0.009500
11004,11004000,-1.002500,-0.009500,-0.009500
11010,11010000,-1.002500,-0.009500,-0.009500
11016,11016000,-1.002500,-0.009500,-0.009500
11022,11022000,-1.002500,-0.009500,-0.009500
11028,11028000,-1.002500,-0.009500,-0.009500
11034,11034000,-1.002500,-0.009500,-0.009500
11040,11040000,-1.002500,-0.009500,-0.009500
11046,11046000,-1.002500,-0.009500,-0.009500
11052,11052000,-1.002500,-0.009500,-0.009500
11058,11058000,-1.002500,-0.009500,-0.009500
11064,11064000,-1.002500,-0.009500,-0.009500
11070,11070000,-1.002500,-0.009500,-0.009500
11076,11076000,-1.002500,-0.009500,-0.009500
11082,11082000,-1.002500,-0.009500,-0.009500
11088,11088000,-1.002500,-0.009500,-0.009500
11094,11094000,-1.002500,-0.009500,-0.009500
11100,11100000,-1.002500,-0.009500,-0.009500
11106,11106000,-1.002500,-0.009500,-0.009500
11112,11112000,-1.002500,-0.009500,-0.009500
11118,11118000,-1.002500,-0.009500,-0.009500
11124,11124000,-1.002500,-0.009500,-0.009500
11130,11130000,-1.002500,-0.009500,-0.009500
11136,11136000,-1.002500,-0.009500,-0.009500
11142,11142000,-1.002500,-0.009500,-0.009500
11148,11148000,-1.002500,-0.009500,-0.009500
11154,11154000,-1.002500,-0.009500,-0.009500
11160,11160000,-1.002500,-0.009500,-0.009500
11166,11166000,-1.002500,-0.009500,-0.009500
11172,11172000,-1.002500,-0.009500,-0.009500
11178,11178000,-1.002500,-0.009500,-0.009500
11184,11184000,-1.002500,-0.009500,-0.009500
11190,11190000,-1.002500,-0.009500,-0.009500
11196,11196000,-1.002500,-0.009500,-0.009500
11202,11202000,-1.002500,-0.009500,-0.009500
11208,11208000,-1.002500,-0.009500,-0.009500
11214,11214000,-1.002500,-0.009500,-0.009500
11220,11220000,-1.002500,-0.009500,-0.009500
11226,11226000,-1.002500,-0.009500,-0.009500
11232,11232000,-1.002500,-0.009500,-0.009500
11238,11238000,-1.002500,-0.009500,-0.009500
11244,11244000,-1.002500,-0.009500,-0.009500
11250,11250000,-1.002500,-0.009500,0.019000
11256,11256000,-1.002500,-0.009500,0.019000
11262,11262000,-1.002500,-0.009500,0.019000
11268,11268000,-1.002500,-0.009500,0.019000
11274,11274000,-1.002500,-0.009500,0.019000
11280,11280000,-1.002500,-0.009500,0.019000
11286,11286000,-1.002500,-0.009500,0.019000
11292,11292000,-1.002500,-0.009500,0.019000
11298,11298000,-1.002500,-0.009500,0.019000
11304,11304000,-1.002500,-0.009500,0.019000
11310,11310000,-1.002500,-0.009500,0.019000
11316,11316000,-1.002500,-0.009500,0.019000
11322,11322000,-1.002500,-0.009500,0.019000
11328,11328000,-1.002500,-0.009500,0.019000
11334,11334000,-1.002500,-0.009500,0.019000
11340,11340000,-1.002500,-0.009500,0.019000
11346,11346000,-1.002500,-0.009500,0.019000
11352,11352000,-1.002500,-0.009500,0.019000
11358,11358000,-1.002500,-0.009500,0.019000
11364,11364000,-1.002500,-0.009500,0.019000
11370,11370000,-1.002500,-0.009500,0.019000
11376,11376000,-1.002500,-0.009500,0.019000
11382,11382000,-1.002500,-0.009500,0.019000
11388,11388000,-1.002500,-0.009500,0.019000
11394,11394000,-1.002500,-0.009500,0.019000
11400,11400000,-1.002500,-0.009500,0.019000
11406,11406000,-1.002500,-0.009500,0.019000
11412,11412000,-1.002500,-0.009500,0.019000
11418,11418000,-1.002500,-0.009500,0.019000
11424,11424000,-1.002500,-0.009500,0.019000
11430,11430000,-1.002500,-0.009500,0.019000
11436,11436000,-1.002500,-0.009500,0.019000
11442,11442000,-1.002500,-0.009500,0.019000
11448,11448000,-1.002500,-0.009500,0.019000
11454,11454000,-1.002500,-0.009500,0.019000
11460,11460000,-1.002500,-0.009500,0.019000
11466,11466000,-1.002500,-0.009500,0.019000
11472,11472000,-1.002500,-0.009500,0.019000
11478,11478000,-1.002500,-0.009500,0.019000
11484,11484000,-1.002500,-0.009500,0.019000
11490,11490000,-1.002500,-0.009500,0.019000
11496,11496000,-1.002500,-0.009500,0.019000
11502,11502000,-1.002500,-0.009500,0.019000
11508,11508000,-1.002500,-0.009500,0.019000
11514,11514000,-1.002500,-0.009500,0.019000
11520,11520000,-1.002500,-0.009500,0.019000
11526,11526000,-1.002500,-0.009500,0.019000
11532,11532000,-1.002500,-0.009500,0.019000
11538,11538000,-1.002500,-0.009500,0.019000
11544,11544000,-1.002500,-0.009500,0.019000
11550,11550000,-1.002500,-0.009500,0.019000
11556,11556000,-1.002500,-0.009500,0.019000
11562,11562000,-1.002500,-0.009500,0.019000
11568,11568000,-1.002500,-0.009500,0.019000
11574,11574000,-1.002500,-0.009500,0.019000
11580,11580000,-1.002500,-0.009500,0.019000
11586,11586000,-1.002500,-0.009500,0.019000
11592,11592000,-1.002500,-0.009500,0.019000
11598,11598000,-1.002500,-0.009500,0.019000
11604,11604000,-1.002500,-0.009500,0.019000
11610,11610000,-1.002500,-0.009500,0.019000
11616,11616000,-1.002500,-0.009500,0.019000
11622,11622000,-1.002500,-0.009500,0.019000
11628,11628000,-1.002500,-0.009500,0.019000
11634,11634000,-1.002500,-0.009500,0.019000
11640,11640000,-1.002500,-0.009500,0.019000
11646,11646000,-1.002500,-0.009500,0.019000
11652,11652000,-1.002500,-0.009500,0.019000
11658,11658000,-1.002500,-0.009500,0.019000
11664,11664000,-1.002500,-0.009500,0.019000
11670,11670000,-1.002500,-0.009500,0.019000
11676,11676000,-1.002500,-0.009500,0.019000
11682,11682000,-1.002500,-0.009500,0.019000
11688,11688000,-1.002500,-0.009500,0.019000
11694,11694000,-1.002500,-0.009500,0.019000
11700,11700000,-0.995000,-0.009500,0.019000
11706,11706000,-0.995000,-0.009500,0.019000
11712,11712000,-0.995000,-0.009500,0.019000
11718,11718000,-0.995000,-0.009500,0.019000
11724,11724000,-0.995000,-0.009500,0.019000
11730,11730000,-0.995000,-0.009500,0.019000
11736,11736000,-0.995000,-0.009500,0.019000
11742,11742000,-0.995000,-0.009500,0.019000
11748,11748000,-0.995000,-0.009500,0.019000
11754,11754000,-0.995000,-0.009500,0.019000
11760,11760000,-0.995000,-0.009500,0.019000
11766,11766000,-0.995000,-0.009500,0.019000
11772,11772000,-0.995000,-0.009500,0.019000
11778,11778000,-0.995000,-0.009500,0.019000
11784,11784000,-0.995000,-0.009500,0.019000
11790,11790000,-0.995000,-0.009500,0.019000
11796,11796000,-0.995000,-0.009500,0.019000
11802,11802000,-0.995000,-0.009500,0.019000
11808,11808000,-0.995000,-0.009500,0.019000
11814,11814000,-0.995000,-0.009500,0.019000
11820,11820000,-0.995000,-0.009500,0.019000
11826,11826000,-0.995000,-0.009500,0.019000
11832,11832000,-0.995000,-0.009500,0.019000
11838,11838000,-0.995000,-0.009500,0.019000
11844,11844000,-0.995000,-0.009500,0.019000
11850,11850000,-0.995000,-0.009500,0.019000
11856,11856000,-0.995000,-0.009500,0.019000
11862,11862000,-0.995000,-0.009500,0.019000
11868,11868000,-0.995000,-0.009500,0.019000
11874,11874000,-0.995000,-0.009500,0.019000
11880,11880000,-0.995000,-0.009500,0.019000
11886,11886000,-0.995000,-0.009500,0.019000
11892,11892000,-0.995000,-0.009500,0.019000
11898,11898000,-0.995000,-0.009500,0.019000
11904,11904000,-0.995000,-0.009500,0.019000
11910,11910000,-0.995000,-0.009500,0.019000
11916,11916000,-0.995000,-0.009500,0.019000
11922,11922000,-0.995000,-0.009500,0.019000
11928,11928000,-0.995000,-0.009500,0.019000
11934,11934000,-0.995000,-0.009500,0.019000
11940,11940000,-0.995000,-0.009500,0.019000
11946,11946000,-0.995000,-0.009500,0.019000
11952,11952000,-0.995000,-0.009500,0.019000
11958,11958000,-0.995000,-0.009500,0.019000
11964,11964000,-0.995000,-0.009500,0.019000
11970,11970000,-0.995000,-0.009500,0.019000
11976,11976000,-0.995000,-0.009500,0.019000
11982,11982000,-0.995000,-0.009500,0.019000
11988,11988000,-0.995000,-0.009500,0.019000
11994,11994000,-0.995000,-0.009500,0.019000
12000,12000000,-0.995000,0.019000,0.019000
12006,12006000,-0.995000,0.019000,0.019000
12012,12012000,-0.995000,0.019000,0.019000
12018,12018000,-0.995000,0.019000,0.019000
12024,12024000,-0.995000,0.019000,0.019000
12030,12030000,-0.995000,0.019000,0.019000
12036,12036000,-0.995000,0.019000,0.019000
12042,12042000,-0.995000,0.019000,0.019000
12048,12048000,-0.995000,0.019000,0.019000
12054,12054000,-0.995000,0.019000,0.019000
12060,12060000,-0.995000,0.019000,0.019000
12066,12066000,-0.995000,0.019000,0.019000
12072,12072000,-0.995000,0.019000,0.019000
12078,12078000,-0.995000,0.019000,0.019000
12084,12084000,-0.995000,0.019000,0.019000
12090,12090000,-0.995000,0.019000,0.019000
12096,12096000,-0.995000,0.019000,0.019000
12102,12102000,-0.995000,0.019000,0.019000
12108,12108000,-0.995000,0.019000,0.019000
12114,12114000,-0.995000,0.019000,0.019000
12120,12120000,-0.995000,0.019000,0.019000
12126,12126000,-0.995000,0.019000,0.019000
12132,12132000,-0.995000,0.019000,0.019000
12138,12138000,-0.995000,0.019000,0.019000
12144,12144000,-0.995000,0.019000,0.019000
12150,12150000,-0.995000,0.019000,0.019000
12156,12156000,-0.995000,0.019000,0.019000
12162,12162000,-0.995000,0.019000,0.019000
12168,12168000,-0.995000,0.019000,0.019000
12174,12174000,-0.995000,0.019000,0.019000
12180,12180000,-0.995000,0.019000,0.019000
12186,12186000,-0.995000,0.019000,0.019000
12192,12192000,-0.995000,0.019000,0.019000
12198,12198000,-0.995000,0.019000,0.019000
12204,12204000,-0.995000,0.019000,0.019000
12210,12210000,-0.995000,0.019000,0.019000
12216,12216000,-0.995000,0.019000,0.019000
12222,12222000,-0.995000,0.019000,0.019000
12228,12228000,-0.995000,0.019000,0.019000
12234,12234000,-0.995000,0.019000,0.019000
12240,12240000,-0.995000,0.019000,0.019000
12246,12246000,-0.995000,0.019000,0.019000
12252,12252000,-0.995000,0.019000,0.019000
12258,12258000,-0.995000,0.019000,0.019000
12264,12264000,-0.995000,0.019000,0.019000
12270,12270000,-0.995000,0.019000,0.019000
12276,12276000,-0.995000,0.019000,0.019000
12282,12282000,-0.995000,0.019000,0.019000
12288,12288000,-0.995000,0.019000,0.019000
12294,12294000,-0.995000,0.019000,0.019000
12300,12300000,-0.995000,0.019000,0.019000
12306,12306000,-0.995000,0.019000,0.019000
12312,12312000,-0.995000,0.019000,0.019000
12318,12318000,-0.995000,0.019000,0.019000
12324,12324000,-0.995000,0.019000,0.019000
12330,12330000,-0.995000,0.019000,0.019000
12336,12336000,-0.995000,0.019000,0.019000
12342,12342000,-0.995000,0.019000,0.019000
12348,12348000,-0.995000,0.019000,0.019000
12354,12354000,-0.995000,0.019000,0.019000
12360,12360000,-0.995000,0.019000,0.019000
12366,12366000,-0.995000,0.019000,0.019000
12372,12372000,-0.995000,0.019000,0.019000
12378,12378000,-0.995000,0.019000,0.019000
12384,12384000,-0.995000,0.019000,0.019000
12390,12390000,-0.995000,0.019000,0.019000
12396,12396000,-0.995000,0.019000,0.019000
12402,12402000,-0.995000,0.019000,0.019000
12408,12408000,-0.995000,0.019000,0.019000
12414,12414000,-0.995000,0.019000,0.019000
12420,12420000,-0.995000,0.019000,0.019000
12426,12426000,-0.995000,0.019000,0.019000
12432,12432000,-0.995000,0.019000,0.019000
12438,12438000,-0.995000,0.019000,0.019000
12444,12444000,-0.995000,0.019000,0.019000
12450,12450000,-0.995000,0.019000,0.019000
12456,12456000,-0.995000,0.019000,0.019000
12462,12462000,-0.995000,0.019000,0.019000
12468,12468000,-0.995000,0.019000,0.019000
12474,12474000,-0.995000,0.019000,0.019000
12480,12480000,-0.995000,0.019000,0.019000
12486,12486000,-0.995000,0.019000,0.019000
12492,12492000,-0.995000,0.019000,0.019000
12498,12498000,-0.995000,0.019000,0.019000
12504,12504000,-0.995000,0.019000,0.019000
12510,12510000,-0.995000,0.019000,0.019000
12516,12516000,-0.995000,0.019000,0.019000
12522,12522000,-0.995000,0.019000,0.019000
12528,12528000,-0.995000,0.019000,0.019000
12534,12534000,-0.995000,0.019000,0.019000
12540,12540000,-0.995000,0.019000,0.019000
12546,12546000,-0.995000,0.019000,0.019000
12552,12552000,-0.995000,0.019000,0.019000
12558,12558000,-0.995000,0.019000,0.019000
12564,12564000,-0.995000,0.019000,0.019000
12570,12570000,-0.995000,0.019000,0.019000
12576,12576000,-0.995000,0.019000,0.019000
12582,12582000,-0.995000,0.019000,0.019000
12588,12588000,-0.995000,0.019000,0.019000
12594,12594000,-0.995000,0.019000,0.019000
12600,12600000,-0.995000,0.019000,0.019000
12606,12606000,-0.995000,0.019000,0.019000
12612,12612000,-0.995000,0.019000,0.019000
12618,12618000,-0.995000,0.019000,0.019000
12624,12624000,-0.995000,0.019000,0.019000
12630,12630000,-0.995000,0.019000,0.019000
12636,12636000,-0.995000,0.019000,0.019000
12642,12642000,-0.995000,0.019000,0.019000
12648,12648000,-0.995000,0.019000,0.019000
12654,12654000,-0.995000,0.019000,0.019000
12660,12660000,-0.995000,0.019000,0.019000
12666,12666000,-0.995000,0.019000,0.019000
12672,12672000,-0.995000,0.019000,0.019000
12678,12678000,-0.995000,0.019000,0.019000
12684,12684000,-0.995000,0.019000,0.019000
12690,12690000,-0.995000,0.019000,0.019000
12696,12696000,-0.995000,0.019000,0.019000
12702,12702000,-0.995000,0.019000,0.019000
12708,12708000,-0.995000,0.019000,0.019000
12714,12714000,-0.995000,0.019000,0.019000
12720,12720000,-0.995000,0.019000,0.019000
12726,12726000,-0.995000,0.019000,0.019000
12732,12732000,-0.995000,0.019000,0.019000
12738,12738000,-0.995000,0.019000,0.019000
12744,12744000,-0.995000,0.019000,0.019000
12750,12750000,-0.995000,0.019000,-0.019000
12756,12756000,-0.995000,0.019000,-0.019000
12762,12762000,-0.995000,0.019000,-0.019000
12768,12768000,-0.995000,0.019000,-0.019000
12774,12774000,-0.995000,0.019000,-0.019000
12780,12780000,-0.995000,0.019000,-0.019000
12786,12786000,-0.995000,0.019000,-0.019000
12792,12792000,-0.995000,0.019000,-0.019000
12798,12798000,-0.995000,0.019000,-0.019000
12804,12804000,-0.995000,0.019000,-0.019000
12810,12810000,-0.995000,0.019000,-0.019000
12816,12816000,-0.995000,0.019000,-0.019000
12822,12822000,-0.995000,0.019000,-0.019000
12828,12828000,-0.995000,0.019000,-0.019000
12834,12834000,-0.995000,0.019000,-0.019000
12840,12840000,-0.995000,0.019000,-0.019000
12846,12846000,-0.995000,0.019000,-0.019000
12852,12852000,-0.995000,0.019000,-0.019000
12858,12858000,-0.995000,0.019000,-0.019000
12864,12864000,-0.995000,0.019000,-0.019000
12870,12870000,-0.995000,0.019000,-0.019000
12876,12876000,-0.995000,0.019000,-0.019000
12882,12882000,-0.995000,0.019000,-0.019000
12888,12888000,-0.995000,0.019000,-0.019000
12894,12894000,-0.995000,0.019000,-0.019000
12900,12900000,-0.995000,0.019000,-0.019000
12906,12906000,-0.995000,0.019000,-0.019000
12912,12912000,-0.995000,0.019000,-0.019000
12918,12918000,-0.995000,0.019000,-0.019000
12924,12924000,-0.995000,0.019000,-0.019000
12930,12930000,-0.995000,0.019000,-0.019000
12936,12936000,-0.995000,0.019000,-0.019000
12942,12942000,-0.995000,0.019000,-0.019000
12948,12948000,-0.995000,0.019000,-0.019000
12954,12954000,-0.995000,0.019000,-0.019000
12960,12960000,-0.995000,0.019000,-0.019000
12966,12966000,-0.995000,0.019000,-0.019000
12972,12972000,-0.995000,0.019000,-0.019000
12978,12978000,-0.995000,0.019000,-0.019000
12984,12984000,-0.995000,0.019000,-0.019000
12990,12990000,-0.995000,0.019000,-0.019000
12996,12996000,-0.995000,0.019000,-0.019000
13002,13002000,-0.995000,0.019000,-0.019000
13008,13008000,-0.995000,0.019000,-0.019000
13014,13014000,-0.995000,0.019000,-0.019000
13020,13020000,-0.995000,0.019000,-0.019000
13026,13026000,-0.995000,0.019000,-0.019000
13032,13032000,-0.995000,0.019000,-0.019000
13038,13038000,-0.995000,0.019000,-0.019000
13044,13044000,-0.995000,0.019000,-0.019000
13050,13050000,-0.995000,0.019000,-0.019000
13056,13056000,-0.995000,0.019000,-0.019000
13062,13062000,-0.995000,0.019000,-0.019000
13068,13068000,-0.995000,0.019000,-0.019000
13074,13074000,-0.995000,0.019000,-0.019000
13080,13080000,-0.995000,0.019000,-0.019000
13086,13086000,-0.995000,0.019000,-0.019000
13092,13092000,-0.995000,0.019000,-0.019000
13098,13098000,-0.995000,0.019000,-0.019000
13104,13104000,-0.995000,0.019000,-0.019000
13110,13110000,-0.995000,0.019000,-0.019000
13116,13116000,-0.995000,0.019000,-0.019000
13122,13122000,-0.995000,0.019000,-0.019000
13128,13128000,-0.995000,0.019000,-0.019000
13134,13134000,-0.995000,0.019000,-0.019000
13140,13140000,-0.995000,0.019000,-0.019000
13146,13146000,-0.995000,0.019000,-0.019000
13152,13152000,-0.995000,0.019000,-0.019000
13158,13158000,-0.995000,0.019000,-0.019000
13164,13164000,-0.995000,0.019000,-0.019000
13170,13170000,-0.995000,0.019000,-0.019000
13176,13176000,-0.995000,0.019000,-0.019000
13182,13182000,-0.995000,0.019000,-0.019000
13188,13188000,-0.995000,0.019000,-0.019000
13194,13194000,-0.995000,0.019000,-0.019000
13200,13200000,-1.005000,0.019000,-0.019000
13206,13206000,-1.005000,0.019000,-0.019000
13212,13212000,-1.005000,0.019000,-0.019000
13218,13218000,-1.005000,0.019000,-0.019000
13224,13224000,-1.005000,0.019000,-0.019000
13230,13230000,-1.005000,0.019000,-0.019000
13236,13236000,-1.005000,0.019000,-0.019000
13242,13242000,-1.005000,0.019000,-0.019000
13248,13248000,-1.005000,0.019000,-0.019000
13254,13254000,-1.005000,0.019000,-0.019000
13260,13260000,-1.005000,0.019000,-0.019000
13266,13266000,-1.005000,0.019000,-0.019000
13272,13272000,-1.005000,0.019000,-0.019000
13278,13278000,-1.005000,0.019000,-0.019000
13284,13284000,-1.005000,0.019000,-0.019000
13290,13290000,-1.005000,0.019000,-0.019000
13296,13296000,-1.005000,0.019000,-0.019000
13302,13302000,-1.005000,0.019000,-0.019000
13308,13308000,-1.005000,0.019000,-0.019000
13314,13314000,-1.005000,0.019000,-0.019000
13320,13320000,-1.005000,0.019000,-0.019000
13326,13326000,-1.005000,0.019000,-0.019000
13332,13332000,-1.005000,0.019000,-0.019000
13338,13338000,-1.005000,0.019000,-0.019000
13344,13344000,-1.005000,0.019000,-0.019000
13350,13350000,-1.005000,0.019000,-0.019000
13356,13356000,-1.005000,0.019000,-0.019000
13362,13362000,-1.005000,0.019000,-0.019000
13368,13368000,-1.005000,0.019000,-0.019000
13374,13374000,-1.005000,0.019000,-0.019000
13380,13380000,-1.005000,0.019000,-0.019000
13386,13386000,-1.005000,0.019000,-0.019000
13392,13392000,-1.005000,0.019000,-0.019000
13398,13398000,-1.005000,0.019000,-0.019000
13404,13404000,-1.005000,0.019000,-0.019000
13410,13410000,-1.005000,0.019000,-0.019000
13416,13416000,-1.005000,0.019000,-0.019000
13422,13422000,-1.005000,0.019000,-0.019000
13428,13428000,-1.005000,0.019000,-0.019000
13434,13434000,-1.005000,0.019000,-0.019000
13440,13440000,-1.005000,0.019000,-0.019000
13446,13446000,-1.005000,0.019000,-0.019000
13452,13452000,-1.005000,0.019000,-0.019000
13458,13458000,-1.005000,0.019000,-0.019000
13464,13464000,-1.005000,0.019000,-0.019000
13470,13470000,-1.005000,0.019000,-0.019000
13476,13476000,-1.005000,0.019000,-0.019000
13482,13482000,-1.005000,0.019000,-0.019000
13488,13488000,-1.005000,0.019000,-0.019000
13494,13494000,-1.005000,0.019000,-0.019000
13500,13500000,-1.005000,-0.019000,-0.019000
13506,13506000,-1.005000,-0.019000,-0.019000
13512,13512000,-1.005000,-0.019000,-0.019000
13518,13518000,-1.005000,-0.019000,-0.019000
13524,13524000,-1.005000,-0.019000,-0.019000
13530,13530000,-1.005000,-0.019000,-0.019000
13536,13536000,-1.005000,-0.019000,-0.019000
13542,13542000,-1.005000,-0.019000,-0.019000
13548,13548000,-1.005000,-0.019000,-0.019000
13554,13554000,-1.005000,-0.019000,-0.019000
13560,13560000,-1.005000,-0.019000,-0.019000
13566,13566000,-1.005000,-0.019000,-0.019000
13572,13572000,-1.005000,-0.019000,-0.019000
13578,13578000,-1.005000,-0.019000,-0.019000
13584,13584000,-1.005000,-0.019000,-0.019000
13590,13590000,-1.005000,-0.019000,-0.019000
13596,13596000,-1.005000,-0.019000,-0.019000
13602,13602000,-1.005000,-0.019000,-0.019000
13608,13608000,-1.005000,-0.019000,-0.019000
13614,13614000,-1.005000,-0.019000,-0.019000
13620,13620000,-1.005000,-0.019000,-0.019000
13626,13626000,-1.005000,-0.019000,-0.019000
13632,13632000,-1.005000,-0.019000,-0.019000
13638,13638000,-1.005000,-0.019000,-0.019000
13644,13644000,-1.005000,-0.019000,-0.019000
13650,13650000,-1.005000,-0.019000,-0.019000
13656,13656000,-1.005000,-0.019000,-0.019000
13662,13662000,-1.005000,-0.019000,-0.019000
13668,13668000,-1.005000,-0.019000,-0.019000
13674,13674000,-1.005000,-0.019000,-0.019000
13680,13680000,-1.005000,-0.019000,-0.019000
13686,13686000,-1.005000,-0.019000,-0.019000
13692,13692000,-1.005000,-0.019000,-0.019000
13698,13698000,-1.005000,-0.019000,-0.019000
13704,13704000,-1.005000,-0.019000,-0.019000
13710,13710000,-1.005000,-0.019000,-0.019000
13716,13716000,-1.005000,-0.019000,-0.019000
13722,13722000,-1.005000,-0.019000,-0.019000
13728,13728000,-1.005000,-0.019000,-0.019000
13734,13734000,-1.005000,-0.019000,-0.019000
13740,13740000,-1.005000,-0.019000,-0.019000
13746,13746000,-1.005000,-0.019000,-0.019000
13752,13752000,-1.005000,-0.019000,-0.019000
13758,13758000,-1.005000,-0.019000,-0.019000
13764,13764000,-1.005000,-0.019000,-0.019000
13770,13770000,-1.005000,-0.019000,-0.019000
13776,13776000,-1.005000,-0.019000,-0.019000
13782,13782000,-1.005000,-0.019000,-0.019000
13788,13788000,-1.005000,-0.019000,-0.019000
13794,13794000,-1.005000,-0.019000,-0.019000
13800,13800000,-1.005000,-0.019000,-0.019000
13806,13806000,-1.005000,-0.019000,-0.019000
13812,13812000,-1.005000,-0.019000,-0.019000
13818,13818000,-1.005000,-0.019000,-0.019000
13824,13824000,-1.005000,-0.019000,-0.019000
13830,13830000,-1.005000,-0.019000,-0.019000
13836,13836000,-1.005000,-0.019000,-0.019000
13842,13842000,-1.005000,-0.019000,-0.019000
13848,13848000,-1.005000,-0.019000,-0.019000
13854,13854000,-1.005000,-0.019000,-0.019000
13860,13860000,-1.005000,-0.019000,-0.019000
13866,13866000,-1.005000,-0.019000,-0.019000
13872,13872000,-1.005000,-0.019000,-0.019000
13878,13878000,-1.005000,-0.019000,-0.019000
13884,13884000,-1.005000,-0.019000,-0.019000
13890,13890000,-1.005000,-0.019000,-0.019000
13896,13896000,-1.005000,-0.019000,-0.019000
13902,13902000,-1.005000,-0.019000,-0.019000
13908,13908000,-1.005000,-0.019000,-0.019000
13914,13914000,-1.005000,-0.019000,-0.019000
13920,13920000,-1.005000,-0.019000,-0.019000
13926,13926000,-1.005000,-0.019000,-0.019000
13932,13932000,-1.005000,-0.019000,-0.019000
13938,13938000,-1.005000,-0.019000,-0.019000
13944,13944000,-1.005000,-0.019000,-0.019000
13950,13950000,-1.005000,-0.019000,-0.019000
13956,13956000,-1.005000,-0.019000,-0.019000
13962,13962000,-1.005000,-0.019000,-0.019000
13968,13968000,-1.005000,-0.019000,-0.019000
13974,13974000,-1.005000,-0.019000,-0.019000
13980,13980000,-1.005000,-0.019000,-0.019000
13986,13986000,-1.005000,-0.019000,-0.019000
13992,13992000,-1.005000,-0.019000,-0.019000
13998,13998000,-1.005000,-0.019000,-0.019000
14004,14004000,-1.005000,-0.019000,-0.019000
14010,14010000,-1.005000,-0.019000,-0.019000
14016,14016000,-1.005000,-0.019000,-0.019000
14022,14022000,-1.005000,-0.019000,-0.019000
14028,14028000,-1.005000,-0.019000,-0.019000
14034,14034000,-1.005000,-0.019000,-0.019000
14040,14040000,-1.005000,-0.019000,-0.019000
14046,14046000,-1.005000,-0.019000,-0.019000
14052,14052000,-1.005000,-0.019000,-0.019000
14058,14058000,-1.005000,-0.019000,-0.019000
14064,14064000,-1.005000,-0.019000,-0.019000
14070,14070000,-1.005000,-0.019000,-0.019000
14076,14076000,-1.005000,-0.019000,-0.019000
14082,14082000,-1.005000,-0.019000,-0.019000
14088,14088000,-1.005000,-0.019000,-0.019000
14094,14094000,-1.005000,-0.019000,-0.019000
14100,14100000,-1.005000,-0.019000,-0.019000
14106,14106000,-1.005000,-0.019000,-0.019000
14112,14112000,-1.005000,-0.019000,-0.019000
14118,14118000,-1.005000,-0.019000,-0.019000
14124,14124000,-1.005000,-0.019000,-0.019000
14130,14130000,-1.005000,-0.019000,-0.019000
14136,14136000,-1.005000,-0.019000,-0.019000
14142,14142000,-1.005000,-0.019000,-0.019000
14148,14148000,-1.005000,-0.019000,-0.019000
14154,14154000,-1.005000,-0.019000,-0.019000
14160,14160000,-1.005000,-0.019000,-0.019000
14166,14166000,-1.005000,-0.019000,-0.019000
14172,14172000,-1.005000,-0.019000,-0.019000
14178,14178000,-1.005000,-0.019000,-0.019000
14184,14184000,-1.005000,-0.019000,-0.019000
14190,14190000,-1.005000,-0.019000,-0.019000
14196,14196000,-1.005000,-0.019000,-0.019000
14202,14202000,-1.005000,-0.019000,-0.019000
14208,14208000,-1.005000,-0.019000,-0.019000
14214,14214000,-1.005000,-0.019000,-0.019000
14220,14220000,-1.005000,-0.019000,-0.019000
14226,14226000,-1.005000,-0.019000,-0.019000
14232,14232000,-1.005000,-0.019000,-0.019000
14238,14238000,-1.005000,-0.019000,-0.019000
14244,14244000,-1.005000,-0.019000,-0.019000
14250,14250000,-1.005000,-0.019000,0.009500
14256,14256000,-1.005000,-0.019000,0.009500
14262,14262000,-1.005000,-0.019000,0.009500
14268,14268000,-1.005000,-0.019000,0.009500
14274,14274000,-1.005000,-0.019000,0.009500
14280,14280000,-1.005000,-0.019000,0.009500
14286,14286000,-1.005000,-0.019000,0.009500
14292,14292000,-1.005000,-0.019000,0.009500
14298,14298000,-1.005000,-0.019000,0.009500
14304,14304000,-1.005000,-0.019000,0.009500
14310,14310000,-1.005000,-0.019000,0.009500
14316,14316000,-1.005000,-0.019000,0.009500
14322,14322000,-1.005000,-0.019000,0.009500
14328,14328000,-1.005000,-0.019000,0.009500
14334,14334000,-1.005000,-0.019000,0.009500
14340,14340000,-1.005000,-0.019000,0.009500
14346,14346000,-1.005000,-0.019000,0.009500
14352,14352000,-1.005000,-0.019000,0.009500
14358,14358000,-1.005000,-0.019000,0.009500
14364,14364000,-1.005000,-0.019000,0.009500
14370,14370000,-1.005000,-0.019000,0.009500
14376,14376000,-1.005000,-0.019000,0.009500
14382,14382000,-1.005000,-0.019000,0.009500
14388,14388000,-1.005000,-0.019000,0.009500
14394,14394000,-1.005000,-0.019000,0.009500
14400,14400000,-1.005000,-0.019000,0.009500
14406,14406000,-1.005000,-0.019000,0.009500
14412,14412000,-1.005000,-0.019000,0.009500
14418,14418000,-1.005000,-0.019000,0.009500
14424,14424000,-1.005000,-0.019000,0.009500
14430,14430000,-1.005000,-0.019000,0.009500
14436,14436000,-1.005000,-0.019000,0.009500
14442,14442000,-1.005000,-0.019000,0.009500
14448,14448000,-1.005000,-0.019000,0.009500
14454,14454000,-1.005000,-0.019000,0.009500
14460,14460000,-1.005000,-0.019000,0.009500
14466,14466000,-1.005000,-0.019000,0.009500
14472,14472000,-1.005000,-0.019000,0.009500
14478,14478000,-1.005000,-0.019000,0.009500
14484,14484000,-1.005000,-0.019000,0.009500
14490,14490000,-1.005000,-0.019000,0.009500
14496,14496000,-1.005000,-0.019000,0.009500
14502,14502000,-1.005000,-0.019000,0.009500
14508,14508000,-1.005000,-0.019000,0.009500
14514,14514000,-1.005000,-0.019000,0.009500
14520,14520000,-1.005000,-0.019000,0.009500
14526,14526000,-1.005000,-0.019000,0.009500
14532,14532000,-1.005000,-0.019000,0.009500
14538,14538000,-1.005000,-0.019000,0.009500
14544,14544000,-1.005000,-0.019000,0.009500
14550,14550000,-1.005000,-0.019000,0.009500
14556,14556000,-1.005000,-0.019000,0.009500
14562,14562000,-1.005000,-0.019000,0.009500
14568,14568000,-1.005000,-0.019000,0.009500
14574,14574000,-1.005000,-0.019000,0.009500
14580,14580000,-1.005000,-0.019000,0.009500
14586,14586000,-1.005000,-0.019000,0.009500
14592,14592000,-1.005000,-0.019000,0.009500
14598,14598000,-1.005000,-0.019000,0.009500
14604,14604000,-1.005000,-0.019000,0.009500
14610,14610000,-1.005000,-0.019000,0.009500
14616,14616000,-1.005000,-0.019000,0.009500
14622,14622000,-1.005000,-0.019000,0.009500
14628,14628000,-1.005000,-0.019000,0.009500
14634,14634000,-1.005000,-0.019000,0.009500
14640,14640000,-1.005000,-0.019000,0.009500
14646,14646000,-1.005000,-0.019000,0.009500
14652,14652000,-1.005000,-0.019000,0.009500
14658,14658000,-1.005000,-0.019000,0.009500
14664,14664000,-1.005000,-0.019000,0.009500
14670,14670000,-1.005000,-0.019000,0.009500
14676,14676000,-1.005000,-0.019000,0.009500
14682,14682000,-1.005000,-0.019000,0.009500
14688,14688000,-1.005000,-0.019000,0.009500
14694,14694000,-1.005000,-0.019000,0.009500
14700,14700000,-0.997500,-0.019000,0.009500
14706,14706000,-0.997500,-0.019000,0.009500
14712,14712000,-0.997500,-0.019000,0.009500
14718,14718000,-0.997500,-0.019000,0.009500
14724,14724000,-0.997500,-0.019000,0.009500
14730,14730000,-0.997500,-0.019000,0.009500
14736,14736000,-0.997500,-0.019000,0.009500
14742,14742000,-0.997500,-0.019000,0.009500
14748,14748000,-0.997500,-0.019000,0.009500
14754,14754000,-0.997500,-0.019000,0.009500
14760,14760000,-0.997500,-0.019000,0.009500
14766,14766000,-0.997500,-0.019000,0.009500
14772,14772000,-0.997500,-0.019000,0.009500
14778,14778000,-0.997500,-0.019000,0.009500
14784,14784000,-0.997500,-0.019000,0.009500
14790,14790000,-0.997500,-0.019000,0.009500
14796,14796000,-0.997500,-0.019000,0.009500
14802,14802000,-0.997500,-0.019000,0.009500
14808,14808000,-0.997500,-0.019000,0.009500
14814,14814000,-0.997500,-0.019000,0.009500
14820,14820000,-0.997500,-0.019000,0.009500
14826,14826000,-0.997500,-0.019000,0.009500
14832,14832000,-0.997500,-0.019000,0.009500
14838,14838000,-0.997500,-0.019000,0.009500
14844,14844000,-0.997500,-0.019000,0.009500
14850,14850000,-0.997500,-0.019000,0.009500
14856,14856000,-0.997500,-0.019000,0.009500
14862,14862000,-0.997500,-0.019000,0.009500
14868,14868000,-0.997500,-0.019000,0.009500
14874,14874000,-0.997500,-0.019000,0.009500
14880,14880000,-0.997500,-0.019000,0.009500
14886,14886000,-0.997500,-0.019000,0.009500
14892,14892000,-0.997500,-0.019000,0.009500
14898,14898000,-0.997500,-0.019000,0.009500
14904,14904000,-0.997500,-0.019000,0.009500
14910,14910000,-0.997500,-0.019000,0.009500
14916,14916000,-0.997500,-0.019000,0.009500
14922,14922000,-0.997500,-0.019000,0.009500
14928,14928000,-0.997500,-0.019000,0.009500
14934,14934000,-0.997500,-0.019000,0.009500
14940,14940000,-0.997500,-0.019000,0.009500
14946,14946000,-0.997500,-0.019000,0.009500
14952,14952000,-0.997500,-0.019000,0.009500
14958,14958000,-0.997500,-0.019000,0.009500
14964,14964000,-0.997500,-0.019000,0.009500
14970,14970000,-0.997500,-0.019000,0.009500
14976,14976000,-0.997500,-0.019000,0.009500
14982,14982000,-0.997500,-0.019000,0.009500
14988,14988000,-0.997500,-0.019000,0.009500
14994,14994000,-0.997500,-0.019000,0.009500
15000,15000000,-0.997500,0.009500,0.009500
15006,15006000,-0.997500,0.009500,0.009500
15012,15012000,-0.997500,0.009500,0.009500
15018,15018000,-0.997500,0.009500,0.009500
15024,15024000,-0.997500,0.009500,0.009500
15030,15030000,-0.997500,0.009500,0.009500
15036,15036000,-0.997500,0.009500,0.009500
15042,15042000,-0.997500,0.009500,0.009500
15048,15048000,-0.997500,0.009500,0.009500
15054,15054000,-0.997500,0.009500,0.009500
15060,15060000,-0.997500,0.009500,0.009500
15066,15066000,-0.997500,0.009500,0.009500
15072,15072000,-0.997500,0.009500,0.009500
15078,15078000,-0.997500,0.009500,0.009500
15084,15084000,-0.997500,0.009500,0.009500
15090,15090000,-0.997500,0.009500,0.009500
15096,15096000,-0.997500,0.009500,0.009500
15102,15102000,-0.997500,0.009500,0.009500
15108,15108000,-0.997500,0.009500,0.009500
15114,15114000,-0.997500,0.009500,0.009500
15120,15120000,-0.997500,0.009500,0.009500
15126,15126000,-0.997500,0.009500,0.009500
15132,15132000,-0.997500,0.009500,0.009500
15138,15138000,-0.997500,0.009500,0.009500
15144,15144000,-0.997500,0.009500,0.009500
15150,15150000,-0.997500,0.009500,0.009500
15156,15156000,-0.997500,0.009500,0.009500
15162,15162000,-0.997500,0.009500,0.009500
15168,15168000,-0.997500,0.009500,0.009500
15174,15174000,-0.997500,0.009500,0.009500
15180,15180000,-0.997500,0.009500,0.009500
15186,15186000,-0.997500,0.009500,0.009500
15192,15192000,-0.997500,0.009500,0.009500
15198,15198000,-0.997500,0.009500,0.009500
15204,15204000,-0.997500,0.009500,0.009500
15210,15210000,-0.997500,0.009500,0.009500
15216,15216000,-0.997500,0.009500,0.009500
15222,15222000,-0.997500,0.009500,0.009500
15228,15228000,-0.997500,0.009500,0.009500
15234,15234000,-0.997500,0.009500,0.009500
15240,15240000,-0.997500,0.009500,0.009500
15246,15246000,-0.997500,0.009500,0.009500
15252,15252000,-0.997500,0.009500,0.009500
15258,15258000,-0.997500,0.009500,0.009500
15264,15264000,-0.997500,0.009500,0.009500
15270,15270000,-0.997500,0.009500,0.009500
15276,15276000,-0.997500,0.009500,0.009500
15282,15282000,-0.997500,0.009500,0.009500
15288,15288000,-0.997500,0.009500,0.009500
15294,15294000,-0.997500,0.009500,0.009500
15300,15300000,-0.997500,0.009500,0.009500
15306,15306000,-0.997500,0.009500,0.009500
15312,15312000,-0.997500,0.009500,0.009500
15318,15318000,-0.997500,0.009500,0.009500
15324,15324000,-0.997500,0.009500,0.009500
15330,15330000,-0.997500,0.009500,0.009500
15336,15336000,-0.997500,0.009500,0.009500
15342,15342000,-0.997500,0.009500,0.009500
15348,15348000,-0.997500,0.009500,0.009500
15354,15354000,-0.997500,0.009500,0.009500
15360,15360000,-0.997500,0.009500,0.009500
15366,15366000,-0.997500,0.009500,0.009500
15372,15372000,-0.997500,0.009500,0.009500
15378,15378000,-0.997500,0.009500,0.009500
15384,15384000,-0.997500,0.009500,0.009500
15390,15390000,-0.997500,0.009500,0.009500
15396,15396000,-0.997500,0.009500,0.009500
15402,15402000,-0.997500,0.009500,0.009500
15408,15408000,-0.997500,0.009500,0.009500
15414,15414000,-0.997500,0.009500,0.009500
15420,15420000,-0.997500,0.009500,0.009500
15426,15426000,-0.997500,0.009500,0.009500
15432,15432000,-0.997500,0.009500,0.009500
15438,15438000,-0.997500,0.009500,0.009500
15444,15444000,-0.997500,0.009500,0.009500
15450,15450000,-0.997500,0.009500,0.009500
15456,15456000,-0.997500,0.009500,0.009500
15462,15462000,-0.997500,0.009500,0.009500
15468,15468000,-0.997500,0.009500,0.009500
15474,15474000,-0.997500,0.009500,0.009500
15480,15480000,-0.997500,0.009500,0.009500
15486,15486000,-0.997500,0.009500,0.009500
15492,15492000,-0.997500,0.009500,0.009500
15498,15498000,-0.997500,0.009500,0.009500
15504,15504000,-0.997500,0.009500,0.009500
15510,15510000,-0.997500,0.009500,0.009500
15516,15516000,-0.997500,0.009500,0.009500
15522,15522000,-0.997500,0.009500,0.009500
15528,15528000,-0.997500,0.009500,0.009500
15534,15534000,-0.997500,0.009500,0.009500
15540,15540000,-0.997500,0.009500,0.009500
15546,15546000,-0.997500,0.009500,0.009500
15552,15552000,-0.997500,0.009500,0.009500
15558,15558000,-0.997500,0.009500,0.009500
15564,15564000,-0.997500,0.009500,0.009500
15570,15570000,-0.997500,0.009500,0.009500
15576,15576000,-0.997500,0.009500,0.009500
15582,15582000,-0.997500,0.009500,0.009500
15588,15588000,-0.997500,0.009500,0.009500
15594,15594000,-0.997500,0.009500,0.009500
15600,15600000,-0.997500,0.009500,0.009500
15606,15606000,-0.997500,0.009500,0.009500
15612,15612000,-0.997500,0.009500,0.009500
15618,15618000,-0.997500,0.009500,0.009500
15624,15624000,-0.997500,0.009500,0.009500
15630,15630000,-0.997500,0.009500,0.009500
15636,15636000,-0.997500,0.009500,0.009500
15642,15642000,-0.997500,0.009500,0.009500
15648,15648000,-0.997500,0.009500,0.009500
15654,15654000,-0.997500,0.009500,0.009500
15660,15660000,-0.997500,0.009500,0.009500
15666,15666000,-0.997500,0.009500,0.009500
15672,15672000,-0.997500,0.009500,0.009500
15678,15678000,-0.997500,0.009500,0.009500
15684,15684000,-0.997500,0.009500,0.009500
15690,15690000,-0.997500,0.009500,0.009500
15696,15696000,-0.997500,0.009500,0.009500
15702,15702000,-0.997500,0.009500,0.009500
15708,15708000,-0.997500,0.009500,0.009500
15714,15714000,-0.997500,0.009500,0.009500
15720,15720000,-0.997500,0.009500,0.009500
15726,15726000,-0.997500,0.009500,0.009500
15732,15732000,-0.997500,0.009500,0.009500
15738,15738000,-0.997500,0.009500,0.009500
15744,15744000,-0.997500,0.009500,0.009500
15750,15750000,-0.997500,0.009500,-0.009500
15756,15756000,-0.997500,0.009500,-0.009500
15762,15762000,-0.997500,0.009500,-0.009500
15768,15768000,-0.997500,0.009500,-0.009500
15774,15774000,-0.997500,0.009500,-0.009500
15780,15780000,-0.997500,0.009500,-0.009500
15786,15786000,-0.997500,0.009500,-0.009500
15792,15792000,-0.997500,0.009500,-0.009500
15798,15798000,-0.997500,0.009500,-0.009500
15804,15804000,-0.997500,0.009500,-0.009500
15810,15810000,-0.997500,0.009500,-0.009500
15816,15816000,-0.997500,0.009500,-0.009500
15822,15822000,-0.997500,0.009500,-0.009500
15828,15828000,-0.997500,0.009500,-0.009500
15834,15834000,-0.997500,0.009500,-0.009500
15840,15840000,-0.997500,0.009500,-0.009500
15846,15846000,-0.997500,0.009500,-0.009500
15852,15852000,-0.997500,0.009500,-0.009500
15858,15858000,-0.997500,0.009500,-0.009500
15864,15864000,-0.997500,0.009500,-0.009500
15870,15870000,-0.997500,0.009500,-0.009500
15876,15876000,-0.997500,0.009500,-0.009500
15882,15882000,-0.997500,0.009500,-0.009500
15888,15888000,-0.997500,0.009500,-0.009500
15894,15894000,-0.997500,0.009500,-0.009500
15900,15900000,-0.997500,0.009500,-0.009500
15906,15906000,-0.997500,0.009500,-0.009500
15912,15912000,-0.997500,0.009500,-0.009500
15918,15918000,-0.997500,0.009500,-0.009500
15924,15924000,-0.997500,0.009500,-0.009500
15930,15930000,-0.997500,0.009500,-0.009500
15936,15936000,-0.997500,0.009500,-0.009500
15942,15942000,-0.997500,0.009500,-0.009500
15948,15948000,-0.997500,0.009500,-0.009500
15954,15954000,-0.997500,0.009500,-0.009500
15960,15960000,-0.997500,0.009500,-0.009500
15966,15966000,-0.997500,0.009500,-0.009500
15972,15972000,-0.997500,0.009500,-0.009500
15978,15978000,-0.997500,0.009500,-0.009500
15984,15984000,-0.997500,0.009500,-0.009500
15990,15990000,-0.997500,0.009500,-0.009500
15996,15996000,-0.997500,0.009500,-0.009500
16002,16002000,-0.997500,0.009500,-0.009500
16008,16008000,-0.997500,0.009500,-0.009500
16014,16014000,-0.997500,0.009500,-0.009500
16020,16020000,-0.997500,0.009500,-0.009500
16026,16026000,-0.997500,0.009500,-0.009500
16032,16032000,-0.997500,0.009500,-0.009500
16038,16038000,-0.997500,0.009500,-0.009500
16044,16044000,-0.997500,0.009500,-0.009500
16050,16050000,-0.997500,0.009500,-0.009500
16056,16056000,-0.997500,0.009500,-0.009500
16062,16062000,-0.997500,0.009500,-0.009500
16068,16068000,-0.997500,0.009500,-0.009500
16074,16074000,-0.997500,0.009500,-0.009500
16080,16080000,-0.997500,0.009500,-0.009500
16086,16086000,-0.997500,0.009500,-0.009500
16092,16092000,-0.997500,0.009500,-0.009500
16098,16098000,-0.997500,0.009500,-0.009500
16104,16104000,-0.997500,0.009500,-0.009500
16110,16110000,-0.997500,0.009500,-0.009500
16116,16116000,-0.997500,0.009500,-0.009500
16122,16122000,-0.997500,0.009500,-0.009500
16128,16128000,-0.997500,0.009500,-0.009500
16134,16134000,-0.997500,0.009500,-0.009500
16140,16140000,-0.997500,0.009500,-0.009500
16146,16146000,-0.997500,0.009500,-0.009500
16152,16152000,-0.997500,0.009500,-0.009500
16158,16158000,-0.997500,0.009500,-0.009500
16164,16164000,-0.997500,0.009500,-0.009500
16170,16170000,-0.997500,0.009500,-0.009500
16176,16176000,-0.997500,0.009500,-0.009500
16182,16182000,-0.997500,0.009500,-0.009500
16188,16188000,-0.997500,0.009500,-0.009500
16194,16194000,-0.997500,0.009500,-0.009500
16200,16200000,-1.002500,0.009500,-0.009500
16206,16206000,-1.002500,0.009500,-0.009500
16212,16212000,-1.002500,0.009500,-0.009500
16218,16218000,-1.002500,0.009500,-0.009500
16224,16224000,-1.002500,0.009500,-0.009500
16230,16230000,-1.002500,0.009500,-0.009500
16236,16236000,-1.002500,0.009500,-0.009500
16242,16242000,-1.002500,0.009500,-0.009500
16248,16248000,-1.002500,0.009500,-0.009500
16254,16254000,-1.002500,0.009500,-0.009500
16260,16260000,-1.002500,0.009500,-0.009500
16266,16266000,-1.002500,0.009500,-0.009500
16272,16272000,-1.002500,0.009500,-0.009500
16278,16278000,-1.002500,0.009500,-0.009500
16284,16284000,-1.002500,0.009500,-0.009500
16290,16290000,-1.002500,0.009500,-0.009500
16296,16296000,-1.002500,0.009500,-0.009500
16302,16302000,-1.002500,0.009500,-0.009500
16308,16308000,-1.002500,0.009500,-0.009500
16314,16314000,-1.002500,0.009500,-0.009500
16320,16320000,-1.002500,0.009500,-0.009500
16326,16326000,-1.002500,0.009500,-0.009500
16332,16332000,-1.002500,0.009500,-0.009500
16338,16338000,-1.002500,0.009500,-0.009500
16344,16344000,-1.002500,0.009500,-0.009500
16350,16350000,-1.002500,0.009500,-0.009500
16356,16356000,-1.002500,0.009500,-0.009500
16362,16362000,-1.002500,0.009500,-0.009500
16368,16368000,-1.002500,0.009500,-0.009500
16374,16374000,-1.002500,0.009500,-0.009500
16380,16380000,-1.002500,0.009500,-0.009500
16386,16386000,-1.002500,0.009500,-0.009500
16392,16392000,-1.002500,0.009500,-0.009500
16398,16398000,-1.002500,0.009500,-0.009500
16404,16404000,-1.002500,0.009500,-0.009500
16410,16410000,-1.002500,0.009500,-0.009500
16416,16416000,-1.002500,0.009500,-0.009500
16422,16422000,-1.002500,0.009500,-0.009500
16428,16428000,-1.002500,0.009500,-0.009500
16434,16434000,-1.002500,0.009500,-0.009500
16440,16440000,-1.002500,0.009500,-0.009500
16446,16446000,-1.002500,0.009500,-0.009500
16452,16452000,-1.002500,0.009500,-0.009500
16458,16458000,-1.002500,0.009500,-0.009500
16464,16464000,-1.002500,0.009500,-0.009500
16470,16470000,-1.002500,0.009500,-0.009500
16476,16476000,-1.002500,0.009500,-0.009500
16482,16482000,-1.002500,0.009500,-0.009500
16488,16488000,-1.002500,0.009500,-0.009500
16494,16494000,-1.002500,0.009500,-0.009500
16500,16500000,-1.002500,-0.009500,-0.009500
16506,16506000,-1.002500,-0.009500,-0.009500
16512,16512000,-1.002500,-0.009500,-0.009500
16518,16518000,-1.002500,-0.009500,-0.009500
16524,16524000,-1.002500,-0.009500,-0.009500
16530,16530000,-1.002500,-0.009500,-0.009500
16536,16536000,-1.002500,-0.009500,-0.009500
16542,16542000,-1.002500,-0.009500,-0.009500
16548,16548000,-1.002500,-0.009500,-0.009500
16554,16554000,-1.002500,-0.009500,-0.009500
16560,16560000,-1.002500,-0.009500,-0.009500
16566,16566000,-1.002500,-0.009500,-0.009500
16572,16572000,-1.002500,-0.009500,-0.009500
16578,16578000,-1.002500,-0.009500,-0.009500
16584,16584000,-1.002500,-0.009500,-0.009500
16590,16590000,-1.002500,-0.009500,-0.009500
16596,16596000,-1.002500,-0.009500,-0.009500
16602,16602000,-1.002500,-0.009500,-0.009500
16608,16608000,-1.002500,-0.009500,-0.009500
16614,16614000,-1.002500,-0.009500,-0.009500
16620,16620000,-1.002500,-0.009500,-0.009500
16626,16626000,-1.002500,-0.009500,-0.009500
16632,16632000,-1.002500,-0.009500,-0.009500
16638,16638000,-1.002500,-0.009500,-0.009500
16644,16644000,-1.002500,-0.009500,-0.009500
16650,16650000,-1.002500,-0.009500,-0.009500
16656,16656000,-1.002500,-0.009500,-0.009500
16662,16662000,-1.002500,-0.009500,-0.009500
16668,16668000,-1.002500,-0.009500,-0.009500
16674,16674000,-1.002500,-0.009500,-0.009500
16680,16680000,-1.002500,-0.009500,-0.009500
16686,16686000,-1.002500,-0.009500,-0.009500
16692,16692000,-1.002500,-0.009500,-0.009500
16698,16698000,-1.002500,-0.009500,-0.009500
16704,16704000,-1.002500,-0.009500,-0.009500
16710,16710000,-1.002500,-0.009500,-0.009500
16716,16716000,-1.002500,-0.009500,-0.009500
16722,16722000,-1.002500,-0.009500,-0.009500
16728,16728000,-1.002500,-0.009500,-0.009500
16734,16734000,-1.002500,-0.009500,-0.009500
16740,16740000,-1.002500,-0.009500,-0.009500
16746,16746000,-1.002500,-0.009500,-0.009500
16752,16752000,-1.002500,-0.009500,-0.009500
16758,16758000,-1.002500,-0.009500,-0.009500
16764,16764000,-1.002500,-0.009500,-0.009500
16770,16770000,-1.002500,-0.009500,-0.009500
16776,16776000,-1.002500,-0.009500,-0.009500
16782,16782000,-1.002500,-0.009500,-0.009500
16788,16788000,-1.002500,-0.009500,-0.009500
16794,16794000,-1.002500,-0.009500,-0.009500
16800,16800000,-1.002500,-0.009500,-0.009500
16806,16806000,-1.002500,-0.009500,-0.009500
16812,16812000,-1.002500,-0.009500,-0.009500
16818,16818000,-1.002500,-0.009500,-0.009500
16824,16824000,-1.002500,-0.009500,-0.009500
16830,16830000,-1.002500,-0.009500,-0.009500
16836,16836000,-1.002500,-0.009500,-0.009500
16842,16842000,-1.002500,-0.009500,-0.009500
16848,16848000,-1.002500,-0.009500,-0.009500
16854,16854000,-1.002500,-0.009500,-0.009500
16860,16860000,-1.002500,-0.009500,-0.009500
16866,16866000,-1.002500,-0.009500,-0.009500
16872,16872000,-1.002500,-0.009500,-0.009500
16878,16878000,-1.002500,-0.009500,-0.009500
16884,16884000,-1.002500,-0.009500,-0.009500
16890,16890000,-1.002500,-0.009500,-0.009500
16896,16896000,-1.002500,-0.009500,-0.009500
16902,16902000,-1.002500,-0.009500,-0.009500
16908,16908000,-1.002500,-0.009500,-0.009500
16914,16914000,-1.002500,-0.009500,-0.009500
16920,16920000,-1.002500,-0.009500,-0.009500
16926,16926000,-1.002500,-0.009500,-0.009500
16932,16932000,-1.002500,-0.009500,-0.009500
16938,16938000,-1.002500,-0.009500,-0.009500
16944,16944000,-1.002500,-0.009500,-0.009500
16950,16950000,-1.002500,-0.009500,-0.009500
16956,16956000,-1.002500,-0.009500,-0.009500
16962,16962000,-1.002500,-0.009500,-0.009500
16968,16968000,-1.002500,-0.009500,-0.009500
16974,16974000,-1.002500,-0.009500,-0.009500
16980,16980000,-1.002500,-0.009500,-0.009500
16986,16986000,-1.002500,-0.009500,-0.009500
16992,16992000,-1.002500,-0.009500,-0.009500
16998,16998000,-1.002500,-0.009500,-0.009500
17004,17004000,-1.002500,-0.009500,-0.009500
17010,17010000,-1.002500,-0.009500,-0.009500
17016,17016000,-1.002500,-0.009500,-0.009500
17022,17022000,-1.002500,-0.009500,-0.009500
17028,17028000,-1.002500,-0.009500,-0.009500
17034,17034000,-1.002500,-0.009500,-0.009500
17040,17040000,-1.002500,-0.009500,-0.009500
17046,17046000,-1.002500,-0.009500,-0.009500
17052,17052000,-1.002500,-0.009500,-0.009500
17058,17058000,-1.002500,-0.009500,-0.009500
17064,17064000,-1.002500,-0.009500,-0.009500
17070,17070000,-1.002500,-0.009500,-0.009500
17076,17076000,-1.002500,-0.009500,-0.009500
17082,17082000,-1.002500,-0.009500,-0.009500
17088,17088000,-1.002500,-0.009500,-0.009500
17094,17094000,-1.002500,-0.009500,-0.009500
17100,17100000,-1.002500,-0.009500,-0.009500
17106,17106000,-1.002500,-0.009500,-0.009500
17112,17112000,-1.002500,-0.009500,-0.009500
17118,17118000,-1.002500,-0.009500,-0.009500
17124,17124000,-1.002500,-0.009500,-0.009500
17130,17130000,-1.002500,-0.009500,-0.009500
17136,17136000,-1.002500,-0.009500,-0.009500
17142,17142000,-1.002500,-0.009500,-0.009500
17148,17148000,-1.002500,-0.009500,-0.009500
17154,17154000,-1.002500,-0.009500,-0.009500
17160,17160000,-1.002500,-0.009500,-0.009500
17166,17166000,-1.002500,-0.009500,-0.009500
17172,17172000,-1.002500,-0.009500,-0.009500
17178,17178000,-1.002500,-0.009500,-0.009500
17184,17184000,-1.002500,-0.009500,-0.009500
17190,17190000,-1.002500,-0.009500,-0.009500
17196,17196000,-1.002500,-0.009500,-0.009500
17202,17202000,-1.002500,-0.009500,-0.009500
17208,17208000,-1.002500,-0.009500,-0.009500
17214,17214000,-1.002500,-0.009500,-0.009500
17220,17220000,-1.002500,-0.009500,-0.009500
17226,17226000,-1.002500,-0.009500,-0.009500
17232,17232000,-1.002500,-0.009500,-0.009500
17238,17238000,-1.002500,-0.009500,-0.009500
17244,17244000,-1.002500,-0.009500,-0.009500
17250,17250000,-1.002500,-0.009500,0.019000
17256,17256000,-1.002500,-0.009500,0.019000
17262,17262000,-1.002500,-0.009500,0.019000
17268,17268000,-1.002500,-0.009500,0.019000
17274,17274000,-1.002500,-0.009500,0.019000
17280,17280000,-1.002500,-0.009500,0.019000
17286,17286000,-1.002500,-0.009500,0.019000
17292,17292000,-1.002500,-0.009500,0.019000
17298,17298000,-1.002500,-0.009500,0.019000
17304,17304000,-1.002500,-0.009500,0.019000
17310,17310000,-1.002500,-0.009500,0.019000
17316,17316000,-1.002500,-0.009500,0.019000
17322,17322000,-1.002500,-0.009500,0.019000
17328,17328000,-1.002500,-0.009500,0.019000
17334,17334000,-1.002500,-0.009500,0.019000
17340,17340000,-1.002500,-0.009500,0.019000
17346,17346000,-1.002500,-0.009500,0.019000
17352,17352000,-1.002500,-0.009500,0.019000
17358,17358000,-1.002500,-0.009500,0.019000
17364,17364000,-1.002500,-0.009500,0.019000
17370,17370000,-1.002500,-0.009500,0.019000
17376,17376000,-1.002500,-0.009500,0.019000
17382,17382000,-1.002500,-0.009500,0.019000
17388,17388000,-1.002500,-0.009500,0.019000
17394,17394000,-1.002500,-0.009500,0.019000
17400,17400000,-1.002500,-0.009500,0.019000
17406,17406000,-1.002500,-0.009500,0.019000
17412,17412000,-1.002500,-0.009500,0.019000
17418,17418000,-1.002500,-0.009500,0.019000
17424,17424000,-1.002500,-0.009500,0.019000
17430,17430000,-1.002500,-0.009500,0.019000
17436,17436000,-1.002500,-0.009500,0.019000
17442,17442000,-1.002500,-0.009500,0.019000
17448,17448000,-1.002500,-0.009500,0.019000
17454,17454000,-1.002500,-0.009500,0.019000
17460,17460000,-1.002500,-0.009500,0.019000
17466,17466000,-1.002500,-0.009500,0.019000
17472,17472000,-1.002500,-0.009500,0.019000
17478,17478000,-1.002500,-0.009500,0.019000
17484,17484000,-1.002500,-0.009500,0.019000
17490,17490000,-1.002500,-0.009500,0.019000
17496,17496000,-1.002500,-0.009500,0.019000
17502,17502000,-1.002500,-0.009500,0.019000
17508,17508000,-1.002500,-0.009500,0.019000
17514,17514000,-1.002500,-0.009500,0.019000
17520,17520000,-1.002500,-0.009500,0.019000
17526,17526000,-1.002500,-0.009500,0.019000
17532,17532000,-1.002500,-0.009500,0.019000
17538,17538000,-1.002500,-0.009500,0.019000
17544,17544000,-1.002500,-0.009500,0.019000
17550,17550000,-1.002500,-0.009500,0.019000
17556,17556000,-1.002500,-0.009500,0.019000
17562,17562000,-1.002500,-0.009500,0.019000
17568,17568000,-1.002500,-0.009500,0.019000
17574,17574000,-1.002500,-0.009500,0.019000
17580,17580000,-1.002500,-0.009500,0.019000
17586,17586000,-1.002500,-0.009500,0.019000
17592,17592000,-1.002500,-0.009500,0.019000
17598,17598000,-1.002500,-0.009500,0.019000
17604,17604000,-1.002500,-0.009500,0.019000
17610,17610000,-1.002500,-0.009500,0.019000
17616,17616000,-1.002500,-0.009500,0.019000
17622,17622000,-1.002500,-0.009500,0.019000
17628,17628000,-1.002500,-0.009500,0.019000
17634,17634000,-1.002500,-0.009500,0.019000
17640,17640000,-1.002500,-0.009500,0.019000
17646,17646000,-1.002500,-0.009500,0.019000
17652,17652000,-1.002500,-0.009500,0.019000
17658,17658000,-1.002500,-0.009500,0.019000
17664,17664000,-1.002500,-0.009500,0.019000
17670,17670000,-1.002500,-0.009500,0.019000
17676,17676000,-1.002500,-0.009500,0.019000
17682,17682000,-1.002500,-0.009500,0.019000
17688,17688000,-1.002500,-0.009500,0.019000
17694,17694000,-1.002500,-0.009500,0.019000
17700,17700000,-0.995000,-0.009500,0.019000
17706,17706000,-0.995000,-0.009500,0.019000
17712,17712000,-0.995000,-0.009500,0.019000
17718,17718000,-0.995000,-0.009500,0.019000
17724,17724000,-0.995000,-0.009500,0.019000
17730,17730000,-0.995000,-0.009500,0.019000
17736,17736000,-0.995000,-0.009500,0.019000
17742,17742000,-0.995000,-0.009500,0.019000
17748,17748000,-0.995000,-0.009500,0.019000
17754,17754000,-0.995000,-0.009500,0.019000
17760,17760000,-0.995000,-0.009500,0.019000
17766,17766000,-0.995000,-0.009500,0.019000
17772,17772000,-0.995000,-0.009500,0.019000
17778,17778000,-0.995000,-0.009500,0.019000
17784,17784000,-0.995000,-0.009500,0.019000
17790,17790000,-0.995000,-0.009500,0.019000
17796,17796000,-0.995000,-0.009500,0.019000
17802,17802000,-0.995000,-0.009500,0.019000
17808,17808000,-0.995000,-0.009500,0.019000
17814,17814000,-0.995000,-0.009500,0.019000
17820,17820000,-0.995000,-0.009500,0.019000
17826,17826000,-0.995000,-0.009500,0.019000
17832,17832000,-0.995000,-0.009500,0.019000
17838,17838000,-0.995000,-0.009500,0.019000
17844,17844000,-0.995000,-0.009500,0.019000
17850,17850000,-0.995000,-0.009500,0.019000
17856,17856000,-0.995000,-0.009500,0.019000
17862,17862000,-0.995000,-0.009500,0.019000
17868,17868000,-0.995000,-0.009500,0.019000
17874,17874000,-0.995000,-0.009500,0.019000
17880,17880000,-0.995000,-0.009500,0.019000
17886,17886000,-0.995000,-0.009500,0.019000
17892,17892000,-0.995000,-0.009500,0.019000
17898,17898000,-0.995000,-0.009500,0.019000
17904,17904000,-0.995000,-0.009500,0.019000
17910,17910000,-0.995000,-0.009500,0.019000
17916,17916000,-0.995000,-0.009500,0.019000
17922,17922000,-0.995000,-0.009500,0.019000
17928,17928000,-0.995000,-0.009500,0.019000
17934,17934000,-0.995000,-0.009500,0.019000
17940,17940000,-0.995000,-0.009500,0.019000
17946,17946000,-0.995000,-0.009500,0.019000
17952,17952000,-0.995000,-0.009500,0.019000
17958,17958000,-0.995000,-0.009500,0.019000
17964,17964000,-0.995000,-0.009500,0.019000
17970,17970000,-0.995000,-0.009500,0.019000
17976,17976000,-0.995000,-0.009500,0.019000
17982,17982000,-0.995000,-0.009500,0.019000
17988,17988000,-0.995000,-0.009500,0.019000
17994,17994000,-0.995000,-0.009500,0.019000
18000,18000000,-0.995000,0.019000,0.019000
18006,18006000,-0.995000,0.019000,0.019000
18012,18012000,-0.995000,0.019000,0.019000
18018,18018000,-0.995000,0.019000,0.019000
18024,18024000,-0.995000,0.019000,0.019000
18030,18030000,-0.995000,0.019000,0.019000
18036,18036000,-0.995000,0.019000,0.019000
18042,18042000,-0.995000,0.019000,0.019000
18048,18048000,-0.995000,0.019000,0.019000
18054,18054000,-0.995000,0.019000,0.019000
18060,18060000,-0.995000,0.019000,0.019000
18066,18066000,-0.995000,0.019000,0.019000
18072,18072000,-0.995000,0.019000,0.019000
18078,18078000,-0.995000,0.019000,0.019000
18084,18084000,-0.995000,0.019000,0.019000
18090,18090000,-0.995000,0.019000,0.019000
18096,18096000,-0.995000,0.019000,0.019000
18102,18102000,-0.995000,0.019000,0.019000
18108,18108000,-0.995000,0.019000,0.019000
18114,18114000,-0.995000,0.019000,0.019000
18120,18120000,-0.995000,0.019000,0.019000
18126,18126000,-0.995000,0.019000,0.019000
18132,18132000,-0.995000,0.019000,0.019000
18138,18138000,-0.995000,0.019000,0.019000
18144,18144000,-0.995000,0.019000,0.019000
18150,18150000,-0.995000,0.019000,0.019000
18156,18156000,-0.995000,0.019000,0.019000
18162,18162000,-0.995000,0.019000,0.019000
18168,18168000,-0.995000,0.019000,0.019000
18174,18174000,-0.995000,0.019000,0.019000
18180,18180000,-0.995000,0.019000,0.019000
18186,18186000,-0.995000,0.019000,0.019000
18192,18192000,-0.995000,0.019000,0.019000
18198,18198000,-0.995000,0.019000,0.019000
18204,18204000,-0.995000,0.019000,0.019000
18210,18210000,-0.995000,0.019000,0.019000
18216,18216000,-0.995000,0.019000,0.019000
18222,18222000,-0.995000,0.019000,0.019000
18228,18228000,-0.995000,0.019000,0.019000
18234,18234000,-0.995000,0.019000,0.019000
18240,18240000,-0.995000,0.019000,0.019000
18246,18246000,-0.995000,0.019000,0.019000
18252,18252000,-0.995000,0.019000,0.019000
18258,18258000,-0.995000,0.019000,0.019000
18264,18264000,-0.995000,0.019000,0.019000
18270,18270000,-0.995000,0.019000,0.019000
18276,18276000,-0.995000,0.019000,0.019000
18282,18282000,-0.995000,0.019000,0.019000
18288,18288000,-0.995000,0.019000,0.019000
18294,18294000,-0.995000,0.019000,0.019000
18300,18300000,-0.995000,0.019000,0.019000
18306,18306000,-0.995000,0.019000,0.019000
18312,18312000,-0.995000,0.019000,0.019000
18318,18318000,-0.995000,0.019000,0.019000
18324,18324000,-0.995000,0.019000,0.019000
18330,18330000,-0.995000,0.019000,0.019000
18336,18336000,-0.995000,0.019000,0.019000
18342,18342000,-0.995000,0.019000,0.019000
18348,18348000,-0.995000,0.019000,0.019000
18354,18354000,-0.995000,0.019000,0.019000
18360,18360000,-0.995000,0.019000,0.019000
18366,18366000,-0.995000,0.019000,0.019000
18372,18372000,-0.995000,0.019000,0.019000
18378,18378000,-0.995000,0.019000,0.019000
18384,18384000,-0.995000,0.019000,0.019000
18390,18390000,-0.995000,0.019000,0.019000
18396,18396000,-0.995000,0.019000,0.019000
18402,18402000,-0.995000,0.019000,0.019000
18408,18408000,-0.995000,0.019000,0.019000
18414,18414000,-0.995000,0.019000,0.019000
18420,18420000,-0.995000,0.019000,0.019000
18426,18426000,-0.995000,0.019000,0.019000
18432,18432000,-0.995000,0.019000,0.019000
18438,18438000,-0.995000,0.019000,0.019000
18444,18444000,-0.995000,0.019000,0.019000
18450,18450000,-0.995000,0.019000,0.019000
18456,18456000,-0.995000,0.019000,0.019000
18462,18462000,-0.995000,0.019000,0.019000
18468,18468000,-0.995000,0.019000,0.019000
18474,18474000,-0.995000,0.019000,0.019000
18480,18480000,-0.995000,0.019000,0.019000
18486,18486000,-0.995000,0.019000,0.019000
18492,18492000,-0.995000,0.019000,0.019000
18498,18498000,-0.995000,0.019000,0.019000
18504,18504000,-0.995000,0.019000,0.019000
18510,18510000,-0.995000,0.019000,0.019000
18516,18516000,-0.995000,0.019000,0.019000
18522,18522000,-0.995000,0.019000,0.019000
18528,18528000,-0.995000,0.019000,0.019000
18534,18534000,-0.995000,0.019000,0.019000
18540,18540000,-0.995000,0.019000,0.019000
18546,18546000,-0.995000,0.019000,0.019000
18552,18552000,-0.995000,0.019000,0.019000
18558,18558000,-0.995000,0.019000,0.019000
18564,18564000,-0.995000,0.019000,0.019000
18570,18570000,-0.995000,0.019000,0.019000
18576,18576000,-0.995000,0.019000,0.019000
18582,18582000,-0.995000,0.019000,0.019000
18588,18588000,-0.995000,0.019000,0.019000
18594,18594000,-0.995000,0.019000,0.019000
18600,18600000,-0.995000,0.019000,0.019000
18606,18606000,-0.995000,0.019000,0.019000
18612,18612000,-0.995000,0.019000,0.019000
18618,18618000,-0.995000,0.019000,0.019000
18624,18624000,-0.995000,0.019000,0.019000
18630,18630000,-0.995000,0.019000,0.019000
18636,18636000,-0.995000,0.019000,0.019000
18642,18642000,-0.995000,0.019000,0.019000
18648,18648000,-0.995000,0.019000,0.019000
18654,18654000,-0.995000,0.019000,0.019000
18660,18660000,-0.995000,0.019000,0.019000
18666,18666000,-0.995000,0.019000,0.019000
18672,18672000,-0.995000,0.019000,0.019000
18678,18678000,-0.995000,0.019000,0.019000
18684,18684000,-0.995000,0.019000,0.019000
18690,18690000,-0.995000,0.019000,0.019000
18696,18696000,-0.995000,0.019000,0.019000
18702,18702000,-0.995000,0.019000,0.019000
18708,18708000,-0.995000,0.019000,0.019000
18714,18714000,-0.995000,0.019000,0.019000
18720,18720000,-0.995000,0.019000,0.019000
18726,18726000,-0.995000,0.019000,0.019000
18732,18732000,-0.995000,0.019000,0.019000
18738,18738000,-0.995000,0.019000,0.019000
18744,18744000,-0.995000,0.019000,0.019000
18750,18750000,-0.995000,0.019000,-0.019000
18756,18756000,-0.995000,0.019000,-0.019000
18762,18762000,-0.995000,0.019000,-0.019000
18768,18768000,-0.995000,0.019000,-0.019000
18774,18774000,-0.995000,0.019000,-0.019000
18780,18780000,-0.995000,0.019000,-0.019000
18786,18786000,-0.995000,0.019000,-0.019000
18792,18792000,-0.995000,0.019000,-0.019000
18798,18798000,-0.995000,0.019000,-0.019000
18804,18804000,-0.995000,0.019000,-0.019000
18810,18810000,-0.995000,0.019000,-0.019000
18816,18816000,-0.995000,0.019000,-0.019000
18822,18822000,-0.995000,0.019000,-0.019000
18828,18828000,-0.995000,0.019000,-0.019000
18834,18834000,-0.995000,0.019000,-0.019000
18840,18840000,-0.995000,0.019000,-0.019000
18846,18846000,-0.995000,0.019000,-0.019000
18852,18852000,-0.995000,0.019000,-0.019000
18858,18858000,-0.995000,0.019000,-0.019000
18864,18864000,-0.995000,0.019000,-0.019000
18870,18870000,-0.995000,0.019000,-0.019000
18876,18876000,-0.995000,0.019000,-0.019000
18882,18882000,-0.995000,0.019000,-0.019000
18888,18888000,-0.995000,0.019000,-0.019000
18894,18894000,-0.995000,0.019000,-0.019000
18900,18900000,-0.995000,0.019000,-0.019000
18906,18906000,-0.995000,0.019000,-0.019000
18912,18912000,-0.995000,0.019000,-0.019000
18918,18918000,-0.995000,0.019000,-0.019000
18924,18924000,-0.995000,0.019000,-0.019000
18930,18930000,-0.995000,0.019000,-0.019000
18936,18936000,-0.995000,0.019000,-0.019000
18942,18942000,-0.995000,0.019000,-0.019000
18948,18948000,-0.995000,0.019000,-0.019000
18954,18954000,-0.995000,0.019000,-0.019000
18960,18960000,-0.995000,0.019000,-0.019000
18966,18966000,-0.995000,0.019000,-0.019000
18972,18972000,-0.995000,0.019000,-0.019000
18978,18978000,-0.995000,0.019000,-0.019000
18984,18984000,-0.995000,0.019000,-0.019000
18990,18990000,-0.995000,0.019000,-0.019000
18996,18996000,-0.995000,0.019000,-0.019000
19002,19002000,-0.995000,0.019000,-0.019000
19008,19008000,-0.995000,0.019000,-0.019000
19014,19014000,-0.995000,0.019000,-0.019000
19020,19020000,-0.995000,0.019000,-0.019000
19026,19026000,-0.995000,0.019000,-0.019000
19032,19032000,-0.995000,0.019000,-0.019000
19038,19038000,-0.995000,0.019000,-0.019000
19044,19044000,-0.995000,0.019000,-0.019000
19050,19050000,-0.995000,0.019000,-0.019000
19056,19056000,-0.995000,0.019000,-0.019000
19062,19062000,-0.995000,0.019000,-0.019000
19068,19068000,-0.995000,0.019000,-0.019000
19074,19074000,-0.995000,0.019000,-0.019000
19080,19080000,-0.995000,0.019000,-0.019000
19086,19086000,-0.995000,0.019000,-0.019000
19092,19092000,-0.995000,0.019000,-0.019000
19098,19098000,-0.995000,0.019000,-0.019000
19104,19104000,-0.995000,0.019000,-0.019000
19110,19110000,-0.995000,0.019000,-0.019000
19116,19116000,-0.995000,0.019000,-0.019000
19122,19122000,-0.995000,0.019000,-0.019000
19128,19128000,-0.995000,0.019000,-0.019000
19134,19134000,-0.995000,0.019000,-0.019000
19140,19140000,-0.995000,0.019000,-0.019000
19146,19146000,-0.995000,0.019000,-0.019000
19152,19152000,-0.995000,0.019000,-0.019000
19158,19158000,-0.995000,0.019000,-0.019000
19164,19164000,-0.995000,0.019000,-0.019000
19170,19170000,-0.995000,0.019000,-0.019000
19176,19176000,-0.995000,0.019000,-0.019000
19182,19182000,-0.995000,0.019000,-0.019000
19188,19188000,-0.995000,0.019000,-0.019000
19194,19194000,-0.995000,0.019000,-0.019000
19200,19200000,-1.005000,0.019000,-0.019000
19206,19206000,-1.005000,0.019000,-0.019000
19212,19212000,-1.005000,0.019000,-0.019000
19218,19218000,-1.005000,0.019000,-0.019000
19224,19224000,-1.005000,0.019000,-0.019000
19230,19230000,-1.005000,0.019000,-0.019000
19236,19236000,-1.005000,0.019000,-0.019000
19242,19242000,-1.005000,0.019000,-0.019000
19248,19248000,-1.005000,0.019000,-0.019000
19254,19254000,-1.005000,0.019000,-0.019000
19260,19260000,-1.005000,0.019000,-0.019000
19266,19266000,-1.005000,0.019000,-0.019000
19272,19272000,-1.005000,0.019000,-0.019000
19278,19278000,-1.005000,0.019000,-0.019000
19284,19284000,-1.005000,0.019000,-0.019000
19290,19290000,-1.005000,0.019000,-0.019000
19296,19296000,-1.005000,0.019000,-0.019000
19302,19302000,-1.005000,0.019000,-0.019000
19308,19308000,-1.005000,0.019000,-0.019000
19314,19314000,-1.005000,0.019000,-0.019000
19320,19320000,-1.005000,0.019000,-0.019000
19326,19326000,-1.005000,0.019000,-0.019000
19332,19332000,-1.005000,0.019000,-0.019000
19338,19338000,-1.005000,0.019000,-0.019000
19344,19344000,-1.005000,0.019000,-0.019000
19350,19350000,-1.005000,0.019000,-0.019000
19356,19356000,-1.005000,0.019000,-0.019000
19362,19362000,-1.005000,0.019000,-0.019000
19368,19368000,-1.005000,0.019000,-0.019000
19374,19374000,-1.005000,0.019000,-0.019000
19380,19380000,-1.005000,0.019000,-0.019000
19386,19386000,-1.005000,0.019000,-0.019000
19392,19392000,-1.005000,0.019000,-0.019000
19398,19398000,-1.005000,0.019000,-0.019000
19404,19404000,-1.005000,0.019000,-0.019000
19410,19410000,-1.005000,0.019000,-0.019000
19416,19416000,-1.005000,0.019000,-0.019000
19422,19422000,-1.005000,0.019000,-0.019000
19428,19428000,-1.005000,0.019000,-0.019000
19434,19434000,-1.005000,0.019000,-0.019000
19440,19440000,-1.005000,0.019000,-0.019000
19446,19446000,-1.005000,0.019000,-0.019000
19452,19452000,-1.005000,0.019000,-0.019000
19458,19458000,-1.005000,0.019000,-0.019000
19464,19464000,-1.005000,0.019000,-0.019000
19470,19470000,-1.005000,0.019000,-0.019000
19476,19476000,-1.005000,0.019000,-0.019000
19482,19482000,-1.005000,0.019000,-0.019000
19488,19488000,-1.005000,0.019000,-0.019000
19494,19494000,-1.005000,0.019000,-0.019000
19500,19500000,-1.005000,-0.019000,-0.019000
19506,19506000,-1.005000,-0.019000,-0.019000
19512,19512000,-1.005000,-0.019000,-0.019000
19518,19518000,-1.005000,-0.019000,-0.019000
19524,19524000,-1.005000,-0.019000,-0.019000
19530,19530000,-1.005000,-0.019000,-0.019000
19536,19536000,-1.005000,-0.019000,-0.019000
19542,19542000,-1.005000,-0.019000,-0.019000
19548,19548000,-1.005000,-0.019000,-0.019000
19554,19554000,-1.005000,-0.019000,-0.019000
19560,19560000,-1.005000,-0.019000,-0.019000
19566,19566000,-1.005000,-0.019000,-0.019000
19572,19572000,-1.005000,-0.019000,-0.019000
19578,19578000,-1.005000,-0.019000,-0.019000
19584,19584000,-1.005000,-0.019000,-0.019000
19590,19590000,-1.005000,-0.019000,-0.019000
19596,19596000,-1.005000,-0.019000,-0.019000
19602,19602000,-1.005000,-0.019000,-0.019000
19608,19608000,-1.005000,-0.019000,-0.019000
19614,19614000,-1.005000,-0.019000,-0.019000
19620,19620000,-1.005000,-0.019000,-0.019000
19626,19626000,-1.005000,-0.019000,-0.019000
19632,19632000,-1.005000,-0.019000,-0.019000
19638,19638000,-1.005000,-0.019000,-0.019000
19644,19644000,-1.005000,-0.019000,-0.019000
19650,19650000,-1.005000,-0.019000,-0.019000
19656,19656000,-1.005000,-0.019000,-0.019000
19662,19662000,-1.005000,-0.019000,-0.019000
19668,19668000,-1.005000,-0.019000,-0.019000
19674,19674000,-1.005000,-0.019000,-0.019000
19680,19680000,-1.005000,-0.019000,-0.019000
19686,19686000,-1.005000,-0.019000,-0.019000
19692,19692000,-1.005000,-0.019000,-0.019000
19698,19698000,-1.005000,-0.019000,-0.019000
19704,19704000,-1.005000,-0.019000,-0.019000
19710,19710000,-1.005000,-0.019000,-0.019000
19716,19716000,-1.005000,-0.019000,-0.019000
19722,19722000,-1.005000,-0.019000,-0.019000
19728,19728000,-1.005000,-0.019000,-0.019000
19734,19734000,-1.005000,-0.019000,-0.019000
19740,19740000,-1.005000,-0.019000,-0.019000
19746,19746000,-1.005000,-0.019000,-0.019000
19752,19752000,-1.005000,-0.019000,-0.019000
19758,19758000,-1.005000,-0.019000,-0.019000
19764,19764000,-1.005000,-0.019000,-0.019000
19770,19770000,-1.005000,-0.019000,-0.019000
19776,19776000,-1.005000,-0.019000,-0.019000
19782,19782000,-1.005000,-0.019000,-0.019000
19788,19788000,-1.005000,-0.019000,-0.019000
19794,19794000,-1.005000,-0.019000,-0.019000
19800,19800000,-1.005000,-0.019000,-0.019000
19806,19806000,-1.005000,-0.019000,-0.019000
19812,19812000,-1.005000,-0.019000,-0.019000
19818,19818000,-1.005000,-0.019000,-0.019000
19824,19824000,-1.005000,-0.019000,-0.019000
19830,19830000,-1.005000,-0.019000,-0.019000
19836,19836000,-1.005000,-0.019000,-0.019000
19842,19842000,-1.005000,-0.019000,-0.019000
19848,19848000,-1.005000,-0.019000,-0.019000
19854,19854000,-1.005000,-0.019000,-0.019000
19860,19860000,-1.005000,-0.019000,-0.019000
19866,19866000,-1.005000,-0.019000,-0.019000
19872,19872000,-1.005000,-0.019000,-0.019000
19878,19878000,-1.005000,-0.019000,-0.019000
19884,19884000,-1.005000,-0.019000,-0.019000
19890,19890000,-1.005000,-0.019000,-0.019000
19896,19896000,-1.005000,-0.019000,-0.019000
19902,19902000,-1.005000,-0.019000,-0.019000
19908,19908000,-1.005000,-0.019000,-0.019000
19914,19914000,-1.005000,-0.019000,-0.019000
19920,19920000,-1.005000,-0.019000,-0.019000
19926,19926000,-1.005000,-0.019000,-0.019000
19932,19932000,-1.005000,-0.019000,-0.019000
19938,19938000,-1.005000,-0.019000,-0.019000
19944,19944000,-1.005000,-0.019000,-0.019000
19950,19950000,-1.005000,-0.019000,-0.019000
19956,19956000,-1.005000,-0.019000,-0.019000
19962,19962000,-1.005000,-0.019000,-0.019000
19968,19968000,-1.005000,-0.019000,-0.019000
19974,19974000,-1.005000,-0.019000,-0.019000
19980,19980000,-1.005000,-0.019000,-0.019000
19986,19986000,-1.005000,-0.019000,-0.019000
19992,19992000,-1.005000,-0.019000,-0.019000
19998,19998000,-1.005000,-0.019000,-0.019000
20004,20004000,-1.005000,-0.019000,-0.019000
20010,20010000,-1.005000,-0.019000,-0.019000
20016,20016000,-1.005000,-0.019000,-0.019000
20022,20022000,-1.005000,-0.019000,-0.019000
20028,20028000,-1.005000,-0.019000,-0.019000
20034,20034000,-1.005000,-0.019000,-0.019000
20040,20040000,-1.005000,-0.019000,-0.019000
20046,20046000,-1.005000,-0.019000,-0.019000
20052,20052000,-1.005000,-0.019000,-0.019000
20058,20058000,-1.005000,-0.019000,-0.019000
20064,20064000,-1.005000,-0.019000,-0.019000
20070,20070000,-1.005000,-0.019000,-0.019000
20076,20076000,-1.005000,-0.019000,-0.019000
20082,20082000,-1.005000,-0.019000,-0.019000
20088,20088000,-1.005000,-0.019000,-0.019000
20094,20094000,-1.005000,-0.019000,-0.019000
20100,20100000,-1.005000,-0.019000,-0.019000
20106,20106000,-1.005000,-0.019000,-0.019000
20112,20112000,-1.005000,-0.019000,-0.019000
20118,20118000,-1.005000,-0.019000,-0.019000
20124,20124000,-1.005000,-0.019000,-0.019000
20130,20130000,-1.005000,-0.019000,-0.019000
20136,20136000,-1.005000,-0.019000,-0.019000
20142,20142000,-1.005000,-0.019000,-0.019000
20148,20148000,-1.005000,-0.019000,-0.019000
20154,20154000,-1.005000,-0.019000,-0.019000
20160,20160000,-1.005000,-0.019000,-0.019000
20166,20166000,-1.005000,-0.019000,-0.019000
20172,20172000,-1.005000,-0.019000,-0.019000
20178,20178000,-1.005000,-0.019000,-0.019000
20184,20184000,-1.005000,-0.019000,-0.019000
20190,20190000,-1.005000,-0.019000,-0.019000
20196,20196000,-1.005000,-0.019000,-0.019000
20202,20202000,-1.005000,-0.019000,-0.019000
20208,20208000,-1.005000,-0.019000,-0.019000
20214,20214000,-1.005000,-0.019000,-0.019000
20220,20220000,-1.005000,-0.019000,-0.019000
20226,20226000,-1.005000,-0.019000,-0.019000
20232,20232000,-1.005000,-0.019000,-0.019000
20238,20238000,-1.005000,-0.019000,-0.019000
20244,20244000,-1.005000,-0.019000,-0.019000
20250,20250000,-1.005000,-0.019000,0.009500
20256,20256000,-1.005000,-0.019000,0.009500
20262,20262000,-1.005000,-0.019000,0.009500
20268,20268000,-1.005000,-0.019000,0.009500
20274,20274000,-1.005000,-0.019000,0.009500
20280,20280000,-1.005000,-0.019000,0.009500
20286,20286000,-1.005000,-0.019000,0.009500
20292,20292000,-1.005000,-0.019000,0.009500
20298,20298000,-1.005000,-0.019000,0.009500
20304,20304000,-1.005000,-0.019000,0.009500
20310,20310000,-1.005000,-0.019000,0.009500
20316,20316000,-1.005000,-0.019000,0.009500
20322,20322000,-1.005000,-0.019000,0.009500
20328,20328000,-1.005000,-0.019000,0.009500
20334,20334000,-1.005000,-0.019000,0.009500
20340,20340000,-1.005000,-0.019000,0.009500
20346,20346000,-1.005000,-0.019000,0.009500
20352,20352000,-1.005000,-0.019000,0.009500
20358,20358000,-1.005000,-0.019000,0.009500
20364,20364000,-1.005000,-0.019000,0.009500
20370,20370000,-1.005000,-0.019000,0.009500
20376,20376000,-1.005000,-0.019000,0.009500
20382,20382000,-1.005000,-0.019000,0.009500
20388,20388000,-1.005000,-0.019000,0.009500
20394,20394000,-1.005000,-0.019000,0.009500
20400,20400000,-1.005000,-0.019000,0.009500
20406,20406000,-1.005000,-0.019000,0.009500
20412,20412000,-1.005000,-0.019000,0.009500
20418,20418000,-1.005000,-0.019000,0.009500
20424,20424000,-1.005000,-0.019000,0.009500
20430,20430000,-1.005000,-0.019000,0.009500
20436,20436000,-1.005000,-0.019000,0.009500
20442,20442000,-1.005000,-0.019000,0.009500
20448,20448000,-1.005000,-0.019000,0.009500
20454,20454000,-1.005000,-0.019000,0.009500
20460,20460000,-1.005000,-0.019000,0.009500
20466,20466000,-1.005000,-0.019000,0.009500
20472,20472000,-1.005000,-0.019000,0.009500
20478,20478000,-1.005000,-0.019000,0.009500
20484,20484000,-1.005000,-0.019000,0.009500
20490,20490000,-1.005000,-0.019000,0.009500
20496,20496000,-1.005000,-0.019000,0.009500
20502,20502000,-1.005000,-0.019000,0.009500
20508,20508000,-1.005000,-0.019000,0.009500
20514,20514000,-1.005000,-0.019000,0.009500
20520,20520000,-1.005000,-0.019000,0.009500
20526,20526000,-1.005000,-0.019000,0.009500
20532,20532000,-1.005000,-0.019000,0.009500
20538,20538000,-1.005000,-0.019000,0.009500
20544,20544000,-1.005000,-0.019000,0.009500
20550,20550000,-1.005000,-0.019000,0.009500
20556,20556000,-1.005000,-0.019000,0.009500
20562,20562000,-1.005000,-0.019000,0.009500
20568,20568000,-1.005000,-0.019000,0.009500
20574,20574000,-1.005000,-0.019000,0.009500
20580,20580000,-1.005000,-0.019000,0.009500
20586,20586000,-1.005000,-0.019000,0.009500
20592,20592000,-1.005000,-0.019000,0.009500
20598,20598000,-1.005000,-0.019000,0.009500
20604,20604000,-1.005000,-0.019000,0.009500
20610,20610000,-1.005000,-0.019000,0.009500
20616,20616000,-1.005000,-0.019000,0.009500
20622,20622000,-1.005000,-0.019000,0.009500
20628,20628000,-1.005000,-0.019000,0.009500
20634,20634000,-1.005000,-0.019000,0.009500
20640,20640000,-1.005000,-0.019000,0.009500
20646,20646000,-1.005000,-0.019000,0.009500
20652,20652000,-1.005000,-0.019000,0.009500
20658,20658000,-1.005000,-0.019000,0.009500
20664,20664000,-1.005000,-0.019000,0.009500
20670,20670000,-1.005000,-0.019000,0.009500
20676,20676000,-1.005000,-0.019000,0.009500
20682,20682000,-1.005000,-0.019000,0.009500
20688,20688000,-1.005000,-0.019000,0.009500
20694,20694000,-1.005000,-0.019000,0.009500
20700,20700000,-0.997500,-0.019000,0.009500
20706,20706000,-0.997500,-0.019000,0.009500
20712,20712000,-0.997500,-0.019000,0.009500
20718,20718000,-0.997500,-0.019000,0.009500
20724,20724000,-0.997500,-0.019000,0.009500
20730,20730000,-0.997500,-0.019000,0.009500
20736,20736000,-0.997500,-0.019000,0.009500
20742,20742000,-0.997500,-0.019000,0.009500
20748,20748000,-0.997500,-0.019000,0.009500
20754,20754000,-0.997500,-0.019000,0.009500
20760,20760000,-0.997500,-0.019000,0.009500
20766,20766000,-0.997500,-0.019000,0.009500
20772,20772000,-0.997500,-0.019000,0.009500
20778,20778000,-0.997500,-0.019000,0.009500
20784,20784000,-0.997500,-0.019000,0.009500
20790,20790000,-0.997500,-0.019000,0.009500
20796,20796000,-0.997500,-0.019000,0.009500
20802,20802000,-0.997500,-0.019000,0.009500
20808,20808000,-0.997500,-0.019000,0.009500
20814,20814000,-0.997500,-0.019000,0.009500
20820,20820000,-0.997500,-0.019000,0.009500
20826,20826000,-0.997500,-0.019000,0.009500
20832,20832000,-0.997500,-0.019000,0.009500
20838,20838000,-0.997500,-0.019000,0.009500
20844,20844000,-0.997500,-0.019000,0.009500
20850,20850000,-0.997500,-0.019000,0.009500
20856,20856000,-0.997500,-0.019000,0.009500
20862,20862000,-0.997500,-0.019000,0.009500
20868,20868000,-0.997500,-0.019000,0.009500
20874,20874000,-0.997500,-0.019000,0.009500
20880,20880000,-0.997500,-0.019000,0.009500
20886,20886000,-0.997500,-0.019000,0.009500
20892,20892000,-0.997500,-0.019000,0.009500
20898,20898000,-0.997500,-0.019000,0.009500
20904,20904000,-0.997500,-0.019000,0.009500
20910,20910000,-0.997500,-0.019000,0.009500
20916,20916000,-0.997500,-0.019000,0.009500
20922,20922000,-0.997500,-0.019000,0.009500
20928,20928000,-0.997500,-0.019000,0.009500
20934,20934000,-0.997500,-0.019000,0.009500
20940,20940000,-0.997500,-0.019000,0.009500
20946,20946000,-0.997500,-0.019000,0.009500
20952,20952000,-0.997500,-0.019000,0.009500
20958,20958000,-0.997500,-0.019000,0.009500
20964,20964000,-0.997500,-0.019000,0.009500
20970,20970000,-0.997500,-0.019000,0.009500
20976,20976000,-0.997500,-0.019000,0.009500
20982,20982000,-0.997500,-0.019000,0.009500
20988,20988000,-0.997500,-0.019000,0.009500
20994,20994000,-0.997500,-0.019000,0.009500
21000,21000000,-0.997500,0.009500,0.009500
21006,21006000,-0.997500,0.009500,0.009500
21012,21012000,-0.997500,0.009500,0.009500
21018,21018000,-0.997500,0.009500,0.009500
21024,21024000,-0.997500,0.009500,0.009500
21030,21030000,-0.997500,0.009500,0.009500
21036,21036000,-0.997500,0.009500,0.009500
21042,21042000,-0.997500,0.009500,0.009500
21048,21048000,-0.997500,0.009500,0.009500
21054,21054000,-0.997500,0.009500,0.009500
21060,21060000,-0.997500,0.009500,0.009500
21066,21066000,-0.997500,0.009500,0.009500
21072,21072000,-0.997500,0.009500,0.009500
21078,21078000,-0.997500,0.009500,0.009500
21084,21084000,-0.997500,0.009500,0.009500
21090,21090000,-0.997500,0.009500,0.009500
21096,21096000,-0.997500,0.009500,0.009500
21102,21102000,-0.997500,0.009500,0.009500
21108,21108000,-0.997500,0.009500,0.009500
21114,21114000,-0.997500,0.009500,0.009500
21120,21120000,-0.997500,0.009500,0.009500
21126,21126000,-0.997500,0.009500,0.009500
21132,21132000,-0.997500,0.009500,0.009500
21138,21138000,-0.997500,0.009500,0.009500
21144,21144000,-0.997500,0.009500,0.009500
21150,21150000,-0.997500,0.009500,0.009500
21156,21156000,-0.997500,0.009500,0.009500
21162,21162000,-0.997500,0.009500,0.009500
21168,21168000,-0.997500,0.009500,0.009500
21174,21174000,-0.997500,0.009500,0.009500
21180,21180000,-0.997500,0.009500,0.009500
21186,21186000,-0.997500,0.009500,0.009500
21192,21192000,-0.997500,0.009500,0.009500
21198,21198000,-0.997500,0.009500,0.009500
21204,21204000,-0.997500,0.009500,0.009500
21210,21210000,-0.997500,0.009500,0.009500
21216,21216000,-0.997500,0.009500,0.009500
21222,21222000,-0.997500,0.009500,0.009500
21228,21228000,-0.997500,0.009500,0.009500
21234,21234000,-0.997500,0.009500,0.009500
21240,21240000,-0.997500,0.009500,0.009500
21246,21246000,-0.997500,0.009500,0.009500
21252,21252000,-0.997500,0.009500,0.009500
21258,21258000,-0.997500,0.009500,0.009500
21264,21264000,-0.997500,0.009500,0.009500
21270,21270000,-0.997500,0.009500,0.009500
21276,21276000,-0.997500,0.009500,0.009500
21282,21282000,-0.997500,0.009500,0.009500
21288,21288000,-0.997500,0.009500,0.009500
21294,21294000,-0.997500,0.009500,0.009500
21300,21300000,-0.997500,0.009500,0.009500
21306,21306000,-0.997500,0.009500,0.009500
21312,21312000,-0.997500,0.009500,0.009500
21318,21318000,-0.997500,0.009500,0.009500
21324,21324000,-0.997500,0.009500,0.009500
21330,21330000,-0.997500,0.009500,0.009500
21336,21336000,-0.997500,0.009500,0.009500
21342,21342000,-0.997500,0.009500,0.009500
21348,21348000,-0.997500,0.009500,0.009500
21354,21354000,-0.997500,0.009500,0.009500
21360,21360000,-0.997500,0.009500,0.009500
21366,21366000,-0.997500,0.009500,0.009500
21372,21372000,-0.997500,0.009500,0.009500
21378,21378000,-0.997500,0.009500,0.009500
21384,21384000,-0.997500,0.009500,0.009500
21390,21390000,-0.997500,0.009500,0.009500
21396,21396000,-0.997500,0.009500,0.009500
21402,21402000,-0.997500,0.009500,0.009500
21408,21408000,-0.997500,0.009500,0.009500
21414,21414000,-0.997500,0.009500,0.009500
21420,21420000,-0.997500,0.009500,0.009500
21426,21426000,-0.997500,0.009500,0.009500
21432,21432000,-0.997500,0.009500,0.009500
21438,21438000,-0.997500,0.009500,0.009500
21444,21444000,-0.997500,0.009500,0.009500
21450,21450000,-0.997500,0.009500,0.009500
21456,21456000,-0.997500,0.009500,0.009500
21462,21462000,-0.997500,0.009500,0.009500
21468,21468000,-0.997500,0.009500,0.009500
21474,21474000,-0.997500,0.009500,0.009500
21480,21480000,-0.997500,0.009500,0.009500
21486,21486000,-0.997500,0.009500,0.009500
21492,21492000,-0.997500,0.009500,0.009500
21498,21498000,-0.997500,0.009500,0.009500
21504,21504000,-0.997500,0.009500,0.009500
21510,21510000,-0.997500,0.009500,0.009500
21516,21516000,-0.997500,0.009500,0.009500
21522,21522000,-0.997500,0.009500,0.009500
21528,21528000,-0.997500,0.009500,0.009500
21534,21534000,-0.997500,0.009500,0.009500
21540,21540000,-0.997500,0.009500,0.009500
21546,21546000,-0.997500,0.009500,0.009500
21552,21552000,-0.997500,0.009500,0.009500
21558,21558000,-0.997500,0.009500,0.009500
21564,21564000,-0.997500,0.009500,0.009500
21570,21570000,-0.997500,0.009500,0.009500
21576,21576000,-0.997500,0.009500,0.009500
21582,21582000,-0.997500,0.009500,0.009500
21588,21588000,-0.997500,0.009500,0.009500
21594,21594000,-0.997500,0.009500,0.009500
21600,21600000,-0.997500,0.009500,0.009500
21606,21606000,-0.997500,0.009500,0.009500
21612,21612000,-0.997500,0.009500,0.009500
21618,21618000,-0.997500,0.009500,0.009500
21624,21624000,-0.997500,0.009500,0.009500
21630,21630000,-0.997500,0.009500,0.009500
21636,21636000,-0.997500,0.009500,0.009500
21642,21642000,-0.997500,0.009500,0.009500
21648,21648000,-0.997500,0.009500,0.009500
21654,21654000,-0.997500,0.009500,0.009500
21660,21660000,-0.997500,0.009500,0.009500
21666,21666000,-0.997500,0.009500,0.009500
21672,21672000,-0.997500,0.009500,0.009500
21678,21678000,-0.997500,0.009500,0.009500
21684,21684000,-0.997500,0.009500,0.009500
21690,21690000,-0.997500,0.009500,0.009500
21696,21696000,-0.997500,0.009500,0.009500
21702,21702000,-0.997500,0.009500,0.009500
21708,21708000,-0.997500,0.009500,0.009500
21714,21714000,-0.997500,0.009500,0.009500
21720,21720000,-0.997500,0.009500,0.009500
21726,21726000,-0.997500,0.009500,0.009500
21732,21732000,-0.997500,0.009500,0.009500
21738,21738000,-0.997500,0.009500,0.009500
21744,21744000,-0.997500,0.009500,0.009500
21750,21750000,-0.997500,0.009500,-0.009500
21756,21756000,-0.997500,0.009500,-0.009500
21762,21762000,-0.997500,0.009500,-0.009500
21768,21768000,-0.997500,0.009500,-0.009500
21774,21774000,-0.997500,0.009500,-0.009500
21780,21780000,-0.997500,0.009500,-0.009500
21786,21786000,-0.997500,0.009500,-0.009500
21792,21792000,-0.997500,0.009500,-0.009500
21798,21798000,-0.997500,0.009500,-0.009500
21804,21804000,-0.997500,0.009500,-0.009500
21810,21810000,-0.997500,0.009500,-0.009500
21816,21816000,-0.997500,0.009500,-0.009500
21822,21822000,-0.997500,0.009500,-0.009500
21828,21828000,-0.997500,0.009500,-0.009500
21834,21834000,-0.997500,0.009500,-0.009500
21840,21840000,-0.997500,0.009500,-0.009500
21846,21846000,-0.997500,0.009500,-0.009500
21852,21852000,-0.997500,0.009500,-0.009500
21858,21858000,-0.997500,0.009500,-0.009500
21864,21864000,-0.997500,0.009500,-0.009500
21870,21870000,-0.997500,0.009500,-0.009500
21876,21876000,-0.997500,0.009500,-0.009500
21882,21882000,-0.997500,0.009500,-0.009500
21888,21888000,-0.997500,0.009500,-0.009500
21894,21894000,-0.997500,0.009500,-0.009500
21900,21900000,-0.997500,0.009500,-0.009500
21906,21906000,-0.997500,0.009500,-0.009500
21912,21912000,-0.997500,0.009500,-0.009500
21918,21918000,-0.997500,0.009500,-0.009500
21924,21924000,-0.997500,0.009500,-0.009500
21930,21930000,-0.997500,0.009500,-0.009500
21936,21936000,-0.997500,0.009500,-0.009500
21942,21942000,-0.997500,0.009500,-0.009500
21948,21948000,-0.997500,0.009500,-0.009500
21954,21954000,-0.997500,0.009500,-0.009500
21960,21960000,-0.997500,0.009500,-0.009500
21966,21966000,-0.997500,0.009500,-0.009500
21972,21972000,-0.997500,0.009500,-0.009500
21978,21978000,-0.997500,0.009500,-0.009500
21984,21984000,-0.997500,0.009500,-0.009500
21990,21990000,-0.997500,0.009500,-0.009500
21996,21996000,-0.997500,0.009500,-0.009500
22002,22002000,-0.997500,0.009500,-0.009500
22008,22008000,-0.997500,0.009500,-0.009500
22014,22014000,-0.997500,0.009500,-0.009500
22020,22020000,-0.997500,0.009500,-0.009500
22026,22026000,-0.997500,0.009500,-0.009500
22032,22032000,-0.997500,0.009500,-0.009500
22038,22038000,-0.997500,0.009500,-0.009500
22044,22044000,-0.997500,0.009500,-0.009500
22050,22050000,-0.997500,0.009500,-0.009500
22056,22056000,-0.997500,0.009500,-0.009500
22062,22062000,-0.997500,0.009500,-0.009500
22068,22068000,-0.997500,0.009500,-0.009500
22074,22074000,-0.997500,0.009500,-0.009500
22080,22080000,-0.997500,0.009500,-0.009500
22086,22086000,-0.997500,0.009500,-0.009500
22092,22092000,-0.997500,0.009500,-0.009500
22098,22098000,-0.997500,0.009500,-0.009500
22104,22104000,-0.997500,0.009500,-0.009500
22110,22110000,-0.997500,0.009500,-0.009500
22116,22116000,-0.997500,0.009500,-0.009500
22122,22122000,-0.997500,0.009500,-0.009500
22128,22128000,-0.997500,0.009500,-0.009500
22134,22134000,-0.997500,0.009500,-0.009500
22140,22140000,-0.997500,0.009500,-0.009500
22146,22146000,-0.997500,0.009500,-0.009500
22152,22152000,-0.997500,0.009500,-0.009500
22158,22158000,-0.997500,0.009500,-0.009500
22164,22164000,-0.997500,0.009500,-0.009500
22170,22170000,-0.997500,0.009500,-0.009500
22176,22176000,-0.997500,0.009500,-0.009500
22182,22182000,-0.997500,0.009500,-0.009500
22188,22188000,-0.997500,0.009500,-0.009500
22194,22194000,-0.997500,0.009500,-0.009500
22200,22200000,-1.002500,0.009500,-0.009500
22206,22206000,-1.002500,0.009500,-0.009500
22212,22212000,-1.002500,0.009500,-0.009500
22218,22218000,-1.002500,0.009500,-0.009500
22224,22224000,-1.002500,0.009500,-0.009500
22230,22230000,-1.002500,0.009500,-0.009500
22236,22236000,-1.002500,0.009500,-0.009500
22242,22242000,-1.002500,0.009500,-0.009500
22248,22248000,-1.002500,0.009500,-0.009500
22254,22254000,-1.002500,0.009500,-0.009500
22260,22260000,-1.002500,0.009500,-0.009500
22266,22266000,-1.002500,0.009500,-0.009500
22272,22272000,-1.002500,0.009500,-0.009500
22278,22278000,-1.002500,0.009500,-0.009500
22284,22284000,-1.002500,0.009500,-0.009500
22290,22290000,-1.002500,0.009500,-0.009500
22296,22296000,-1.002500,0.009500,-0.009500
22302,22302000,-1.002500,0.009500,-0.009500
22308,22308000,-1.002500,0.009500,-0.009500
22314,22314000,-1.002500,0.009500,-0.009500
22320,22320000,-1.002500,0.009500,-0.009500
22326,22326000,-1.002500,0.009500,-0.009500
22332,22332000,-1.002500,0.009500,-0.009500
22338,22338000,-1.002500,0.009500,-0.009500
22344,22344000,-1.002500,0.009500,-0.009500
22350,22350000,-1.002500,0.009500,-0.009500
22356,22356000,-1.002500,0.009500,-0.009500
22362,22362000,-1.002500,0.009500,-0.009500
22368,22368000,-1.002500,0.009500,-0.009500
22374,22374000,-1.002500,0.009500,-0.009500
22380,22380000,-1.002500,0.009500,-0.009500
22386,22386000,-1.002500,0.009500,-0.009500
22392,22392000,-1.002500,0.009500,-0.009500
22398,22398000,-1.002500,0.009500,-0.009500
22404,22404000,-1.002500,0.009500,-0.009500
22410,22410000,-1.002500,0.009500,-0.009500
22416,22416000,-1.002500,0.009500,-0.009500
22422,22422000,-1.002500,0.009500,-0.009500
22428,22428000,-1.002500,0.009500,-0.009500
22434,22434000,-1.002500,0.009500,-0.009500
22440,22440000,-1.002500,0.009500,-0.009500
22446,22446000,-1.002500,0.009500,-0.009500
22452,22452000,-1.002500,0.009500,-0.009500
22458,22458000,-1.002500,0.009500,-0.009500
22464,22464000,-1.002500,0.009500,-0.009500
22470,22470000,-1.002500,0.009500,-0.009500
22476,22476000,-1.002500,0.009500,-0.009500
22482,22482000,-1.002500,0.009500,-0.009500
22488,22488000,-1.002500,0.009500,-0.009500
22494,22494000,-1.002500,0.009500,-0.009500
22500,22500000,-1.002500,-0.009500,-0.009500
22506,22506000,-1.002500,-0.009500,-0.009500
22512,22512000,-1.002500,-0.009500,-0.009500
22518,22518000,-1.002500,-0.009500,-0.009500
22524,22524000,-1.002500,-0.009500,-0.009500
22530,22530000,-1.002500,-0.009500,-0.009500
22536,22536000,-1.002500,-0.009500,-0.009500
22542,22542000,-1.002500,-0.009500,-0.009500
22548,22548000,-1.002500,-0.009500,-0.009500
22554,22554000,-1.002500,-0.009500,-0.009500
22560,22560000,-1.002500,-0.009500,-0.009500
22566,22566000,-1.002500,-0.009500,-0.009500
22572,22572000,-1.002500,-0.009500,-0.009500
22578,22578000,-1.002500,-0.009500,-0.009500
22584,22584000,-1.002500,-0.009500,-0.009500
22590,22590000,-1.002500,-0.009500,-0.009500
22596,22596000,-1.002500,-0.009500,-0.009500
22602,22602000,-1.002500,-0.009500,-0.009500
22608,22608000,-1.002500,-0.009500,-0.009500
22614,22614000,-1.002500,-0.009500,-0.009500
22620,22620000,-1.002500,-0.009500,-0.009500
22626,22626000,-1.002500,-0.009500,-0.009500
22632,22632000,-1.002500,-0.009500,-0.009500
22638,22638000,-1.002500,-0.009500,-0.009500
22644,22644000,-1.002500,-0.009500,-0.009500
22650,22650000,-1.002500,-0.009500,-0.009500
22656,22656000,-1.002500,-0.009500,-0.009500
22662,22662000,-1.002500,-0.009500,-0.009500
22668,22668000,-1.002500,-0.009500,-0.009500
22674,22674000,-1.002500,-0.009500,-0.009500
22680,22680000,-1.002500,-0.009500,-0.009500
22686,22686000,-1.002500,-0.009500,-0.009500
22692,22692000,-1.002500,-0.009500,-0.009500
22698,22698000,-1.002500,-0.009500,-0.009500
22704,22704000,-1.002500,-0.009500,-0.009500
22710,22710000,-1.002500,-0.009500,-0.009500
22716,22716000,-1.002500,-0.009500,-0.009500
22722,22722000,-1.002500,-0.009500,-0.009500
22728,22728000,-1.002500,-0.009500,-0.009500
22734,22734000,-1.002500,-0.009500,-0.009500
22740,22740000,-1.002500,-0.009500,-0.009500
22746,22746000,-1.002500,-0.009500,-0.009500
22752,22752000,-1.002500,-0.009500,-0.009500
22758,22758000,-1.002500,-0.009500,-0.009500
22764,22764000,-1.002500,-0.009500,-0.009500
22770,22770000,-1.002500,-0.009500,-0.009500
22776,22776000,-1.002500,-0.009500,-0.009500
22782,22782000,-1.002500,-0.009500,-0.009500
22788,22788000,-1.002500,-0.009500,-0.009500
22794,22794000,-1.002500,-0.009500,-0.009500
22800,22800000,-1.002500,-0.009500,-0.009500
22806,22806000,-1.002500,-0.009500,-0.009500
22812,22812000,-1.002500,-0.009500,-0.009500
22818,22818000,-1.002500,-0.009500,-0.009500
22824,22824000,-1.002500,-0.009500,-0.009500
22830,22830000,-1.002500,-0.009500,-0.009500
22836,22836000,-1.002500,-0.009500,-0.009500
22842,22842000,-1.002500,-0.009500,-0.009500
22848,22848000,-1.002500,-0.009500,-0.009500
22854,22854000,-1.002500,-0.009500,-0.009500
22860,22860000,-1.002500,-0.009500,-0.009500
22866,22866000,-1.002500,-0.009500,-0.009500
22872,22872000,-1.002500,-0.009500,-0.009500
22878,22878000,-1.002500,-0.009500,-0.009500
22884,22884000,-1.002500,-0.009500,-0.009500
22890,22890000,-1.002500,-0.009500,-0.009500
22896,22896000,-1.002500,-0.009500,-0.009500
22902,22902000,-1.002500,-0.009500,-0.009500
22908,22908000,-1.002500,-0.009500,-0.009500
22914,22914000,-1.002500,-0.009500,-0.009500
22920,22920000,-1.002500,-0.009500,-0.009500
22926,22926000,-1.002500,-0.009500,-0.009500
22932,22932000,-1.002500,-0.009500,-0.009500
22938,22938000,-1.002500,-0.009500,-0.009500
22944,22944000,-1.002500,-0.009500,-0.009500
22950,22950000,-1.002500,-0.009500,-0.009500
22956,22956000,-1.002500,-0.009500,-0.009500
22962,22962000,-1.002500,-0.009500,-0.009500
22968,22968000,-1.002500,-0.009500,-0.009500
22974,22974000,-1.002500,-0.009500,-0.009500
22980,22980000,-1.002500,-0.009500,-0.009500
22986,22986000,-1.002500,-0.009500,-0.009500
22992,22992000,-1.002500,-0.009500,-0.009500
22998,22998000,-1.002500,-0.009500,-0.009500
23004,23004000,-1.002500,-0.009500,-0.009500
23010,23010000,-1.002500,-0.009500,-0.009500
23016,23016000,-1.002500,-0.009500,-0.009500
23022,23022000,-1.002500,-0.009500,-0.009500
23028,23028000,-1.002500,-0.009500,-0.009500
23034,23034000,-1.002500,-0.009500,-0.009500
23040,23040000,-1.002500,-0.009500,-0.009500
23046,23046000,-1.002500,-0.009500,-0.009500
23052,23052000,-1.002500,-0.009500,-0.009500
23058,23058000,-1.002500,-0.009500,-0.009500
23064,23064000,-1.002500,-0.009500,-0.009500
23070,23070000,-1.002500,-0.009500,-0.009500
23076,23076000,-1.002500,-0.009500,-0.009500
23082,23082000,-1.002500,-0.009500,-0.009500
23088,23088000,-1.002500,-0.009500,-0.009500
23094,23094000,-1.002500,-0.009500,-0.009500
23100,23100000,-1.002500,-0.009500,-0.009500
23106,23106000,-1.002500,-0.009500,-0.009500
23112,23112000,-1.002500,-0.009500,-0.009500
23118,23118000,-1.002500,-0.009500,-0.009500
23124,23124000,-1.002500,-0.009500,-0.009500
23130,23130000,-1.002500,-0.009500,-0.009500
23136,23136000,-1.002500,-0.009500,-0.009500
23142,23142000,-1.002500,-0.009500,-0.009500
23148,23148000,-1.002500,-0.009500,-0.009500
23154,23154000,-1.002500,-0.009500,-0.009500
23160,23160000,-1.002500,-0.009500,-0.009500
23166,23166000,-1.002500,-0.009500,-0.009500
23172,23172000,-1.002500,-0.009500,-0.009500
23178,23178000,-1.002500,-0.009500,-0.009500
23184,23184000,-1.002500,-0.009500,-0.009500
23190,23190000,-1.002500,-0.009500,-0.009500
23196,23196000,-1.002500,-0.009500,-0.009500
23202,23202000,-1.002500,-0.009500,-0.009500
23208,23208000,-1.002500,-0.009500,-0.009500
23214,23214000,-1.002500,-0.009500,-0.009500
23220,23220000,-1.002500,-0.009500,-0.009500
23226,23226000,-1.002500,-0.009500,-0.009500
23232,23232000,-1.002500,-0.009500,-0.009500
23238,23238000,-1.002500,-0.009500,-0.009500
23244,23244000,-1.002500,-0.009500,-0.009500
23250,23250000,-1.002500,-0.009500,0.019000
23256,23256000,-1.002500,-0.009500,0.019000
23262,23262000,-1.002500,-0.009500,0.019000
23268,23268000,-1.002500,-0.009500,0.019000
23274,23274000,-1.002500,-0.009500,0.019000
23280,23280000,-1.002500,-0.009500,0.019000
23286,23286000,-1.002500,-0.009500,0.019000
23292,23292000,-1.002500,-0.009500,0.019000
23298,23298000,-1.002500,-0.009500,0.019000
23304,23304000,-1.002500,-0.009500,0.019000
23310,23310000,-1.002500,-0.009500,0.019000
23316,23316000,-1.002500,-0.009500,0.019000
23322,23322000,-1.002500,-0.009500,0.019000
23328,23328000,-1.002500,-0.009500,0.019000
23334,23334000,-1.002500,-0.009500,0.019000
23340,23340000,-1.002500,-0.009500,0.019000
23346,23346000,-1.002500,-0.009500,0.019000
23352,23352000,-1.002500,-0.009500,0.019000
23358,23358000,-1.002500,-0.009500,0.019000
23364,23364000,-1.002500,-0.009500,0.019000
23370,23370000,-1.002500,-0.009500,0.019000
23376,23376000,-1.002500,-0.009500,0.019000
23382,23382000,-1.002500,-0.009500,0.019000
23388,23388000,-1.002500,-0.009500,0.019000
23394,23394000,-1.002500,-0.009500,0.019000
23400,23400000,-1.002500,-0.009500,0.019000
23406,23406000,-1.002500,-0.009500,0.019000
23412,23412000,-1.002500,-0.009500,0.019000
23418,23418000,-1.002500,-0.009500,0.019000
23424,23424000,-1.002500,-0.009500,0.019000
23430,23430000,-1.002500,-0.009500,0.019000
23436,23436000,-1.002500,-0.009500,0.019000
23442,23442000,-1.002500,-0.009500,0.019000
23448,23448000,-1.002500,-0.009500,0.019000
23454,23454000,-1.002500,-0.009500,0.019000
23460,23460000,-1.002500,-0.009500,0.019000
23466,23466000,-1.002500,-0.009500,0.019000
23472,23472000,-1.002500,-0.009500,0.019000
23478,23478000,-1.002500,-0.009500,0.019000
23484,23484000,-1.002500,-0.009500,0.019000
23490,23490000,-1.002500,-0.009500,0.019000
23496,23496000,-1.002500,-0.009500,0.019000
23502,23502000,-1.002500,-0.009500,0.019000
23508,23508000,-1.002500,-0.009500,0.019000
23514,23514000,-1.002500,-0.009500,0.019000
23520,23520000,-1.002500,-0.009500,0.019000
23526,23526000,-1.002500,-0.009500,0.019000
23532,23532000,-1.002500,-0.009500,0.019000
23538,23538000,-1.002500,-0.009500,0.019000
23544,23544000,-1.002500,-0.009500,0.019000
23550,23550000,-1.002500,-0.009500,0.019000
23556,23556000,-1.002500,-0.009500,0.019000
23562,23562000,-1.002500,-0.009500,0.019000
23568,23568000,-1.002500,-0.009500,0.019000
23574,23574000,-1.002500,-0.009500,0.019000
23580,23580000,-1.002500,-0.009500,0.019000
23586,23586000,-1.002500,-0.009500,0.019000
23592,23592000,-1.002500,-0.009500,0.019000
23598,23598000,-1.002500,-0.009500,0.019000
23604,23604000,-1.002500,-0.009500,0.019000
23610,23610000,-1.002500,-0.009500,0.019000
23616,23616000,-1.002500,-0.009500,0.019000
23622,23622000,-1.002500,-0.009500,0.019000
23628,23628000,-1.002500,-0.009500,0.019000
23634,23634000,-1.002500,-0.009500,0.019000
23640,23640000,-1.002500,-0.009500,0.019000
23646,23646000,-1.002500,-0.009500,0.019000
23652,23652000,-1.002500,-0.009500,0.019000
23658,23658000,-1.002500,-0.009500,0.019000
23664,23664000,-1.002500,-0.009500,0.019000
23670,23670000,-1.002500,-0.009500,0.019000
23676,23676000,-1.002500,-0.009500,0.019000
23682,23682000,-1.002500,-0.009500,0.019000
23688,23688000,-1.002500,-0.009500,0.019000
23694,23694000,-1.002500,-0.009500,0.019000
23700,23700000,-0.995000,-0.009500,0.019000
23706,23706000,-0.995000,-0.009500,0.019000
23712,23712000,-0.995000,-0.009500,0.019000
23718,23718000,-0.995000,-0.009500,0.019000
23724,23724000,-0.995000,-0.009500,0.019000
23730,23730000,-0.995000,-0.009500,0.019000
23736,23736000,-0.995000,-0.009500,0.019000
23742,23742000,-0.995000,-0.009500,0.019000
23748,23748000,-0.995000,-0.009500,0.019000
23754,23754000,-0.995000,-0.009500,0.019000
23760,23760000,-0.995000,-0.009500,0.019000
23766,23766000,-0.995000,-0.009500,0.019000
23772,23772000,-0.995000,-0.009500,0.019000
23778,23778000,-0.995000,-0.009500,0.019000
23784,23784000,-0.995000,-0.009500,0.019000
23790,23790000,-0.995000,-0.009500,0.019000
23796,23796000,-0.995000,-0.009500,0.019000
23802,23802000,-0.995000,-0.009500,0.019000
23808,23808000,-0.995000,-0.009500,0.019000
23814,23814000,-0.995000,-0.009500,0.019000
23820,23820000,-0.995000,-0.009500,0.019000
23826,23826000,-0.995000,-0.009500,0.019000
23832,23832000,-0.995000,-0.009500,0.019000
23838,23838000,-0.995000,-0.009500,0.019000
23844,23844000,-0.995000,-0.009500,0.019000
23850,23850000,-0.995000,-0.009500,0.019000
23856,23856000,-0.995000,-0.009500,0.019000
23862,23862000,-0.995000,-0.009500,0.019000
23868,23868000,-0.995000,-0.009500,0.019000
23874,23874000,-0.995000,-0.009500,0.019000
23880,23880000,-0.995000,-0.009500,0.019000
23886,23886000,-0.995000,-0.009500,0.019000
23892,23892000,-0.995000,-0.009500,0.019000
23898,23898000,-0.995000,-0.009500,0.019000
23904,23904000,-0.995000,-0.009500,0.019000
23910,23910000,-0.995000,-0.009500,0.019000
23916,23916000,-0.995000,-0.009500,0.019000
23922,23922000,-0.995000,-0.009500,0.019000
23928,23928000,-0.995000,-0.009500,0.019000
23934,23934000,-0.995000,-0.009500,0.019000
23940,23940000,-0.995000,-0.009500,0.019000
23946,23946000,-0.995000,-0.009500,0.019000
23952,23952000,-0.995000,-0.009500,0.019000
23958,23958000,-0.995000,-0.009500,0.019000
23964,23964000,-0.995000,-0.009500,0.019000
23970,23970000,-0.995000,-0.009500,0.019000
23976,23976000,-0.995000,-0.009500,0.019000
23982,23982000,-0.995000,-0.009500,0.019000
23988,23988000,-0.995000,-0.009500,0.019000
23994,23994000,-0.995000,-0.009500,0.019000
24000,24000000,-0.995000,0.019000,0.019000
24006,24006000,-0.995000,0.019000,0.019000
24012,24012000,-0.995000,0.019000,0.019000
24018,24018000,-0.995000,0.019000,0.019000
24024,24024000,-0.995000,0.019000,0.019000
24030,24030000,-0.995000,0.019000,0.019000
24036,24036000,-0.995000,0.019000,0.019000
24042,24042000,-0.995000,0.019000,0.019000
24048,24048000,-0.995000,0.019000,0.019000
24054,24054000,-0.995000,0.019000,0.019000
24060,24060000,-0.995000,0.019000,0.019000
24066,24066000,-0.995000,0.019000,0.019000
24072,24072000,-0.995000,0.019000,0.019000
24078,24078000,-0.995000,0.019000,0.019000
24084,24084000,-0.995000,0.019000,0.019000
24090,24090000,-0.995000,0.019000,0.019000
24096,24096000,-0.995000,0.019000,0.019000
24102,24102000,-0.995000,0.019000,0.019000
24108,24108000,-0.995000,0.019000,0.019000
24114,24114000,-0.995000,0.019000,0.019000
24120,24120000,-0.995000,0.019000,0.019000
24126,24126000,-0.995000,0.019000,0.019000
24132,24132000,-0.995000,0.019000,0.019000
24138,24138000,-0.995000,0.019000,0.019000
24144,24144000,-0.995000,0.019000,0.019000
24150,24150000,-0.995000,0.019000,0.019000
24156,24156000,-0.995000,0.019000,0.019000
24162,24162000,-0.995000,0.019000,0.019000
24168,24168000,-0.995000,0.019000,0.019000
24174,24174000,-0.995000,0.019000,0.019000
24180,24180000,-0.995000,0.019000,0.019000
24186,24186000,-0.995000,0.019000,0.019000
24192,24192000,-0.995000,0.019000,0.019000
24198,24198000,-0.995000,0.019000,0.019000
24204,24204000,-0.995000,0.019000,0.019000
24210,24210000,-0.995000,0.019000,0.019000
24216,24216000,-0.995000,0.019000,0.019000
24222,24222000,-0.995000,0.019000,0.019000
24228,24228000,-0.995000,0.019000,0.019000
24234,24234000,-0.995000,0.019000,0.019000
24240,24240000,-0.995000,0.019000,0.019000
24246,24246000,-0.995000,0.019000,0.019000
24252,24252000,-0.995000,0.019000,0.019000
24258,24258000,-0.995000,0.019000,0.019000
24264,24264000,-0.995000,0.019000,0.019000
24270,24270000,-0.995000,0.019000,0.019000
24276,24276000,-0.995000,0.019000,0.019000
24282,24282000,-0.995000,0.019000,0.019000
24288,24288000,-0.995000,0.019000,0.019000
24294,24294000,-0.995000,0.019000,0.019000
24300,24300000,-0.995000,0.019000,0.019000
24306,24306000,-0.995000,0.019000,0.019000
24312,24312000,-0.995000,0.019000,0.019000
24318,24318000,-0.995000,0.019000,0.019000
24324,24324000,-0.995000,0.019000,0.019000
24330,24330000,-0.995000,0.019000,0.019000
24336,24336000,-0.995000,0.019000,0.019000
24342,24342000,-0.995000,0.019000,0.019000
24348,24348000,-0.995000,0.019000,0.019000
24354,24354000,-0.995000,0.019000,0.019000
24360,24360000,-0.995000,0.019000,0.019000
24366,24366000,-0.995000,0.019000,0.019000
24372,24372000,-0.995000,0.019000,0.019000
24378,24378000,-0.995000,0.019000,0.019000
24384,24384000,-0.995000,0.019000,0.019000
24390,24390000,-0.995000,0.019000,0.019000
24396,24396000,-0.995000,0.019000,0.019000
24402,24402000,-0.995000,0.019000,0.019000
24408,24408000,-0.995000,0.019000,0.019000
24414,24414000,-0.995000,0.019000,0.019000
24420,24420000,-0.995000,0.019000,0.019000
24426,24426000,-0.995000,0.019000,0.019000
24432,24432000,-0.995000,0.019000,0.019000
24438,24438000,-0.995000,0.019000,0.019000
24444,24444000,-0.995000,0.019000,0.019000
24450,24450000,-0.995000,0.019000,0.019000
24456,24456000,-0.995000,0.019000,0.019000
24462,24462000,-0.995000,0.019000,0.019000
24468,24468000,-0.995000,0.019000,0.019000
24474,24474000,-0.995000,0.019000,0.019000
24480,24480000,-0.995000,0.019000,0.019000
24486,24486000,-0.995000,0.019000,0.019000
24492,24492000,-0.995000,0.019000,0.019000
24498,24498000,-0.995000,0.019000,0.019000
24504,24504000,-0.995000,0.019000,0.019000
24510,24510000,-0.995000,0.019000,0.019000
24516,24516000,-0.995000,0.019000,0.019000
24522,24522000,-0.995000,0.019000,0.019000
24528,24528000,-0.995000,0.019000,0.019000
24534,24534000,-0.995000,0.019000,0.019000
24540,24540000,-0.995000,0.019000,0.019000
24546,24546000,-0.995000,0.019000,0.019000
24552,24552000,-0.995000,0.019000,0.019000
24558,24558000,-0.995000,0.019000,0.019000
24564,24564000,-0.995000,0.019000,0.019000
24570,24570000,-0.995000,0.019000,0.019000
24576,24576000,-0.995000,0.019000,0.019000
24582,24582000,-0.995000,0.019000,0.019000
24588,24588000,-0.995000,0.019000,0.019000
24594,24594000,-0.995000,0.019000,0.019000
24600,24600000,-0.995000,0.019000,0.019000
24606,24606000,-0.995000,0.019000,0.019000
24612,24612000,-0.995000,0.019000,0.019000
24618,24618000,-0.995000,0.019000,0.019000
24624,24624000,-0.995000,0.019000,0.019000
24630,24630000,-0.995000,0.019000,0.019000
24636,24636000,-0.995000,0.019000,0.019000
24642,24642000,-0.995000,0.019000,0.019000
24648,24648000,-0.995000,0.019000,0.019000
24654,24654000,-0.995000,0.019000,0.019000
24660,24660000,-0.995000,0.019000,0.019000
24666,24666000,-0.995000,0.019000,0.019000
24672,24672000,-0.995000,0.019000,0.019000
24678,24678000,-0.995000,0.019000,0.019000
24684,24684000,-0.995000,0.019000,0.019000
24690,24690000,-0.995000,0.019000,0.019000
24696,24696000,-0.995000,0.019000,0.019000
24702,24702000,-0.995000,0.019000,0.019000
24708,24708000,-0.995000,0.019000,0.019000
24714,24714000,-0.995000,0.019000,0.019000
24720,24720000,-0.995000,0.019000,0.019000
24726,24726000,-0.995000,0.019000,0.019000
24732,24732000,-0.995000,0.019000,0.019000
24738,24738000,-0.995000,0.019000,0.019000
24744,24744000,-0.995000,0.019000,0.019000
24750,24750000,-0.995000,0.019000,-0.019000
24756,24756000,-0.995000,0.019000,-0.019000
24762,24762000,-0.995000,0.019000,-0.019000
24768,24768000,-0.995000,0.019000,-0.019000
24774,24774000,-0.995000,0.019000,-0.019000
24780,24780000,-0.995000,0.019000,-0.019000
24786,24786000,-0.995000,0.019000,-0.019000
24792,24792000,-0.995000,0.019000,-0.019000
24798,24798000,-0.995000,0.019000,-0.019000
24804,24804000,-0.995000,0.019000,-0.019000
24810,24810000,-0.995000,0.019000,-0.019000
24816,24816000,-0.995000,0.019000,-0.019000
24822,24822000,-0.995000,0.019000,-0.019000
24828,24828000,-0.995000,0.019000,-0.019000
24834,24834000,-0.995000,0.019000,-0.019000
24840,24840000,-0.995000,0.019000,-0.019000
24846,24846000,-0.995000,0.019000,-0.019000
24852,24852000,-0.995000,0.019000,-0.019000
24858,24858000,-0.995000,0.019000,-0.019000
24864,24864000,-0.995000,0.019000,-0.019000
24870,24870000,-0.995000,0.019000,-0.019000
24876,24876000,-0.995000,0.019000,-0.019000
24882,24882000,-0.995000,0.019000,-0.019000
24888,24888000,-0.995000,0.019000,-0.019000
24894,24894000,-0.995000,0.019000,-0.019000
24900,24900000,-0.995000,0.019000,-0.019000
24906,24906000,-0.995000,0.019000,-0.019000
24912,24912000,-0.995000,0.019000,-0.019000
24918,24918000,-0.995000,0.019000,-0.019000
24924,24924000,-0.995000,0.019000,-0.019000
24930,24930000,-0.995000,0.019000,-0.019000
24936,24936000,-0.995000,0.019000,-0.019000
24942,24942000,-0.995000,0.019000,-0.019000
24948,24948000,-0.995000,0.019000,-0.019000
24954,24954000,-0.995000,0.019000,-0.019000
24960,24960000,-0.995000,0.019000,-0.019000
24966,24966000,-0.995000,0.019000,-0.019000
24972,24972000,-0.995000,0.019000,-0.019000
24978,24978000,-0.995000,0.019000,-0.019000
24984,24984000,-0.995000,0.019000,-0.019000
24990,24990000,-0.995000,0.019000,-0.019000
24996,24996000,-0.995000,0.019000,-0.019000
25002,25002000,-0.995000,0.019000,-0.019000
25008,25008000,-0.995000,0.019000,-0.019000
25014,25014000,-0.995000,0.019000,-0.019000
25020,25020000,-0.995000,0.019000,-0.019000
25026,25026000,-0.995000,0.019000,-0.019000
25032,25032000,-0.995000,0.019000,-0.019000
25038,25038000,-0.995000,0.019000,-0.019000
25044,25044000,-0.995000,0.019000,-0.019000
25050,25050000,-0.995000,0.019000,-0.019000
25056,25056000,-0.995000,0.019000,-0.019000
25062,25062000,-0.995000,0.019000,-0.019000
25068,25068000,-0.995000,0.019000,-0.019000
25074,25074000,-0.995000,0.019000,-0.019000
25080,25080000,-0.995000,0.019000,-0.019000
25086,25086000,-0.995000,0.019000,-0.019000
25092,25092000,-0.995000,0.019000,-0.019000
25098,25098000,-0.995000,0.019000,-0.019000
25104,25104000,-0.995000,0.019000,-0.019000
25110,25110000,-0.995000,0.019000,-0.019000
25116,25116000,-0.995000,0.019000,-0.019000
25122,25122000,-0.995000,0.019000,-0.019000
25128,25128000,-0.995000,0.019000,-0.019000
25134,25134000,-0.995000,0.019000,-0.019000
25140,25140000,-0.995000,0.019000,-0.019000
25146,25146000,-0.995000,0.019000,-0.019000
25152,25152000,-0.995000,0.019000,-0.019000
25158,25158000,-0.995000,0.019000,-0.019000
25164,25164000,-0.995000,0.019000,-0.019000
25170,25170000,-0.995000,0.019000,-0.019000
25176,25176000,-0.995000,0.019000,-0.019000
25182,25182000,-0.995000,0.019000,-0.019000
25188,25188000,-0.995000,0.019000,-0.019000
25194,25194000,-0.995000,0.019000,-0.019000
25200,25200000,-1.005000,0.019000,-0.019000
25206,25206000,-1.005000,0.019000,-0.019000
25212,25212000,-1.005000,0.019000,-0.019000
25218,25218000,-1.005000,0.019000,-0.019000
25224,25224000,-1.005000,0.019000,-0.019000
25230,25230000,-1.005000,0.019000,-0.019000
25236,25236000,-1.005000,0.019000,-0.019000
25242,25242000,-1.005000,0.019000,-0.019000
25248,25248000,-1.005000,0.019000,-0.019000
25254,25254000,-1.005000,0.019000,-0.019000
25260,25260000,-1.005000,0.019000,-0.019000
25266,25266000,-1.005000,0.019000,-0.019000
25272,25272000,-1.005000,0.019000,-0.019000
25278,25278000,-1.005000,0.019000,-0.019000
25284,25284000,-1.005000,0.019000,-0.019000
25290,25290000,-1.005000,0.019000,-0.019000
25296,25296000,-1.005000,0.019000,-0.019000
25302,25302000,-1.005000,0.019000,-0.019000
25308,25308000,-1.005000,0.019000,-0.019000
25314,25314000,-1.005000,0.019000,-0.019000
25320,25320000,-1.005000,0.019000,-0.019000
25326,25326000,-1.005000,0.019000,-0.019000
25332,25332000,-1.005000,0.019000,-0.019000
25338,25338000,-1.005000,0.019000,-0.019000
25344,25344000,-1.005000,0.019000,-0.019000
25350,25350000,-1.005000,0.019000,-0.019000
25356,25356000,-1.005000,0.019000,-0.019000
25362,25362000,-1.005000,0.019000,-0.019000
25368,25368000,-1.005000,0.019000,-0.019000
25374,25374000,-1.005000,0.019000,-0.019000
25380,25380000,-1.005000,0.019000,-0.019000
25386,25386000,-1.005000,0.019000,-0.019000
25392,25392000,-1.005000,0.019000,-0.019000
25398,25398000,-1.005000,0.019000,-0.019000
25404,25404000,-1.005000,0.019000,-0.019000
25410,25410000,-1.005000,0.019000,-0.019000
25416,25416000,-1.005000,0.019000,-0.019000
25422,25422000,-1.005000,0.019000,-0.019000
25428,25428000,-1.005000,0.019000,-0.019000
25434,25434000,-1.005000,0.019000,-0.019000
25440,25440000,-1.005000,0.019000,-0.019000
25446,25446000,-1.005000,0.019000,-0.019000
25452,25452000,-1.005000,0.019000,-0.019000
25458,25458000,-1.005000,0.019000,-0.019000
25464,25464000,-1.005000,0.019000,-0.019000
25470,25470000,-1.005000,0.019000,-0.019000
25476,25476000,-1.005000,0.019000,-0.019000
25482,25482000,-1.005000,0.019000,-0.019000
25488,25488000,-1.005000,0.019000,-0.019000
25494,25494000,-1.005000,0.019000,-0.019000
25500,25500000,-1.005000,-0.019000,-0.019000
25506,25506000,-1.005000,-0.019000,-0.019000
25512,25512000,-1.005000,-0.019000,-0.019000
25518,25518000,-1.005000,-0.019000,-0.019000
25524,25524000,-1.005000,-0.019000,-0.019000
25530,25530000,-1.005000,-0.019000,-0.019000
25536,25536000,-1.005000,-0.019000,-0.019000
25542,25542000,-1.005000,-0.019000,-0.019000
25548,25548000,-1.005000,-0.019000,-0.019000
25554,25554000,-1.005000,-0.019000,-0.019000
25560,25560000,-1.005000,-0.019000,-0.019000
25566,25566000,-1.005000,-0.019000,-0.019000
25572,25572000,-1.005000,-0.019000,-0.019000
25578,25578000,-1.005000,-0.019000,-0.019000
25584,25584000,-1.005000,-0.019000,-0.019000
25590,25590000,-1.005000,-0.019000,-0.019000
25596,25596000,-1.005000,-0.019000,-0.019000
25602,25602000,-1.005000,-0.019000,-0.019000
25608,25608000,-1.005000,-0.019000,-0.019000
25614,25614000,-1.005000,-0.019000,-0.019000
25620,25620000,-1.005000,-0.019000,-0.019000
25626,25626000,-1.005000,-0.019000,-0.019000
25632,25632000,-1.005000,-0.019000,-0.019000
25638,25638000,-1.005000,-0.019000,-0.019000
25644,25644000,-1.005000,-0.019000,-0.019000
25650,25650000,-1.005000,-0.019000,-0.019000
25656,25656000,-1.005000,-0.019000,-0.019000
25662,25662000,-1.005000,-0.019000,-0.019000
25668,25668000,-1.005000,-0.019000,-0.019000
25674,25674000,-1.005000,-0.019000,-0.019000
25680,25680000,-1.005000,-0.019000,-0.019000
25686,25686000,-1.005000,-0.019000,-0.019000
25692,25692000,-1.005000,-0.019000,-0.019000
25698,25698000,-1.005000,-0.019000,-0.019000
25704,25704000,-1.005000,-0.019000,-0.019000
25710,25710000,-1.005000,-0.019000,-0.019000
25716,25716000,-1.005000,-0.019000,-0.019000
25722,25722000,-1.005000,-0.019000,-0.019000
25728,25728000,-1.005000,-0.019000,-0.019000
25734,25734000,-1.005000,-0.019000,-0.019000
25740,25740000,-1.005000,-0.019000,-0.019000
25746,25746000,-1.005000,-0.019000,-0.019000
25752,25752000,-1.005000,-0.019000,-0.019000
25758,25758000,-1.005000,-0.019000,-0.019000
25764,25764000,-1.005000,-0.019000,-0.019000
25770,25770000,-1.005000,-0.019000,-0.019000
25776,25776000,-1.005000,-0.019000,-0.019000
25782,25782000,-1.005000,-0.019000,-0.019000
25788,25788000,-1.005000,-0.019000,-0.019000
25794,25794000,-1.005000,-0.019000,-0.019000
25800,25800000,-1.005000,-0.019000,-0.019000
25806,25806000,-1.005000,-0.019000,-0.019000
25812,25812000,-1.005000,-0.019000,-0.019000
25818,25818000,-1.005000,-0.019000,-0.019000
25824,25824000,-1.005000,-0.019000,-0.019000
25830,25830000,-1.005000,-0.019000,-0.019000
25836,25836000,-1.005000,-0.019000,-0.019000
25842,25842000,-1.005000,-0.019000,-0.019000
25848,25848000,-1.005000,-0.019000,-0.019000
25854,25854000,-1.005000,-0.019000,-0.019000
25860,25860000,-1.005000,-0.019000,-0.019000
25866,25866000,-1.005000,-0.019000,-0.019000
25872,25872000,-1.005000,-0.019000,-0.019000
25878,25878000,-1.005000,-0.019000,-0.019000
25884,25884000,-1.005000,-0.019000,-0.019000
25890,25890000,-1.005000,-0.019000,-0.019000
25896,25896000,-1.005000,-0.019000,-0.019000
25902,25902000,-1.005000,-0.019000,-0.019000
25908,25908000,-1.005000,-0.019000,-0.019000
25914,25914000,-1.005000,-0.019000,-0.019000
25920,25920000,-1.005000,-0.019000,-0.019000
25926,25926000,-1.005000,-0.019000,-0.019000
25932,25932000,-1.005000,-0.019000,-0.019000
25938,25938000,-1.005000,-0.019000,-0.019000
25944,25944000,-1.005000,-0.019000,-0.019000
25950,25950000,-1.005000,-0.019000,-0.019000
25956,25956000,-1.005000,-0.019000,-0.019000
25962,25962000,-1.005000,-0.019000,-0.019000
25968,25968000,-1.005000,-0.019000,-0.019000
25974,25974000,-1.005000,-0.019000,-0.019000
25980,25980000,-1.005000,-0.019000,-0.019000
25986,25986000,-1.005000,-0.019000,-0.019000
25992,25992000,-1.005000,-0.019000,-0.019000
25998,25998000,-1.005000,-0.019000,-0.019000
26004,26004000,-1.005000,-0.019000,-0.019000
26010,26010000,-1.005000,-0.019000,-0.019000
26016,26016000,-1.005000,-0.019000,-0.019000
26022,26022000,-1.005000,-0.019000,-0.019000
26028,26028000,-1.005000,-0.019000,-0.019000
26034,26034000,-1.005000,-0.019000,-0.019000
26040,26040000,-1.005000,-0.019000,-0.019000
26046,26046000,-1.005000,-0.019000,-0.019000
26052,26052000,-1.005000,-0.019000,-0.019000
26058,26058000,-1.005000,-0.019000,-0.019000
26064,26064000,-1.005000,-0.019000,-0.019000
26070,26070000,-1.005000,-0.019000,-0.019000
26076,26076000,-1.005000,-0.019000,-0.019000
26082,26082000,-1.005000,-0.019000,-0.019000
26088,26088000,-1.005000,-0.019000,-0.019000
26094,26094000,-1.005000,-0.019000,-0.019000
26100,26100000,-1.005000,-0.019000,-0.019000
26106,26106000,-1.005000,-0.019000,-0.019000
26112,26112000,-1.005000,-0.019000,-0.019000
26118,26118000,-1.005000,-0.019000,-0.019000
26124,26124000,-1.005000,-0.019000,-0.019000
26130,26130000,-1.005000,-0.019000,-0.019000
26136,26136000,-1.005000,-0.019000,-0.019000
26142,26142000,-1.005000,-0.019000,-0.019000
26148,26148000,-1.005000,-0.019000,-0.019000
26154,26154000,-1.005000,-0.019000,-0.019000
26160,26160000,-1.005000,-0.019000,-0.019000
26166,26166000,-1.005000,-0.019000,-0.019000
26172,26172000,-1.005000,-0.019000,-0.019000
26178,26178000,-1.005000,-0.019000,-0.019000
26184,26184000,-1.005000,-0.019000,-0.019000
26190,26190000,-1.005000,-0.019000,-0.019000
26196,26196000,-1.005000,-0.019000,-0.019000
26202,26202000,-1.005000,-0.019000,-0.019000
26208,26208000,-1.005000,-0.019000,-0.019000
26214,26214000,-1.005000,-0.019000,-0.019000
26220,26220000,-1.005000,-0.019000,-0.019000
26226,26226000,-1.005000,-0.019000,-0.019000
26232,26232000,-1.005000,-0.019000,-0.019000
26238,26238000,-1.005000,-0.019000,-0.019000
26244,26244000,-1.005000,-0.019000,-0.019000
26250,26250000,-1.005000,-0.019000,0.009500
26256,26256000,-1.005000,-0.019000,0.009500
26262,26262000,-1.005000,-0.019000,0.009500
26268,26268000,-1.005000,-0.019000,0.009500
26274,26274000,-1.005000,-0.019000,0.009500
26280,26280000,-1.005000,-0.019000,0.009500
26286,26286000,-1.005000,-0.019000,0.009500
26292,26292000,-1.005000,-0.019000,0.009500
26298,26298000,-1.005000,-0.019000,0.009500
26304,26304000,-1.005000,-0.019000,0.009500
26310,26310000,-1.005000,-0.019000,0.009500
26316,26316000,-1.005000,-0.019000,0.009500
26322,26322000,-1.005000,-0.019000,0.009500
26328,26328000,-1.005000,-0.019000,0.009500
26334,26334000,-1.005000,-0.019000,0.009500
26340,26340000,-1.005000,-0.019000,0.009500
26346,26346000,-1.005000,-0.019000,0.009500
26352,26352000,-1.005000,-0.019000,0.009500
26358,26358000,-1.005000,-0.019000,0.009500
26364,26364000,-1.005000,-0.019000,0.009500
26370,26370000,-1.005000,-0.019000,0.009500
26376,26376000,-1.005000,-0.019000,0.009500
26382,26382000,-1.005000,-0.019000,0.009500
26388,26388000,-1.005000,-0.019000,0.009500
26394,26394000,-1.005000,-0.019000,0.009500
26400,26400000,-1.005000,-0.019000,0.009500
26406,26406000,-1.005000,-0.019000,0.009500
26412,26412000,-1.005000,-0.019000,0.009500
26418,26418000,-1.005000,-0.019000,0.009500
26424,26424000,-1.005000,-0.019000,0.009500
26430,26430000,-1.005000,-0.019000,0.009500
26436,26436000,-1.005000,-0.019000,0.009500
26442,26442000,-1.005000,-0.019000,0.009500
26448,26448000,-1.005000,-0.019000,0.009500
26454,26454000,-1.005000,-0.019000,0.009500
26460,26460000,-1.005000,-0.019000,0.009500
26466,26466000,-1.005000,-0.019000,0.009500
26472,26472000,-1.005000,-0.019000,0.009500
26478,26478000,-1.005000,-0.019000,0.009500
26484,26484000,-1.005000,-0.019000,0.009500
26490,26490000,-1.005000,-0.019000,0.009500
26496,26496000,-1.005000,-0.019000,0.009500
26502,26502000,-1.005000,-0.019000,0.009500
26508,26508000,-1.005000,-0.019000,0.009500
26514,26514000,-1.005000,-0.019000,0.009500
26520,26520000,-1.005000,-0.019000,0.009500
26526,26526000,-1.005000,-0.019000,0.009500
26532,26532000,-1.005000,-0.019000,0.009500
26538,26538000,-1.005000,-0.019000,0.009500
26544,26544000,-1.005000,-0.019000,0.009500
26550,26550000,-1.005000,-0.019000,0.009500
26556,26556000,-1.005000,-0.019000,0.009500
26562,26562000,-1.005000,-0.019000,0.009500
26568,26568000,-1.005000,-0.019000,0.009500
26574,26574000,-1.005000,-0.019000,0.009500
26580,26580000,-1.005000,-0.019000,0.009500
26586,26586000,-1.005000,-0.019000,0.009500
26592,26592000,-1.005000,-0.019000,0.009500
26598,26598000,-1.005000,-0.019000,0.009500
26604,26604000,-1.005000,-0.019000,0.009500
26610,26610000,-1.005000,-0.019000,0.009500
26616,26616000,-1.005000,-0.019000,0.009500
26622,26622000,-1.005000,-0.019000,0.009500
26628,26628000,-1.005000,-0.019000,0.009500
26634,26634000,-1.005000,-0.019000,0.009500
26640,26640000,-1.005000,-0.019000,0.009500
26646,26646000,-1.005000,-0.019000,0.009500
26652,26652000,-1.005000,-0.019000,0.009500
26658,26658000,-1.005000,-0.019000,0.009500
26664,26664000,-1.005000,-0.019000,0.009500
26670,26670000,-1.005000,-0.019000,0.009500
26676,26676000,-1.005000,-0.019000,0.009500
26682,26682000,-1.005000,-0.019000,0.009500
26688,26688000,-1.005000,-0.019000,0.009500
26694,26694000,-1.005000,-0.019000,0.009500
26700,26700000,-0.997500,-0.019000,0.009500
26706,26706000,-0.997500,-0.019000,0.009500
26712,26712000,-0.997500,-0.019000,0.009500
26718,26718000,-0.997500,-0.019000,0.009500
26724,26724000,-0.997500,-0.019000,0.009500
26730,26730000,-0.997500,-0.019000,0.009500
26736,26736000,-0.997500,-0.019000,0.009500
26742,26742000,-0.997500,-0.019000,0.009500
26748,26748000,-0.997500,-0.019000,0.009500
26754,26754000,-0.997500,-0.019000,0.009500
26760,26760000,-0.997500,-0.019000,0.009500
26766,26766000,-0.997500,-0.019000,0.009500
26772,26772000,-0.997500,-0.019000,0.009500
26778,26778000,-0.997500,-0.019000,0.009500
26784,26784000,-0.997500,-0.019000,0.009500
26790,26790000,-0.997500,-0.019000,0.009500
26796,26796000,-0.997500,-0.019000,0.009500
26802,26802000,-0.997500,-0.019000,0.009500
26808,26808000,-0.997500,-0.019000,0.009500
26814,26814000,-0.997500,-0.019000,0.009500
26820,26820000,-0.997500,-0.019000,0.009500
26826,26826000,-0.997500,-0.019000,0.009500
26832,26832000,-0.997500,-0.019000,0.009500
26838,26838000,-0.997500,-0.019000,0.009500
26844,26844000,-0.997500,-0.019000,0.009500
26850,26850000,-0.997500,-0.019000,0.009500
26856,26856000,-0.997500,-0.019000,0.009500
26862,26862000,-0.997500,-0.019000,0.009500
26868,26868000,-0.997500,-0.019000,0.009500
26874,26874000,-0.997500,-0.019000,0.009500
26880,26880000,-0.997500,-0.019000,0.009500
26886,26886000,-0.997500,-0.019000,0.009500
26892,26892000,-0.997500,-0.019000,0.009500
26898,26898000,-0.997500,-0.019000,0.009500
26904,26904000,-0.997500,-0.019000,0.009500
26910,26910000,-0.997500,-0.019000,0.009500
26916,26916000,-0.997500,-0.019000,0.009500
26922,26922000,-0.997500,-0.019000,0.009500
26928,26928000,-0.997500,-0.019000,0.009500
26934,26934000,-0.997500,-0.019000,0.009500
26940,26940000,-0.997500,-0.019000,0.009500
26946,26946000,-0.997500,-0.019000,0.009500
26952,26952000,-0.997500,-0.019000,0.009500
26958,26958000,-0.997500,-0.019000,0.009500
26964,26964000,-0.997500,-0.019000,0.009500
26970,26970000,-0.997500,-0.019000,0.009500
26976,26976000,-0.997500,-0.019000,0.009500
26982,26982000,-0.997500,-0.019000,0.009500
26988,26988000,-0.997500,-0.019000,0.009500
26994,26994000,-0.997500,-0.019000,0.009500
27000,27000000,-0.997500,0.009500,0.009500
27006,27006000,-0.997500,0.009500,0.009500
27012,27012000,-0.997500,0.009500,0.009500
27018,27018000,-0.997500,0.009500,0.009500
27024,27024000,-0.997500,0.009500,0.009500
27030,27030000,-0.997500,0.009500,0.009500
27036,27036000,-0.997500,0.009500,0.009500
27042,27042000,-0.997500,0.009500,0.009500
27048,27048000,-0.997500,0.009500,0.009500
27054,27054000,-0.997500,0.009500,0.009500
27060,27060000,-0.997500,0.009500,0.009500
27066,27066000,-0.997500,0.009500,0.009500
27072,27072000,-0.997500,0.009500,0.009500
27078,27078000,-0.997500,0.009500,0.009500
27084,27084000,-0.997500,0.009500,0.009500
27090,27090000,-0.997500,0.009500,0.009500
27096,27096000,-0.997500,0.009500,0.009500
27102,27102000,-0.997500,0.009500,0.009500
27108,27108000,-0.997500,0.009500,0.009500
27114,27114000,-0.997500,0.009500,0.009500
27120,27120000,-0.997500,0.009500,0.009500
27126,27126000,-0.997500,0.009500,0.009500
27132,27132000,-0.997500,0.009500,0.009500
27138,27138000,-0.997500,0.009500,0.009500
27144,27144000,-0.997500,0.009500,0.009500
27150,27150000,-0.997500,0.009500,0.009500
27156,27156000,-0.997500,0.009500,0.009500
27162,27162000,-0.997500,0.009500,0.009500
27168,27168000,-0.997500,0.009500,0.009500
27174,27174000,-0.997500,0.009500,0.009500
27180,27180000,-0.997500,0.009500,0.009500
27186,27186000,-0.997500,0.009500,0.009500
27192,27192000,-0.997500,0.009500,0.009500
27198,27198000,-0.997500,0.009500,0.009500
27204,27204000,-0.997500,0.009500,0.009500
27210,27210000,-0.997500,0.009500,0.009500
27216,27216000,-0.997500,0.009500,0.009500
27222,27222000,-0.997500,0.009500,0.009500
27228,27228000,-0.997500,0.009500,0.009500
27234,27234000,-0.997500,0.009500,0.009500
27240,27240000,-0.997500,0.009500,0.009500
27246,27246000,-0.997500,0.009500,0.009500
27252,27252000,-0.997500,0.009500,0.009500
27258,27258000,-0.997500,0.009500,0.009500
27264,27264000,-0.997500,0.009500,0.009500
27270,27270000,-0.997500,0.009500,0.009500
27276,27276000,-0.997500,0.009500,0.009500
27282,27282000,-0.997500,0.009500,0.009500
27288,27288000,-0.997500,0.009500,0.009500
27294,27294000,-0.997500,0.009500,0.009500
27300,27300000,-0.997500,0.009500,0.009500
27306,27306000,-0.997500,0.009500,0.009500
27312,27312000,-0.997500,0.009500,0.009500
27318,27318000,-0.997500,0.009500,0.009500
27324,27324000,-0.997500,0.009500,0.009500
27330,27330000,-0.997500,0.009500,0.009500
27336,27336000,-0.997500,0.009500,0.009500
27342,27342000,-0.997500,0.009500,0.009500
27348,27348000,-0.997500,0.009500,0.009500
27354,27354000,-0.997500,0.009500,0.009500
27360,27360000,-0.997500,0.009500,0.009500
27366,27366000,-0.997500,0.009500,0.009500
27372,27372000,-0.997500,0.009500,0.009500
27378,27378000,-0.997500,0.009500,0.009500
27384,27384000,-0.997500,0.009500,0.009500
27390,27390000,-0.997500,0.009500,0.009500
27396,27396000,-0.997500,0.009500,0.009500
27402,27402000,-0.997500,0.009500,0.009500
27408,27408000,-0.997500,0.009500,0.009500
27414,27414000,-0.997500,0.009500,0.009500
27420,27420000,-0.997500,0.009500,0.009500
27426,27426000,-0.997500,0.009500,0.009500
27432,27432000,-0.997500,0.009500,0.009500
27438,27438000,-0.997500,0.009500,0.009500
27444,27444000,-0.997500,0.009500,0.009500
27450,27450000,-0.997500,0.009500,0.009500
27456,27456000,-0.997500,0.009500,0.009500
27462,27462000,-0.997500,0.009500,0.009500
27468,27468000,-0.997500,0.009500,0.009500
27474,27474000,-0.997500,0.009500,0.009500
27480,27480000,-0.997500,0.009500,0.009500
27486,27486000,-0.997500,0.009500,0.009500
27492,27492000,-0.997500,0.009500,0.009500
27498,27498000,-0.997500,0.009500,0.009500
27504,27504000,-0.997500,0.009500,0.009500
27510,27510000,-0.997500,0.009500,0.009500
27516,27516000,-0.997500,0.009500,0.009500
27522,27522000,-0.997500,0.009500,0.009500
27528,27528000,-0.997500,0.009500,0.009500
27534,27534000,-0.997500,0.009500,0.009500
27540,27540000,-0.997500,0.009500,0.009500
27546,27546000,-0.997500,0.009500,0.009500
27552,27552000,-0.997500,0.009500,0.009500
27558,27558000,-0.997500,0.009500,0.009500
27564,27564000,-0.997500,0.009500,0.009500
27570,27570000,-0.997500,0.009500,0.009500
27576,27576000,-0.997500,0.009500,0.009500
27582,27582000,-0.997500,0.009500,0.009500
27588,27588000,-0.997500,0.009500,0.009500
27594,27594000,-0.997500,0.009500,0.009500
27600,27600000,-0.997500,0.009500,0.009500
27606,27606000,-0.997500,0.009500,0.009500
27612,27612000,-0.997500,0.009500,0.009500
27618,27618000,-0.997500,0.009500,0.009500
27624,27624000,-0.997500,0.009500,0.009500
27630,27630000,-0.997500,0.009500,0.009500
27636,27636000,-0.997500,0.009500,0.009500
27642,27642000,-0.997500,0.009500,0.009500
27648,27648000,-0.997500,0.009500,0.009500
27654,27654000,-0.997500,0.009500,0.009500
27660,27660000,-0.997500,0.009500,0.009500
27666,27666000,-0.997500,0.009500,0.009500
27672,27672000,-0.997500,0.009500,0.009500
27678,27678000,-0.997500,0.009500,0.009500
27684,27684000,-0.997500,0.009500,0.009500
27690,27690000,-0.997500,0.009500,0.009500
27696,27696000,-0.997500,0.009500,0.009500
27702,27702000,-0.997500,0.009500,0.009500
27708,27708000,-0.997500,0.009500,0.009500
27714,27714000,-0.997500,0.009500,0.009500
27720,27720000,-0.997500,0.009500,0.009500
27726,27726000,-0.997500,0.009500,0.009500
27732,27732000,-0.997500,0.009500,0.009500
27738,27738000,-0.997500,0.009500,0.009500
27744,27744000,-0.997500,0.009500,0.009500
27750,27750000,-0.997500,0.009500,-0.009500
27756,27756000,-0.997500,0.009500,-0.009500
27762,27762000,-0.997500,0.009500,-0.009500
27768,27768000,-0.997500,0.009500,-0.009500
27774,27774000,-0.997500,0.009500,-0.009500
27780,27780000,-0.997500,0.009500,-0.009500
27786,27786000,-0.997500,0.009500,-0.009500
27792,27792000,-0.997500,0.009500,-0.009500
27798,27798000,-0.997500,0.009500,-0.009500
27804,27804000,-0.997500,0.009500,-0.009500
27810,27810000,-0.997500,0.009500,-0.009500
27816,27816000,-0.997500,0.009500,-0.009500
27822,27822000,-0.997500,0.009500,-0.009500
27828,27828000,-0.997500,0.009500,-0.009500
27834,27834000,-0.997500,0.009500,-0.009500
27840,27840000,-0.997500,0.009500,-0.009500
27846,27846000,-0.997500,0.009500,-0.009500
27852,27852000,-0.997500,0.009500,-0.009500
27858,27858000,-0.997500,0.009500,-0.009500
27864,27864000,-0.997500,0.009500,-0.009500
27870,27870000,-0.997500,0.009500,-0.009500
27876,27876000,-0.997500,0.009500,-0.009500
27882,27882000,-0.997500,0.009500,-0.009500
27888,27888000,-0.997500,0.009500,-0.009500
27894,27894000,-0.997500,0.009500,-0.009500
27900,27900000,-0.997500,0.009500,-0.009500
27906,27906000,-0.997500,0.009500,-0.009500
27912,27912000,-0.997500,0.009500,-0.009500
27918,27918000,-0.997500,0.009500,-0.009500
27924,27924000,-0.997500,0.009500,-0.009500
27930,27930000,-0.997500,0.009500,-0.009500
27936,27936000,-0.997500,0.009500,-0.009500
27942,27942000,-0.997500,0.009500,-0.009500
27948,27948000,-0.997500,0.009500,-0.009500
27954,27954000,-0.997500,0.009500,-0.009500
27960,27960000,-0.997500,0.009500,-0.009500
27966,27966000,-0.997500,0.009500,-0.009500
27972,27972000,-0.997500,0.009500,-0.009500
27978,27978000,-0.997500,0.009500,-0.009500
27984,27984000,-0.997500,0.009500,-0.009500
27990,27990000,-0.997500,0.009500,-0.009500
27996,27996000,-0.997500,0.009500,-0.009500
28002,28002000,-0.997500,0.009500,-0.009500
28008,28008000,-0.997500,0.009500,-0.009500
28014,28014000,-0.997500,0.009500,-0.009500
28020,28020000,-0.997500,0.009500,-0.009500
28026,28026000,-0.997500,0.009500,-0.009500
28032,28032000,-0.997500,0.009500,-0.009500
28038,28038000,-0.997500,0.009500,-0.009500
28044,28044000,-0.997500,0.009500,-0.009500
28050,28050000,-0.997500,0.009500,-0.009500
28056,28056000,-0.997500,0.009500,-0.009500
28062,28062000,-0.997500,0.009500,-0.009500
28068,28068000,-0.997500,0.009500,-0.009500
28074,28074000,-0.997500,0.009500,-0.009500
28080,28080000,-0.997500,0.009500,-0.009500
28086,28086000,-0.997500,0.009500,-0.009500
28092,28092000,-0.997500,0.009500,-0.009500
28098,28098000,-0.997500,0.009500,-0.009500
28104,28104000,-0.997500,0.009500,-0.009500
28110,28110000,-0.997500,0.009500,-0.009500
28116,28116000,-0.997500,0.009500,-0.009500
28122,28122000,-0.997500,0.009500,-0.009500
28128,28128000,-0.997500,0.009500,-0.009500
28134,28134000,-0.997500,0.009500,-0.009500
28140,28140000,-0.997500,0.009500,-0.009500
28146,28146000,-0.997500,0.009500,-0.009500
28152,28152000,-0.997500,0.009500,-0.009500
28158,28158000,-0.997500,0.009500,-0.009500
28164,28164000,-0.997500,0.009500,-0.009500
28170,28170000,-0.997500,0.009500,-0.009500
28176,28176000,-0.997500,0.009500,-0.009500
28182,28182000,-0.997500,0.009500,-0.009500
28188,28188000,-0.997500,0.009500,-0.009500
28194,28194000,-0.997500,0.009500,-0.009500
28200,28200000,-1.002500,0.009500,-0.009500
28206,28206000,-1.002500,0.009500,-0.009500
28212,28212000,-1.002500,0.009500,-0.009500
28218,28218000,-1.002500,0.009500,-0.009500
28224,28224000,-1.002500,0.009500,-0.009500
28230,28230000,-1.002500,0.009500,-0.009500
28236,28236000,-1.002500,0.009500,-0.009500
28242,28242000,-1.002500,0.009500,-0.009500
28248,28248000,-1.002500,0.009500,-0.009500
28254,28254000,-1.002500,0.009500,-0.009500
28260,28260000,-1.002500,0.009500,-0.009500
28266,28266000,-1.002500,0.009500,-0.009500
28272,28272000,-1.002500,0.009500,-0.009500
28278,28278000,-1.002500,0.009500,-0.009500
28284,28284000,-1.002500,0.009500,-0.009500
28290,28290000,-1.002500,0.009500,-0.009500
28296,28296000,-1.002500,0.009500,-0.009500
28302,28302000,-1.002500,0.009500,-0.009500
28308,28308000,-1.002500,0.009500,-0.009500
28314,28314000,-1.002500,0.009500,-0.009500
28320,28320000,-1.002500,0.009500,-0.009500
28326,28326000,-1.002500,0.009500,-0.009500
28332,28332000,-1.002500,0.009500,-0.009500
28338,28338000,-1.002500,0.009500,-0.009500
28344,28344000,-1.002500,0.009500,-0.009500
28350,28350000,-1.002500,0.009500,-0.009500
28356,28356000,-1.002500,0.009500,-0.009500
28362,28362000,-1.002500,0.009500,-0.009500
28368,28368000,-1.002500,0.009500,-0.009500
28374,28374000,-1.002500,0.009500,-0.009500
28380,28380000,-1.002500,0.009500,-0.009500
28386,28386000,-1.002500,0.009500,-0.009500
28392,28392000,-1.002500,0.009500,-0.009500
28398,28398000,-1.002500,0.009500,-0.009500
28404,28404000,-1.002500,0.009500,-0.009500
28410,28410000,-1.002500,0.009500,-0.009500
28416,28416000,-1.002500,0.009500,-0.009500
28422,28422000,-1.002500,0.009500,-0.009500
28428,28428000,-1.002500,0.009500,-0.009500
28434,28434000,-1.002500,0.009500,-0.009500
28440,28440000,-1.002500,0.009500,-0.009500
28446,28446000,-1.002500,0.009500,-0.009500
28452,28452000,-1.002500,0.009500,-0.009500
28458,28458000,-1.002500,0.009500,-0.009500
28464,28464000,-1.002500,0.009500,-0.009500
28470,28470000,-1.002500,0.009500,-0.009500
28476,28476000,-1.002500,0.009500,-0.009500
28482,28482000,-1.002500,0.009500,-0.009500
28488,28488000,-1.002500,0.009500,-0.009500
28494,28494000,-1.002500,0.009500,-0.009500
28500,28500000,-1.002500,-0.009500,-0.009500
28506,28506000,-1.002500,-0.009500,-0.009500
28512,28512000,-1.002500,-0.009500,-0.009500
28518,28518000,-1.002500,-0.009500,-0.009500
28524,28524000,-1.002500,-0.009500,-0.009500
28530,28530000,-1.002500,-0.009500,-0.009500
28536,28536000,-1.002500,-0.009500,-0.009500
28542,28542000,-1.002500,-0.009500,-0.009500
28548,28548000,-1.002500,-0.009500,-0.009500
28554,28554000,-1.002500,-0.009500,-0.009500
28560,28560000,-1.002500,-0.009500,-0.009500
28566,28566000,-1.002500,-0.009500,-0.009500
28572,28572000,-1.002500,-0.009500,-0.009500
28578,28578000,-1.002500,-0.009500,-0.009500
28584,28584000,-1.002500,-0.009500,-0.009500
28590,28590000,-1.002500,-0.009500,-0.009500
28596,28596000,-1.002500,-0.009500,-0.009500
28602,28602000,-1.002500,-0.009500,-0.009500
28608,28608000,-1.002500,-0.009500,-0.009500
28614,28614000,-1.002500,-0.009500,-0.009500
28620,28620000,-1.002500,-0.009500,-0.009500
28626,28626000,-1.002500,-0.009500,-0.009500
28632,28632000,-1.002500,-0.009500,-0.009500
28638,28638000,-1.002500,-0.009500,-0.009500
28644,28644000,-1.002500,-0.009500,-0.009500
28650,28650000,-1.002500,-0.009500,-0.009500
28656,28656000,-1.002500,-0.009500,-0.009500
28662,28662000,-1.002500,-0.009500,-0.009500
28668,28668000,-1.002500,-0.009500,-0.009500
28674,28674000,-1.002500,-0.009500,-0.009500
28680,28680000,-1.002500,-0.009500,-0.009500
28686,28686000,-1.002500,-0.009500,-0.009500
28692,28692000,-1.002500,-0.009500,-0.009500
28698,28698000,-1.002500,-0.009500,-0.009500
28704,28704000,-1.002500,-0.009500,-0.009500
28710,28710000,-1.002500,-0.009500,-0.009500
28716,28716000,-1.002500,-0.009500,-0.009500
28722,28722000,-1.002500,-0.009500,-0.009500
28728,28728000,-1.002500,-0.009500,-0.009500
28734,28734000,-1.002500,-0.009500,-0.009500
28740,28740000,-1.002500,-0.009500,-0.009500
28746,28746000,-1.002500,-0.009500,-0.009500
28752,28752000,-1.002500,-0.009500,-0.009500
28758,28758000,-1.002500,-0.009500,-0.009500
28764,28764000,-1.002500,-0.009500,-0.009500
28770,28770000,-1.002500,-0.009500,-0.009500
28776,28776000,-1.002500,-0.009500,-0.009500
28782,28782000,-1.002500,-0.009500,-0.009500
28788,28788000,-1.002500,-0.009500,-0.009500
28794,28794000,-1.002500,-0.009500,-0.009500
28800,28800000,-1.002500,-0.009500,-0.009500
28806,28806000,-1.002500,-0.009500,-0.009500
28812,28812000,-1.002500,-0.009500,-0.009500
28818,28818000,-1.002500,-0.009500,-0.009500
28824,28824000,-1.002500,-0.009500,-0.009500
28830,28830000,-1.002500,-0.009500,-0.009500
28836,28836000,-1.002500,-0.009500,-0.009500
28842,28842000,-1.002500,-0.009500,-0.009500
28848,28848000,-1.002500,-0.009500,-0.009500
28854,28854000,-1.002500,-0.009500,-0.009500
28860,28860000,-1.002500,-0.009500,-0.009500
28866,28866000,-1.002500,-0.009500,-0.009500
28872,28872000,-1.002500,-0.009500,-0.009500
28878,28878000,-1.002500,-0.009500,-0.009500
28884,28884000,-1.002500,-0.009500,-0.009500
28890,28890000,-1.002500,-0.009500,-0.009500
28896,28896000,-1.002500,-0.009500,-0.009500
28902,28902000,-1.002500,-0.009500,-0.009500
28908,28908000,-1.002500,-0.009500,-0.009500
28914,28914000,-1.002500,-0.009500,-0.009500
28920,28920000,-1.002500,-0.009500,-0.009500
28926,28926000,-1.002500,-0.009500,-0.009500
28932,28932000,-1.002500,-0.009500,-0.009500
28938,28938000,-1.002500,-0.009500,-0.009500
28944,28944000,-1.002500,-0.009500,-0.009500
28950,28950000,-1.002500,-0.009500,-0.009500
28956,28956000,-1.002500,-0.009500,-0.009500
28962,28962000,-1.002500,-0.009500,-0.009500
28968,28968000,-1.002500,-0.009500,-0.009500
28974,28974000,-1.002500,-0.009500,-0.009500
28980,28980000,-1.002500,-0.009500,-0.009500
28986,28986000,-1.002500,-0.009500,-0.009500
28992,28992000,-1.002500,-0.009500,-0.009500
28998,28998000,-1.002500,-0.009500,-0.009500
29004,29004000,-1.002500,-0.009500,-0.009500
29010,29010000,-1.002500,-0.009500,-0.009500
29016,29016000,-1.002500,-0.009500,-0.009500
29022,29022000,-1.002500,-0.009500,-0.009500
29028,29028000,-1.002500,-0.009500,-0.009500
29034,29034000,-1.002500,-0.009500,-0.009500
29040,29040000,-1.002500,-0.009500,-0.009500
29046,29046000,-1.002500,-0.009500,-0.009500
29052,29052000,-1.002500,-0.009500,-0.009500
29058,29058000,-1.002500,-0.009500,-0.009500
29064,29064000,-1.002500,-0.009500,-0.009500
29070,29070000,-1.002500,-0.009500,-0.009500
29076,29076000,-1.002500,-0.009500,-0.009500
29082,29082000,-1.002500,-0.009500,-0.009500
29088,29088000,-1.002500,-0.009500,-0.009500
29094,29094000,-1.002500,-0.009500,-0.009500
29100,29100000,-1.002500,-0.009500,-0.009500
29106,29106000,-1.002500,-0.009500,-0.009500
29112,29112000,-1.002500,-0.009500,-0.009500
29118,29118000,-1.002500,-0.009500,-0.009500
29124,29124000,-1.002500,-0.009500,-0.009500
29130,29130000,-1.002500,-0.009500,-0.009500
29136,29136000,-1.002500,-0.009500,-0.009500
29142,29142000,-1.002500,-0.009500,-0.009500
29148,29148000,-1.002500,-0.009500,-0.009500
29154,29154000,-1.002500,-0.009500,-0.009500
29160,29160000,-1.002500,-0.009500,-0.009500
29166,29166000,-1.002500,-0.009500,-0.009500
29172,29172000,-1.002500,-0.009500,-0.009500
29178,29178000,-1.002500,-0.009500,-0.009500
29184,29184000,-1.002500,-0.009500,-0.009500
29190,29190000,-1.002500,-0.009500,-0.009500
29196,29196000,-1.002500,-0.009500,-0.009500
29202,29202000,-1.002500,-0.009500,-0.009500
29208,29208000,-1.002500,-0.009500,-0.009500
29214,29214000,-1.002500,-0.009500,-0.009500
29220,29220000,-1.002500,-0.009500,-0.009500
29226,29226000,-1.002500,-0.009500,-0.009500
29232,29232000,-1.002500,-0.009500,-0.009500
29238,29238000,-1.002500,-0.009500,-0.009500
29244,29244000,-1.002500,-0.009500,-0.009500
29250,29250000,-1.002500,-0.009500,0.019000
29256,29256000,-1.002500,-0.009500,0.019000
29262,29262000,-1.002500,-0.009500,0.019000
29268,29268000,-1.002500,-0.009500,0.019000
29274,29274000,-1.002500,-0.009500,0.019000
29280,29280000,-1.002500,-0.009500,0.019000
29286,29286000,-1.002500,-0.009500,0.019000
29292,29292000,-1.002500,-0.009500,0.019000
29298,29298000,-1.002500,-0.009500,0.019000
29304,29304000,-1.002500,-0.009500,0.019000
29310,29310000,-1.002500,-0.009500,0.019000
29316,29316000,-1.002500,-0.009500,0.019000
29322,29322000,-1.002500,-0.009500,0.019000
29328,29328000,-1.002500,-0.009500,0.019000
29334,29334000,-1.002500,-0.009500,0.019000
29340,29340000,-1.002500,-0.009500,0.019000
29346,29346000,-1.002500,-0.009500,0.019000
29352,29352000,-1.002500,-0.009500,0.019000
29358,29358000,-1.002500,-0.009500,0.019000
29364,29364000,-1.002500,-0.009500,0.019000
29370,29370000,-1.002500,-0.009500,0.019000
29376,29376000,-1.002500,-0.009500,0.019000
29382,29382000,-1.002500,-0.009500,0.019000
29388,29388000,-1.002500,-0.009500,0.019000
29394,29394000,-1.002500,-0.009500,0.019000
29400,29400000,-1.002500,-0.009500,0.019000
29406,29406000,-1.002500,-0.009500,0.019000
29412,29412000,-1.002500,-0.009500,0.019000
29418,29418000,-1.002500,-0.009500,0.019000
29424,29424000,-1.002500,-0.009500,0.019000
29430,29430000,-1.002500,-0.009500,0.019000
29436,29436000,-1.002500,-0.009500,0.019000
29442,29442000,-1.002500,-0.009500,0.019000
29448,29448000,-1.002500,-0.009500,0.019000
29454,29454000,-1.002500,-0.009500,0.019000
29460,29460000,-1.002500,-0.009500,0.019000
29466,29466000,-1.002500,-0.009500,0.019000
29472,29472000,-1.002500,-0.009500,0.019000
29478,29478000,-1.002500,-0.009500,0.019000
29484,29484000,-1.002500,-0.009500,0.019000
29490,29490000,-1.002500,-0.009500,0.019000
29496,29496000,-1.002500,-0.009500,0.019000
29502,29502000,-1.002500,-0.009500,0.019000
29508,29508000,-1.002500,-0.009500,0.019000
29514,29514000,-1.002500,-0.009500,0.019000
29520,29520000,-1.002500,-0.009500,0.019000
29526,29526000,-1.002500,-0.009500,0.019000
29532,29532000,-1.002500,-0.009500,0.019000
29538,29538000,-1.002500,-0.009500,0.019000
29544,29544000,-1.002500,-0.009500,0.019000
29550,29550000,-1.002500,-0.009500,0.019000
29556,29556000,-1.002500,-0.009500,0.019000
29562,29562000,-1.002500,-0.009500,0.019000
29568,29568000,-1.002500,-0.009500,0.019000
29574,29574000,-1.002500,-0.009500,0.019000
29580,29580000,-1.002500,-0.009500,0.019000
29586,29586000,-1.002500,-0.009500,0.019000
29592,29592000,-1.002500,-0.009500,0.019000
29598,29598000,-1.002500,-0.009500,0.019000
29604,29604000,-1.002500,-0.009500,0.019000
29610,29610000,-1.002500,-0.009500,0.019000
29616,29616000,-1.002500,-0.009500,0.019000
29622,29622000,-1.002500,-0.009500,0.019000
29628,29628000,-1.002500,-0.009500,0.019000
29634,29634000,-1.002500,-0.009500,0.019000
29640,29640000,-1.002500,-0.009500,0.019000
29646,29646000,-1.002500,-0.009500,0.019000
29652,29652000,-1.002500,-0.009500,0.019000
29658,29658000,-1.002500,-0.009500,0.019000
29664,29664000,-1.002500,-0.009500,0.019000
29670,29670000,-1.002500,-0.009500,0.019000
29676,29676000,-1.002500,-0.009500,0.019000
29682,29682000,-1.002500,-0.009500,0.019000
29688,29688000,-1.002500,-0.009500,0.019000
29694,29694000,-1.002500,-0.009500,0.019000
29700,29700000,-0.995000,-0.009500,0.019000
29706,29706000,-0.995000,-0.009500,0.019000
29712,29712000,-0.995000,-0.009500,0.019000
29718,29718000,-0.995000,-0.009500,0.019000
29724,29724000,-0.995000,-0.009500,0.019000
29730,29730000,-0.995000,-0.009500,0.019000
29736,29736000,-0.995000,-0.009500,0.019000
29742,29742000,-0.995000,-0.009500,0.019000
29748,29748000,-0.995000,-0.009500,0.019000
29754,29754000,-0.995000,-0.009500,0.019000
29760,29760000,-0.995000,-0.009500,0.019000
29766,29766000,-0.995000,-0.009500,0.019000
29772,29772000,-0.995000,-0.009500,0.019000
29778,29778000,-0.995000,-0.009500,0.019000
29784,29784000,-0.995000,-0.009500,0.019000
29790,29790000,-0.995000,-0.009500,0.019000
29796,29796000,-0.995000,-0.009500,0.019000
29802,29802000,-0.995000,-0.009500,0.019000
29808,29808000,-0.995000,-0.009500,0.019000
29814,29814000,-0.995000,-0.009500,0.019000
29820,29820000,-0.995000,-0.009500,0.019000
29826,29826000,-0.995000,-0.009500,0.019000
29832,29832000,-0.995000,-0.009500,0.019000
29838,29838000,-0.995000,-0.009500,0.019000
29844,29844000,-0.995000,-0.009500,0.019000
29850,29850000,-0.995000,-0.009500,0.019000
29856,29856000,-0.995000,-0.009500,0.019000
29862,29862000,-0.995000,-0.009500,0.019000
29868,29868000,-0.995000,-0.009500,0.019000
29874,29874000,-0.995000,-0.009500,0.019000
29880,29880000,-0.995000,-0.009500,0.019000
29886,29886000,-0.995000,-0.009500,0.019000
29892,29892000,-0.995000,-0.009500,0.019000
29898,29898000,-0.995000,-0.009500,0.019000
29904,29904000,-0.995000,-0.009500,0.019000
29910,29910000,-0.995000,-0.009500,0.019000
29916,29916000,-0.995000,-0.009500,0.019000
29922,29922000,-0.995000,-0.009500,0.019000
29928,29928000,-0.995000,-0.009500,0.019000
29934,29934000,-0.995000,-0.009500,0.019000
29940,29940000,-0.995000,-0.009500,0.019000
29946,29946000,-0.995000,-0.009500,0.019000
29952,29952000,-0.995000,-0.009500,0.019000
29958,29958000,-0.995000,-0.009500,0.019000
29964,29964000,-0.995000,-0.009500,0.019000
29970,29970000,-0.995000,-0.009500,0.019000
29976,29976000,-0.995000,-0.009500,0.019000
29982,29982000,-0.995000,-0.009500,0.019000
29988,29988000,-0.995000,-0.009500,0.019000
29994,29994000,-0.995000,-0.009500,0.019000
