t_ms,t_us,ax_g,ay_g,az_g
0,0,-1.000000,-0.000000,0.000000
6,6000,-1.000000,-0.000000,0.000000
12,12000,-1.000000,-0.000000,0.000000
18,18000,-1.000000,-0.000000,0.000000
24,24000,-1.000000,-0.000000,0.000000
30,30000,-1.000000,-0.000000,0.000000
36,36000,-1.000000,-0.000000,0.000000
42,42000,-1.000000,-0.000000,0.000000
48,48000,-1.000000,-0.000000,0.000000
54,54000,-1.000000,-0.000000,0.000000
60,60000,-1.000000,-0.000000,0.000000
66,66000,-1.000000,-0.000000,0.000000
72,72000,-1.000000,-0.000000,0.000000
78,78000,-1.000000,-0.000000,0.000000
84,84000,-1.000000,-0.000000,0.000000
90,90000,-1.000000,-0.000000,0.000000
96,96000,-1.000000,-0.000000,0.000000
102,102000,-1.000000,-0.000000,0.000000
108,108000,-1.000000,-0.000000,0.000000
114,114000,-1.000000,-0.000000,0.000000
120,120000,-1.000000,-0.000000,0.000000
126,126000,-1.000000,-0.000000,0.000000
132,132000,-1.000000,-0.000000,0.000000
138,138000,-1.000000,-0.000000,0.000000
144,144000,-1.000000,-0.000000,0.000000
150,150000,-1.000000,-0.000000,0.000000
156,156000,-1.000000,-0.000000,0.000000
162,162000,-1.000000,-0.000000,0.000000
168,168000,-1.000000,-0.000000,0.000000
174,174000,-1.000000,-0.000000,0.000000
180,180000,-1.000000,-0.000000,0.000000
186,186000,-1.000000,-0.000000,0.000000
192,192000,-1.000000,-0.000000,0.000000
198,198000,-1.000000,-0.000000,0.000000
204,204000,-1.000000,-0.000000,0.000000
210,210000,-1.000000,-0.000000,0.000000
216,216000,-1.000000,-0.000000,0.000000
222,222000,-1.000000,-0.000000,0.000000
228,228000,-1.000000,-0.000000,0.000000
234,234000,-1.000000,-0.000000,0.000000
240,240000,-1.000000,-0.000000,0.000000
246,246000,-1.000000,-0.000000,0.000000
252,252000,-1.000000,-0.000000,0.000000
258,258000,-1.000000,-0.000000,0.000000
264,264000,-1.000000,-0.000000,0.000000
270,270000,-1.000000,-0.000000,0.000000
276,276000,-1.000000,-0.000000,0.000000
282,282000,-1.000000,-0.000000,0.000000
288,288000,-1.000000,-0.000000,0.000000
294,294000,-1.000000,-0.000000,0.000000
300,300000,-1.000000,-0.000000,0.000000
306,306000,-1.000000,-0.000000,0.000000
312,312000,-1.000000,-0.000000,0.000000
318,318000,-1.000000,-0.000000,0.000000
324,324000,-1.000000,-0.000000,0.000000
330,330000,-1.000000,-0.000000,0.000000
336,336000,-1.000000,-0.000000,0.000000
342,342000,-1.000000,-0.000000,0.000000
348,348000,-1.000000,-0.000000,0.000000
354,354000,-1.000000,-0.000000,0.000000
360,360000,-1.000000,-0.000000,0.000000
366,366000,-1.000000,-0.000000,0.000000
372,372000,-1.000000,-0.000000,0.000000
378,378000,-1.000000,-0.000000,0.000000
384,384000,-1.000000,-0.000000,0.000000
390,390000,-1.000000,-0.000000,0.000000
396,396000,-1.000000,-0.000000,0.000000
402,402000,-1.000000,-0.000000,0.000000
408,408000,-1.000000,-0.000000,0.000000
414,414000,-1.000000,-0.000000,0.000000
420,420000,-1.000000,-0.000000,0.000000
426,426000,-1.000000,-0.000000,0.000000
432,432000,-1.000000,-0.000000,0.000000
438,438000,-1.000000,-0.000000,0.000000
444,444000,-1.000000,-0.000000,0.000000
450,450000,-1.000000,-0.000000,0.000000
456,456000,-1.000000,-0.000000,0.000000
462,462000,-1.000000,-0.000000,0.000000
468,468000,-1.000000,-0.000000,0.000000
474,474000,-1.000000,-0.000000,0.000000
480,480000,-1.000000,-0.000000,0.000000
486,486000,-1.000000,-0.000000,0.000000
492,492000,-1.000000,-0.000000,0.000000
498,498000,-1.000000,-0.000000,0.000000
504,504000,-1.000000,-0.000000,0.000000
510,510000,-1.000000,-0.000000,0.000000
516,516000,-1.000000,-0.000000,0.000000
522,522000,-1.000000,-0.000000,0.000000
528,528000,-1.000000,-0.000000,0.000000
534,534000,-1.000000,-0.000000,0.000000
540,540000,-1.000000,-0.000000,0.000000
546,546000,-1.000000,-0.000000,0.000000
552,552000,-1.000000,-0.000000,0.000000
558,558000,-1.000000,-0.000000,0.000000
564,564000,-1.000000,-0.000000,0.000000
570,570000,-1.000000,-0.000000,0.000000
576,576000,-1.000000,-0.000000,0.000000
582,582000,-1.000000,-0.000000,0.000000
588,588000,-1.000000,-0.000000,0.000000
594,594000,-1.000000,-0.000000,0.000000
600,600000,-1.000000,-0.000000,0.000000
606,606000,-1.000000,0.000260,0.000000
612,612000,-1.000000,0.000520,0.000000
618,618000,-1.000000,0.000780,0.000000
624,624000,-1.000000,0.001040,0.000000
630,630000,-1.000000,0.001300,0.000000
636,636000,-1.000000,0.001560,0.000000
642,642000,-1.000000,0.001820,0.000000
648,648000,-1.000000,0.002080,0.000000
654,654000,-1.000000,0.002340,0.000000
660,660000,-1.000000,0.002600,0.000000
666,666000,-1.000000,0.002860,0.000000
672,672000,-1.000000,0.003120,0.000000
678,678000,-1.000000,0.003380,0.000000
684,684000,-1.000000,0.003640,0.000000
690,690000,-1.000000,0.003900,0.000000
696,696000,-1.000000,0.004160,0.000000
702,702000,-1.000000,0.004420,0.000000
708,708000,-1.000000,0.004680,0.000000
714,714000,-1.000000,0.004940,0.000000
720,720000,-1.000000,0.005200,0.000000
726,726000,-1.000000,0.005460,0.000000
732,732000,-1.000000,0.005720,0.000000
738,738000,-1.000000,0.005980,0.000000
744,744000,-1.000000,0.006240,0.000000
750,750000,-1.000000,0.006500,0.000000
756,756000,-1.000000,0.006760,0.000000
762,762000,-1.000000,0.007020,0.000000
768,768000,-1.000000,0.007280,0.000000
774,774000,-1.000000,0.007540,0.000000
780,780000,-1.000000,0.007800,0.000000
786,786000,-1.000000,0.008060,0.000000
792,792000,-1.000000,0.008320,0.000000
798,798000,-1.000000,0.008580,0.000000
804,804000,-1.000000,0.008840,0.000000
810,810000,-1.000000,0.009100,0.000000
816,816000,-1.000000,0.009360,0.000000
822,822000,-1.000000,0.009620,0.000000
828,828000,-1.000000,0.009880,0.000000
834,834000,-1.000000,0.010140,0.000000
840,840000,-1.000000,0.010400,0.000000
846,846000,-1.000000,0.010660,0.000000
852,852000,-1.000000,0.010920,0.000000
858,858000,-1.000000,0.011180,0.000000
864,864000,-1.000000,0.011440,0.000000
870,870000,-1.000000,0.011700,0.000000
876,876000,-1.000000,0.011960,0.000000
882,882000,-1.000000,0.012220,0.000000
888,888000,-1.000000,0.012480,0.000000
894,894000,-1.000000,0.012740,0.000000
900,900000,-1.000000,0.013000,0.000000
906,906000,-1.000000,0.013260,0.000000
912,912000,-1.000000,0.013520,0.000000
918,918000,-1.000000,0.013780,0.000000
924,924000,-1.000000,0.014040,0.000000
930,930000,-1.000000,0.014300,0.000000
936,936000,-1.000000,0.014560,0.000000
942,942000,-1.000000,0.014820,0.000000
948,948000,-1.000000,0.015080,0.000000
954,954000,-1.000000,0.015340,0.000000
960,960000,-1.000000,0.015600,0.000000
966,966000,-1.000000,0.015860,0.000000
972,972000,-1.000000,0.016120,0.000000
978,978000,-1.000000,0.016380,0.000000
984,984000,-1.000000,0.016640,0.000000
990,990000,-1.000000,0.016900,0.000000
996,996000,-1.000000,0.017160,0.000000
1002,1002000,-1.000000,0.017420,0.000000
1008,1008000,-1.000000,0.017680,0.000000
1014,1014000,-1.000000,0.017940,0.000000
1020,1020000,-1.000000,0.018200,0.000000
1026,1026000,-1.000000,0.018460,0.000000
1032,1032000,-1.000000,0.018720,0.000000
1038,1038000,-1.000000,0.018980,0.000000
1044,1044000,-1.000000,0.019240,0.000000
1050,1050000,-1.000000,0.019500,0.000000
1056,1056000,-1.000000,0.019760,0.000000
1062,1062000,-1.000000,0.020020,0.000000
1068,1068000,-1.000000,0.020280,0.000000
1074,1074000,-1.000000,0.020540,0.000000
1080,1080000,-1.000000,0.020800,0.000000
1086,1086000,-1.000000,0.021060,0.000000
1092,1092000,-1.000000,0.021320,0.000000
1098,1098000,-1.000000,0.021580,0.000000
1104,1104000,-1.000000,0.021840,0.000000
1110,1110000,-1.000000,0.022100,0.000000
1116,1116000,-1.000000,0.022360,0.000000
1122,1122000,-1.000000,0.022620,0.000000
1128,1128000,-1.000000,0.022880,0.000000
1134,1134000,-1.000000,0.023140,0.000000
1140,1140000,-1.000000,0.023400,0.000000
1146,1146000,-1.000000,0.023660,0.000000
1152,1152000,-1.000000,0.023920,0.000000
1158,1158000,-1.000000,0.024180,0.000000
1164,1164000,-1.000000,0.024440,0.000000
1170,1170000,-1.000000,0.024700,0.000000
1176,1176000,-1.000000,0.024960,0.000000
1182,1182000,-1.000000,0.025220,0.000000
1188,1188000,-1.000000,0.025480,0.000000
1194,1194000,-1.000000,0.025740,0.000000
1200,1200000,-1.000000,0.026000,0.000000
1206,1206000,-1.000000,0.026260,0.000000
1212,1212000,-1.000000,0.026520,0.000000
1218,1218000,-1.000000,0.026780,0.000000
1224,1224000,-1.000000,0.027040,0.000000
1230,1230000,-1.000000,0.027300,0.000000
1236,1236000,-1.000000,0.027560,0.000000
1242,1242000,-1.000000,0.027820,0.000000
1248,1248000,-1.000000,0.028080,0.000000
1254,1254000,-1.000000,0.028340,0.000000
1260,1260000,-1.000000,0.028600,0.000000
1266,1266000,-1.000000,0.028860,0.000000
1272,1272000,-1.000000,0.029120,0.000000
1278,1278000,-1.000000,0.029380,0.000000
1284,1284000,-1.000000,0.029640,0.000000
1290,1290000,-1.000000,0.029900,0.000000
1296,1296000,-1.000000,0.030160,0.000000
1302,1302000,-1.000000,0.030420,0.000000
1308,1308000,-1.000000,0.030680,0.000000
1314,1314000,-1.000000,0.030940,0.000000
1320,1320000,-1.000000,0.031200,0.000000
1326,1326000,-1.000000,0.031460,0.000000
1332,1332000,-1.000000,0.031720,0.000000
1338,1338000,-1.000000,0.031980,0.000000
1344,1344000,-1.000000,0.032240,0.000000
1350,1350000,-1.000000,0.032500,0.000000
1356,1356000,-1.000000,0.032760,0.000000
1362,1362000,-1.000000,0.033020,0.000000
1368,1368000,-1.000000,0.033280,0.000000
1374,1374000,-1.000000,0.033540,0.000000
1380,1380000,-1.000000,0.033800,0.000000
1386,1386000,-1.000000,0.034060,0.000000
1392,1392000,-1.000000,0.034320,0.000000
1398,1398000,-1.000000,0.034580,0.000000
1404,1404000,-1.000000,0.034840,0.000000
1410,1410000,-1.000000,0.035100,0.000000
1416,1416000,-1.000000,0.035360,0.000000
1422,1422000,-1.000000,0.035620,0.000000
1428,1428000,-1.000000,0.035880,0.000000
1434,1434000,-1.000000,0.036140,0.000000
1440,1440000,-1.000000,0.036400,0.000000
1446,1446000,-1.000000,0.036660,0.000000
1452,1452000,-1.000000,0.036920,0.000000
1458,1458000,-1.000000,0.037180,0.000000
1464,1464000,-1.000000,0.037440,0.000000
1470,1470000,-1.000000,0.037700,0.000000
1476,1476000,-1.000000,0.037960,0.000000
1482,1482000,-1.000000,0.038220,0.000000
1488,1488000,-1.000000,0.038480,0.000000
1494,1494000,-1.000000,0.038740,0.000000
1500,1500000,-1.000000,0.039000,0.000000
1506,1506000,-1.000000,0.039260,0.000000
1512,1512000,-1.000000,0.039520,0.000000
1518,1518000,-1.000000,0.039780,0.000000
1524,1524000,-1.000000,0.040040,0.000000
1530,1530000,-1.000000,0.040300,0.000000
1536,1536000,-1.000000,0.040560,0.000000
1542,1542000,-1.000000,0.040820,0.000000
1548,1548000,-1.000000,0.041080,0.000000
1554,1554000,-1.000000,0.041340,0.000000
1560,1560000,-1.000000,0.041600,0.000000
1566,1566000,-1.000000,0.041860,0.000000
1572,1572000,-1.000000,0.042120,0.000000
1578,1578000,-1.000000,0.042380,0.000000
1584,1584000,-1.000000,0.042640,0.000000
1590,1590000,-1.000000,0.042900,0.000000
1596,1596000,-1.000000,0.043160,0.000000
1602,1602000,-1.000000,0.043420,0.000000
1608,1608000,-1.000000,0.043680,0.000000
1614,1614000,-1.000000,0.043940,0.000000
1620,1620000,-1.000000,0.044200,0.000000
1626,1626000,-1.000000,0.044460,0.000000
1632,1632000,-1.000000,0.044720,0.000000
1638,1638000,-1.000000,0.044980,0.000000
1644,1644000,-1.000000,0.045240,0.000000
1650,1650000,-1.000000,0.045500,0.000000
1656,1656000,-1.000000,0.045760,0.000000
1662,1662000,-1.000000,0.046020,0.000000
1668,1668000,-1.000000,0.046280,0.000000
1674,1674000,-1.000000,0.046540,0.000000
1680,1680000,-1.000000,0.046800,0.000000
1686,1686000,-1.000000,0.047060,0.000000
1692,1692000,-1.000000,0.047320,0.000000
1698,1698000,-1.000000,0.047580,0.000000
1704,1704000,-1.000000,0.047840,0.000000
1710,1710000,-1.000000,0.048100,0.000000
1716,1716000,-1.000000,0.048360,0.000000
1722,1722000,-1.000000,0.048620,0.000000
1728,1728000,-1.000000,0.048880,0.000000
1734,1734000,-1.000000,0.049140,0.000000
1740,1740000,-1.000000,0.049400,0.000000
1746,1746000,-1.000000,0.049660,0.000000
1752,1752000,-1.000000,0.049920,0.000000
1758,1758000,-1.000000,0.050180,0.000000
1764,1764000,-1.000000,0.050440,0.000000
1770,1770000,-1.000000,0.050700,0.000000
1776,1776000,-1.000000,0.050960,0.000000
1782,1782000,-1.000000,0.051220,0.000000
1788,1788000,-1.000000,0.051480,0.000000
1794,1794000,-1.000000,0.051740,0.000000
1800,1800000,-1.000000,0.052000,0.000000
1806,1806000,-1.000000,0.052260,0.000000
1812,1812000,-1.000000,0.052520,0.000000
1818,1818000,-1.000000,0.052780,0.000000
1824,1824000,-1.000000,0.053040,0.000000
1830,1830000,-1.000000,0.053300,0.000000
1836,1836000,-1.000000,0.053560,0.000000
1842,1842000,-1.000000,0.053820,0.000000
1848,1848000,-1.000000,0.054080,0.000000
1854,1854000,-1.000000,0.054340,0.000000
1860,1860000,-1.000000,0.054600,0.000000
1866,1866000,-1.000000,0.054860,0.000000
1872,1872000,-1.000000,0.055120,0.000000
1878,1878000,-1.000000,0.055380,0.000000
1884,1884000,-1.000000,0.055640,0.000000
1890,1890000,-1.000000,0.055900,0.000000
1896,1896000,-1.000000,0.056160,0.000000
1902,1902000,-1.000000,0.056420,0.000000
1908,1908000,-1.000000,0.056680,0.000000
1914,1914000,-1.000000,0.056940,0.000000
1920,1920000,-1.000000,0.057200,0.000000
1926,1926000,-1.000000,0.057460,0.000000
1932,1932000,-1.000000,0.057720,0.000000
1938,1938000,-1.000000,0.057980,0.000000
1944,1944000,-1.000000,0.058240,0.000000
1950,1950000,-1.000000,0.058500,0.000000
1956,1956000,-1.000000,0.058760,0.000000
1962,1962000,-1.000000,0.059020,0.000000
1968,1968000,-1.000000,0.059280,0.000000
1974,1974000,-1.000000,0.059540,0.000000
1980,1980000,-1.000000,0.059800,0.000000
1986,1986000,-1.000000,0.060060,0.000000
1992,1992000,-1.000000,0.060320,0.000000
1998,1998000,-1.000000,0.060580,0.000000
2004,2004000,-1.000000,0.060840,0.000000
2010,2010000,-1.000000,0.061100,0.000000
2016,2016000,-1.000000,0.061360,0.000000
2022,2022000,-1.000000,0.061620,0.000000
2028,2028000,-1.000000,0.061880,0.000000
2034,2034000,-1.000000,0.062140,0.000000
2040,2040000,-1.000000,0.062400,0.000000
2046,2046000,-1.000000,0.062660,0.000000
2052,2052000,-1.000000,0.062920,0.000000
2058,2058000,-1.000000,0.063180,0.000000
2064,2064000,-1.000000,0.063440,0.000000
2070,2070000,-1.000000,0.063700,0.000000
2076,2076000,-1.000000,0.063960,0.000000
2082,2082000,-1.000000,0.064220,0.000000
2088,2088000,-1.000000,0.064480,0.000000
2094,2094000,-1.000000,0.064740,0.000000
2100,2100000,-1.000000,0.065000,0.000000
2106,2106000,-1.000000,0.065260,0.000000
2112,2112000,-1.000000,0.065520,0.000000
2118,2118000,-1.000000,0.065780,0.000000
2124,2124000,-1.000000,0.066040,0.000000
2130,2130000,-1.000000,0.066300,0.000000
2136,2136000,-1.000000,0.066560,0.000000
2142,2142000,-1.000000,0.066820,0.000000
2148,2148000,-1.000000,0.067080,0.000000
2154,2154000,-1.000000,0.067340,0.000000
2160,2160000,-1.000000,0.067600,0.000000
2166,2166000,-1.000000,0.067860,0.000000
2172,2172000,-1.000000,0.068120,0.000000
2178,2178000,-1.000000,0.068380,0.000000
2184,2184000,-1.000000,0.068640,0.000000
2190,2190000,-1.000000,0.068900,0.000000
2196,2196000,-1.000000,0.069160,0.000000
2202,2202000,-1.000000,0.069420,0.000000
2208,2208000,-1.000000,0.069680,0.000000
2214,2214000,-1.000000,0.069940,0.000000
2220,2220000,-1.000000,0.070200,0.000000
2226,2226000,-1.000000,0.070460,0.000000
2232,2232000,-1.000000,0.070720,0.000000
2238,2238000,-1.000000,0.070980,0.000000
2244,2244000,-1.000000,0.071240,0.000000
2250,2250000,-1.000000,0.071500,0.000000
2256,2256000,-1.000000,0.071760,0.000000
2262,2262000,-1.000000,0.072020,0.000000
2268,2268000,-1.000000,0.072280,0.000000
2274,2274000,-1.000000,0.072540,0.000000
2280,2280000,-1.000000,0.072800,0.000000
2286,2286000,-1.000000,0.073060,0.000000
2292,2292000,-1.000000,0.073320,0.000000
2298,2298000,-1.000000,0.073580,0.000000
2304,2304000,-1.000000,0.073840,0.000000
2310,2310000,-1.000000,0.074100,0.000000
2316,2316000,-1.000000,0.074360,0.000000
2322,2322000,-1.000000,0.074620,0.000000
2328,2328000,-1.000000,0.074880,0.000000
2334,2334000,-1.000000,0.075140,0.000000
2340,2340000,-1.000000,0.075400,0.000000
2346,2346000,-1.000000,0.075660,0.000000
2352,2352000,-1.000000,0.075920,0.000000
2358,2358000,-1.000000,0.076180,0.000000
2364,2364000,-1.000000,0.076440,0.000000
2370,2370000,-1.000000,0.076700,0.000000
2376,2376000,-1.000000,0.076960,0.000000
2382,2382000,-1.000000,0.077220,0.000000
2388,2388000,-1.000000,0.077480,0.000000
2394,2394000,-1.000000,0.077740,0.000000
2400,2400000,-1.000000,0.078000,0.000000
2406,2406000,-1.000000,0.078260,0.000000
2412,2412000,-1.000000,0.078520,0.000000
2418,2418000,-1.000000,0.078780,0.000000
2424,2424000,-1.000000,0.079040,0.000000
2430,2430000,-1.000000,0.079300,0.000000
2436,2436000,-1.000000,0.079560,0.000000
2442,2442000,-1.000000,0.079820,0.000000
2448,2448000,-1.000000,0.080080,0.000000
2454,2454000,-1.000000,0.080340,0.000000
2460,2460000,-1.000000,0.080600,0.000000
2466,2466000,-1.000000,0.080860,0.000000
2472,2472000,-1.000000,0.081120,0.000000
2478,2478000,-1.000000,0.081380,0.000000
2484,2484000,-1.000000,0.081640,0.000000
2490,2490000,-1.000000,0.081900,0.000000
2496,2496000,-1.000000,0.082160,0.000000
2502,2502000,-1.000000,0.082420,0.000000
2508,2508000,-1.000000,0.082680,0.000000
2514,2514000,-1.000000,0.082940,0.000000
2520,2520000,-1.000000,0.083200,0.000000
2526,2526000,-1.000000,0.083460,0.000000
2532,2532000,-1.000000,0.083720,0.000000
2538,2538000,-1.000000,0.083980,0.000000
2544,2544000,-1.000000,0.084240,0.000000
2550,2550000,-1.000000,0.084500,0.000000
2556,2556000,-1.000000,0.084760,0.000000
2562,2562000,-1.000000,0.085020,0.000000
2568,2568000,-1.000000,0.085280,0.000000
2574,2574000,-1.000000,0.085540,0.000000
2580,2580000,-1.000000,0.085800,0.000000
2586,2586000,-1.000000,0.086060,0.000000
2592,2592000,-1.000000,0.086320,0.000000
2598,2598000,-1.000000,0.086580,0.000000
2604,2604000,-1.000000,0.086840,0.000000
2610,2610000,-1.000000,0.087100,0.000000
2616,2616000,-1.000000,0.087360,0.000000
2622,2622000,-1.000000,0.087620,0.000000
2628,2628000,-1.000000,0.087880,0.000000
2634,2634000,-1.000000,0.088140,0.000000
2640,2640000,-1.000000,0.088400,0.000000
2646,2646000,-1.000000,0.088660,0.000000
2652,2652000,-1.000000,0.088920,0.000000
2658,2658000,-1.000000,0.089180,0.000000
2664,2664000,-1.000000,0.089440,0.000000
2670,2670000,-1.000000,0.089700,0.000000
2676,2676000,-1.000000,0.089960,0.000000
2682,2682000,-1.000000,0.090220,0.000000
2688,2688000,-1.000000,0.090480,0.000000
2694,2694000,-1.000000,0.090740,0.000000
2700,2700000,-1.000000,0.091000,0.000000
2706,2706000,-1.000000,0.091260,0.000000
2712,2712000,-1.000000,0.091520,0.000000
2718,2718000,-1.000000,0.091780,0.000000
2724,2724000,-1.000000,0.092040,0.000000
2730,2730000,-1.000000,0.092300,0.000000
2736,2736000,-1.000000,0.092560,0.000000
2742,2742000,-1.000000,0.092820,0.000000
2748,2748000,-1.000000,0.093080,0.000000
2754,2754000,-1.000000,0.093340,0.000000
2760,2760000,-1.000000,0.093600,0.000000
2766,2766000,-1.000000,0.093860,0.000000
2772,2772000,-1.000000,0.094120,0.000000
2778,2778000,-1.000000,0.094380,0.000000
2784,2784000,-1.000000,0.094640,0.000000
2790,2790000,-1.000000,0.094900,0.000000
2796,2796000,-1.000000,0.095160,0.000000
2802,2802000,-1.000000,0.095420,0.000000
2808,2808000,-1.000000,0.095680,0.000000
2814,2814000,-1.000000,0.095940,0.000000
2820,2820000,-1.000000,0.096200,0.000000
2826,2826000,-1.000000,0.096460,0.000000
2832,2832000,-1.000000,0.096720,0.000000
2838,2838000,-1.000000,0.096980,0.000000
2844,2844000,-1.000000,0.097240,0.000000
2850,2850000,-1.000000,0.097500,0.000000
2856,2856000,-1.000000,0.097760,0.000000
2862,2862000,-1.000000,0.098020,0.000000
2868,2868000,-1.000000,0.098280,0.000000
2874,2874000,-1.000000,0.098540,0.000000
2880,2880000,-1.000000,0.098800,0.000000
2886,2886000,-1.000000,0.099060,0.000000
2892,2892000,-1.000000,0.099320,0.000000
2898,2898000,-1.000000,0.099580,0.000000
2904,2904000,-1.000000,0.099840,0.000000
2910,2910000,-1.000000,0.100100,0.000000
2916,2916000,-1.000000,0.100360,0.000000
2922,2922000,-1.000000,0.100620,0.000000
2928,2928000,-1.000000,0.100880,0.000000
2934,2934000,-1.000000,0.101140,0.000000
2940,2940000,-1.000000,0.101400,0.000000
2946,2946000,-1.000000,0.101660,0.000000
2952,2952000,-1.000000,0.101920,0.000000
2958,2958000,-1.000000,0.102180,0.000000
2964,2964000,-1.000000,0.102440,0.000000
2970,2970000,-1.000000,0.102700,0.000000
2976,2976000,-1.000000,0.102960,0.000000
2982,2982000,-1.000000,0.103220,0.000000
2988,2988000,-1.000000,0.103480,0.000000
2994,2994000,-1.000000,0.103740,0.000000
3000,3000000,-1.000000,0.104000,0.000000
3006,3006000,-1.000000,0.104260,0.000000
3012,3012000,-1.000000,0.104520,0.000000
3018,3018000,-1.000000,0.104780,0.000000
3024,3024000,-1.000000,0.105040,0.000000
3030,3030000,-1.000000,0.105300,0.000000
3036,3036000,-1.000000,0.105560,0.000000
3042,3042000,-1.000000,0.105820,0.000000
3048,3048000,-1.000000,0.106080,0.000000
3054,3054000,-1.000000,0.106340,0.000000
3060,3060000,-1.000000,0.106600,0.000000
3066,3066000,-1.000000,0.106860,0.000000
3072,3072000,-1.000000,0.107120,0.000000
3078,3078000,-1.000000,0.107380,0.000000
3084,3084000,-1.000000,0.107640,0.000000
3090,3090000,-1.000000,0.107900,0.000000
3096,3096000,-1.000000,0.108160,0.000000
3102,3102000,-1.000000,0.108420,0.000000
3108,3108000,-1.000000,0.108680,0.000000
3114,3114000,-1.000000,0.108940,0.000000
3120,3120000,-1.000000,0.109200,0.000000
3126,3126000,-1.000000,0.109460,0.000000
3132,3132000,-1.000000,0.109720,0.000000
3138,3138000,-1.000000,0.109980,0.000000
3144,3144000,-1.000000,0.110240,0.000000
3150,3150000,-1.000000,0.110500,0.000000
3156,3156000,-1.000000,0.110760,0.000000
3162,3162000,-1.000000,0.111020,0.000000
3168,3168000,-1.000000,0.111280,0.000000
3174,3174000,-1.000000,0.111540,0.000000
3180,3180000,-1.000000,0.111800,0.000000
3186,3186000,-1.000000,0.112060,0.000000
3192,3192000,-1.000000,0.112320,0.000000
3198,3198000,-1.000000,0.112580,0.000000
3204,3204000,-1.000000,0.112840,0.000000
3210,3210000,-1.000000,0.113100,0.000000
3216,3216000,-1.000000,0.113360,0.000000
3222,3222000,-1.000000,0.113620,0.000000
3228,3228000,-1.000000,0.113880,0.000000
3234,3234000,-1.000000,0.114140,0.000000
3240,3240000,-1.000000,0.114400,0.000000
3246,3246000,-1.000000,0.114660,0.000000
3252,3252000,-1.000000,0.114920,0.000000
3258,3258000,-1.000000,0.115180,0.000000
3264,3264000,-1.000000,0.115440,0.000000
3270,3270000,-1.000000,0.115700,0.000000
3276,3276000,-1.000000,0.115960,0.000000
3282,3282000,-1.000000,0.116220,0.000000
3288,3288000,-1.000000,0.116480,0.000000
3294,3294000,-1.000000,0.116740,0.000000
3300,3300000,-1.000000,0.117000,0.000000
3306,3306000,-1.000000,0.117260,0.000000
3312,3312000,-1.000000,0.117520,0.000000
3318,3318000,-1.000000,0.117780,0.000000
3324,3324000,-1.000000,0.118040,0.000000
3330,3330000,-1.000000,0.118300,0.000000
3336,3336000,-1.000000,0.118560,0.000000
3342,3342000,-1.000000,0.118820,0.000000
3348,3348000,-1.000000,0.119080,0.000000
3354,3354000,-1.000000,0.119340,0.000000
3360,3360000,-1.000000,0.119600,0.000000
3366,3366000,-1.000000,0.119860,0.000000
3372,3372000,-1.000000,0.120120,0.000000
3378,3378000,-1.000000,0.120380,0.000000
3384,3384000,-1.000000,0.120640,0.000000
3390,3390000,-1.000000,0.120900,0.000000
3396,3396000,-1.000000,0.121160,0.000000
3402,3402000,-1.000000,0.121420,0.000000
3408,3408000,-1.000000,0.121680,0.000000
3414,3414000,-1.000000,0.121940,0.000000
3420,3420000,-1.000000,0.122200,0.000000
3426,3426000,-1.000000,0.122460,0.000000
3432,3432000,-1.000000,0.122720,0.000000
3438,3438000,-1.000000,0.122980,0.000000
3444,3444000,-1.000000,0.123240,0.000000
3450,3450000,-1.000000,0.123500,0.000000
3456,3456000,-1.000000,0.123760,0.000000
3462,3462000,-1.000000,0.124020,0.000000
3468,3468000,-1.000000,0.124280,0.000000
3474,3474000,-1.000000,0.124540,0.000000
3480,3480000,-1.000000,0.124800,0.000000
3486,3486000,-1.000000,0.125060,0.000000
3492,3492000,-1.000000,0.125320,0.000000
3498,3498000,-1.000000,0.125580,0.000000
3504,3504000,-1.000000,0.125840,0.000000
3510,3510000,-1.000000,0.126100,0.000000
3516,3516000,-1.000000,0.126360,0.000000
3522,3522000,-1.000000,0.126620,0.000000
3528,3528000,-1.000000,0.126880,0.000000
3534,3534000,-1.000000,0.127140,0.000000
3540,3540000,-1.000000,0.127400,0.000000
3546,3546000,-1.000000,0.127660,0.000000
3552,3552000,-1.000000,0.127920,0.000000
3558,3558000,-1.000000,0.128180,0.000000
3564,3564000,-1.000000,0.128440,0.000000
3570,3570000,-1.000000,0.128700,0.000000
3576,3576000,-1.000000,0.128960,0.000000
3582,3582000,-1.000000,0.129220,0.000000
3588,3588000,-1.000000,0.129480,0.000000
3594,3594000,-1.000000,0.129740,0.000000
3600,3600000,-1.000000,0.130000,0.000000
3606,3606000,-1.000000,0.130000,0.000000
3612,3612000,-1.000000,0.130000,0.000000
3618,3618000,-1.000000,0.130000,0.000000
3624,3624000,-1.000000,0.130000,0.000000
3630,3630000,-1.000000,0.130000,0.000000
3636,3636000,-1.000000,0.130000,0.000000
3642,3642000,-1.000000,0.130000,0.000000
3648,3648000,-1.000000,0.130000,0.000000
3654,3654000,-1.000000,0.130000,0.000000
3660,3660000,-1.000000,0.130000,0.000000
3666,3666000,-1.000000,0.130000,0.000000
3672,3672000,-1.000000,0.130000,0.000000
3678,3678000,-1.000000,0.130000,0.000000
3684,3684000,-1.000000,0.130000,0.000000
3690,3690000,-1.000000,0.130000,0.000000
3696,3696000,-1.000000,0.130000,0.000000
3702,3702000,-1.000000,0.130000,0.000000
3708,3708000,-1.000000,0.130000,0.000000
3714,3714000,-1.000000,0.130000,0.000000
3720,3720000,-1.000000,0.130000,0.000000
3726,3726000,-1.000000,0.130000,0.000000
3732,3732000,-1.000000,0.130000,0.000000
3738,3738000,-1.000000,0.130000,0.000000
3744,3744000,-1.000000,0.130000,0.000000
3750,3750000,-1.000000,0.130000,0.000000
3756,3756000,-1.000000,0.130000,0.000000
3762,3762000,-1.000000,0.130000,0.000000
3768,3768000,-1.000000,0.130000,0.000000
3774,3774000,-1.000000,0.130000,0.000000
3780,3780000,-1.000000,0.130000,0.000000
3786,3786000,-1.000000,0.130000,0.000000
3792,3792000,-1.000000,0.130000,0.000000
3798,3798000,-1.000000,0.130000,0.000000
3804,3804000,-1.000000,0.130000,0.000000
3810,3810000,-1.000000,0.130000,0.000000
3816,3816000,-1.000000,0.130000,0.000000
3822,3822000,-1.000000,0.130000,0.000000
3828,3828000,-1.000000,0.130000,0.000000
3834,3834000,-1.000000,0.130000,0.000000
3840,3840000,-1.000000,0.130000,0.000000
3846,3846000,-1.000000,0.130000,0.000000
3852,3852000,-1.000000,0.130000,0.000000
3858,3858000,-1.000000,0.130000,0.000000
3864,3864000,-1.000000,0.130000,0.000000
3870,3870000,-1.000000,0.130000,0.000000
3876,3876000,-1.000000,0.130000,0.000000
3882,3882000,-1.000000,0.130000,0.000000
3888,3888000,-1.000000,0.130000,0.000000
3894,3894000,-1.000000,0.130000,0.000000
3900,3900000,-1.000000,0.130000,0.000000
3906,3906000,-1.000000,0.130000,0.000000
3912,3912000,-1.000000,0.130000,0.000000
3918,3918000,-1.000000,0.130000,0.000000
3924,3924000,-1.000000,0.130000,0.000000
3930,3930000,-1.000000,0.130000,0.000000
3936,3936000,-1.000000,0.130000,0.000000
3942,3942000,-1.000000,0.130000,0.000000
3948,3948000,-1.000000,0.130000,0.000000
3954,3954000,-1.000000,0.130000,0.000000
3960,3960000,-1.000000,0.130000,0.000000
3966,3966000,-1.000000,0.130000,0.000000
3972,3972000,-1.000000,0.130000,0.000000
3978,3978000,-1.000000,0.130000,0.000000
3984,3984000,-1.000000,0.130000,0.000000
3990,3990000,-1.000000,0.130000,0.000000
3996,3996000,-1.000000,0.130000,0.000000
4002,4002000,-1.000000,0.130000,0.000000
4008,4008000,-1.000000,0.130000,0.000000
4014,4014000,-1.000000,0.130000,0.000000
4020,4020000,-1.000000,0.130000,0.000000
4026,4026000,-1.000000,0.130000,0.000000
4032,4032000,-1.000000,0.130000,0.000000
4038,4038000,-1.000000,0.130000,0.000000
4044,4044000,-1.000000,0.130000,0.000000
4050,4050000,-1.000000,0.130000,0.000000
4056,4056000,-1.000000,0.130000,0.000000
4062,4062000,-1.000000,0.130000,0.000000
4068,4068000,-1.000000,0.130000,0.000000
4074,4074000,-1.000000,0.130000,0.000000
4080,4080000,-1.000000,0.130000,0.000000
4086,4086000,-1.000000,0.130000,0.000000
4092,4092000,-1.000000,0.130000,0.000000
4098,4098000,-1.000000,0.130000,0.000000
4104,4104000,-1.000000,0.130000,0.000000
4110,4110000,-1.000000,0.130000,0.000000
4116,4116000,-1.000000,0.130000,0.000000
4122,4122000,-1.000000,0.130000,0.000000
4128,4128000,-1.000000,0.130000,0.000000
4134,4134000,-1.000000,0.130000,0.000000
4140,4140000,-1.000000,0.130000,0.000000
4146,4146000,-1.000000,0.130000,0.000000
4152,4152000,-1.000000,0.130000,0.000000
4158,4158000,-1.000000,0.130000,0.000000
4164,4164000,-1.000000,0.130000,0.000000
4170,4170000,-1.000000,0.130000,0.000000
4176,4176000,-1.000000,0.130000,0.000000
4182,4182000,-1.000000,0.130000,0.000000
4188,4188000,-1.000000,0.130000,0.000000
4194,4194000,-1.000000,0.130000,0.000000
4200,4200000,-1.000000,0.130000,0.000000
4206,4206000,-1.000000,0.130000,0.000000
4212,4212000,-1.000000,0.130000,0.000000
4218,4218000,-1.000000,0.130000,0.000000
4224,4224000,-1.000000,0.130000,0.000000
4230,4230000,-1.000000,0.130000,0.000000
4236,4236000,-1.000000,0.130000,0.000000
4242,4242000,-1.000000,0.130000,0.000000
4248,4248000,-1.000000,0.130000,0.000000
4254,4254000,-1.000000,0.130000,0.000000
4260,4260000,-1.000000,0.130000,0.000000
4266,4266000,-1.000000,0.130000,0.000000
4272,4272000,-1.000000,0.130000,0.000000
4278,4278000,-1.000000,0.130000,0.000000
4284,4284000,-1.000000,0.130000,0.000000
4290,4290000,-1.000000,0.130000,0.000000
4296,4296000,-1.000000,0.130000,0.000000
4302,4302000,-1.000000,0.130000,0.000000
4308,4308000,-1.000000,0.130000,0.000000
4314,4314000,-1.000000,0.130000,0.000000
4320,4320000,-1.000000,0.130000,0.000000
4326,4326000,-1.000000,0.130000,0.000000
4332,4332000,-1.000000,0.130000,0.000000
4338,4338000,-1.000000,0.130000,0.000000
4344,4344000,-1.000000,0.130000,0.000000
4350,4350000,-1.000000,0.130000,0.000000
4356,4356000,-1.000000,0.130000,0.000000
4362,4362000,-1.000000,0.130000,0.000000
4368,4368000,-1.000000,0.130000,0.000000
4374,4374000,-1.000000,0.130000,0.000000
4380,4380000,-1.000000,0.130000,0.000000
4386,4386000,-1.000000,0.130000,0.000000
4392,4392000,-1.000000,0.130000,0.000000
4398,4398000,-1.000000,0.130000,0.000000
4404,4404000,-1.000000,0.130000,0.000000
4410,4410000,-1.000000,0.130000,0.000000
4416,4416000,-1.000000,0.130000,0.000000
4422,4422000,-1.000000,0.130000,0.000000
4428,4428000,-1.000000,0.130000,0.000000
4434,4434000,-1.000000,0.130000,0.000000
4440,4440000,-1.000000,0.130000,0.000000
4446,4446000,-1.000000,0.130000,0.000000
4452,4452000,-1.000000,0.130000,0.000000
4458,4458000,-1.000000,0.130000,0.000000
4464,4464000,-1.000000,0.130000,0.000000
4470,4470000,-1.000000,0.130000,0.000000
4476,4476000,-1.000000,0.130000,0.000000
4482,4482000,-1.000000,0.130000,0.000000
4488,4488000,-1.000000,0.130000,0.000000
4494,4494000,-1.000000,0.130000,0.000000
4500,4500000,-1.000000,0.130000,0.000000
4506,4506000,-1.000000,0.130000,0.000000
4512,4512000,-1.000000,0.130000,0.000000
4518,4518000,-1.000000,0.130000,0.000000
4524,4524000,-1.000000,0.130000,0.000000
4530,4530000,-1.000000,0.130000,0.000000
4536,4536000,-1.000000,0.130000,0.000000
4542,4542000,-1.000000,0.130000,0.000000
4548,4548000,-1.000000,0.130000,0.000000
4554,4554000,-1.000000,0.130000,0.000000
4560,4560000,-1.000000,0.130000,0.000000
4566,4566000,-1.000000,0.130000,0.000000
4572,4572000,-1.000000,0.130000,0.000000
4578,4578000,-1.000000,0.130000,0.000000
4584,4584000,-1.000000,0.130000,0.000000
4590,4590000,-1.000000,0.130000,0.000000
4596,4596000,-1.000000,0.130000,0.000000
4602,4602000,-1.000000,0.130000,0.000000
4608,4608000,-1.000000,0.130000,0.000000
4614,4614000,-1.000000,0.130000,0.000000
4620,4620000,-1.000000,0.130000,0.000000
4626,4626000,-1.000000,0.130000,0.000000
4632,4632000,-1.000000,0.130000,0.000000
4638,4638000,-1.000000,0.130000,0.000000
4644,4644000,-1.000000,0.130000,0.000000
4650,4650000,-1.000000,0.130000,0.000000
4656,4656000,-1.000000,0.130000,0.000000
4662,4662000,-1.000000,0.130000,0.000000
4668,4668000,-1.000000,0.130000,0.000000
4674,4674000,-1.000000,0.130000,0.000000
4680,4680000,-1.000000,0.130000,0.000000
4686,4686000,-1.000000,0.130000,0.000000
4692,4692000,-1.000000,0.130000,0.000000
4698,4698000,-1.000000,0.130000,0.000000
4704,4704000,-1.000000,0.130000,0.000000
4710,4710000,-1.000000,0.130000,0.000000
4716,4716000,-1.000000,0.130000,0.000000
4722,4722000,-1.000000,0.130000,0.000000
4728,4728000,-1.000000,0.130000,0.000000
4734,4734000,-1.000000,0.130000,0.000000
4740,4740000,-1.000000,0.130000,0.000000
4746,4746000,-1.000000,0.130000,0.000000
4752,4752000,-1.000000,0.130000,0.000000
4758,4758000,-1.000000,0.130000,0.000000
4764,4764000,-1.000000,0.130000,0.000000
4770,4770000,-1.000000,0.130000,0.000000
4776,4776000,-1.000000,0.130000,0.000000
4782,4782000,-1.000000,0.130000,0.000000
4788,4788000,-1.000000,0.130000,0.000000
4794,4794000,-1.000000,0.130000,0.000000
4800,4800000,-1.000000,0.130000,0.000000
4806,4806000,-1.000000,0.130000,0.000000
4812,4812000,-1.000000,0.130000,0.000000
4818,4818000,-1.000000,0.130000,0.000000
4824,4824000,-1.000000,0.130000,0.000000
4830,4830000,-1.000000,0.130000,0.000000
4836,4836000,-1.000000,0.130000,0.000000
4842,4842000,-1.000000,0.130000,0.000000
4848,4848000,-1.000000,0.130000,0.000000
4854,4854000,-1.000000,0.130000,0.000000
4860,4860000,-1.000000,0.130000,0.000000
4866,4866000,-1.000000,0.130000,0.000000
4872,4872000,-1.000000,0.130000,0.000000
4878,4878000,-1.000000,0.130000,0.000000
4884,4884000,-1.000000,0.130000,0.000000
4890,4890000,-1.000000,0.130000,0.000000
4896,4896000,-1.000000,0.130000,0.000000
4902,4902000,-1.000000,0.130000,0.000000
4908,4908000,-1.000000,0.130000,0.000000
4914,4914000,-1.000000,0.130000,0.000000
4920,4920000,-1.000000,0.130000,0.000000
4926,4926000,-1.000000,0.130000,0.000000
4932,4932000,-1.000000,0.130000,0.000000
4938,4938000,-1.000000,0.130000,0.000000
4944,4944000,-1.000000,0.130000,0.000000
4950,4950000,-1.000000,0.130000,0.000000
4956,4956000,-1.000000,0.130000,0.000000
4962,4962000,-1.000000,0.130000,0.000000
4968,4968000,-1.000000,0.130000,0.000000
4974,4974000,-1.000000,0.130000,0.000000
4980,4980000,-1.000000,0.130000,0.000000
4986,4986000,-1.000000,0.130000,0.000000
4992,4992000,-1.000000,0.130000,0.000000
4998,4998000,-1.000000,0.130000,0.000000
5004,5004000,-1.000000,0.130000,0.000000
5010,5010000,-1.000000,0.130000,0.000000
5016,5016000,-1.000000,0.130000,0.000000
5022,5022000,-1.000000,0.130000,0.000000
5028,5028000,-1.000000,0.130000,0.000000
5034,5034000,-1.000000,0.130000,0.000000
5040,5040000,-1.000000,0.130000,0.000000
5046,5046000,-1.000000,0.130000,0.000000
5052,5052000,-1.000000,0.130000,0.000000
5058,5058000,-1.000000,0.130000,0.000000
5064,5064000,-1.000000,0.130000,0.000000
5070,5070000,-1.000000,0.130000,0.000000
5076,5076000,-1.000000,0.130000,0.000000
5082,5082000,-1.000000,0.130000,0.000000
5088,5088000,-1.000000,0.130000,0.000000
5094,5094000,-1.000000,0.130000,0.000000
5100,5100000,-1.000000,0.130000,0.000000
5106,5106000,-1.000000,0.130000,0.000000
5112,5112000,-1.000000,0.130000,0.000000
5118,5118000,-1.000000,0.130000,0.000000
5124,5124000,-1.000000,0.130000,0.000000
5130,5130000,-1.000000,0.130000,0.000000
5136,5136000,-1.000000,0.130000,0.000000
5142,5142000,-1.000000,0.130000,0.000000
5148,5148000,-1.000000,0.130000,0.000000
5154,5154000,-1.000000,0.130000,0.000000
5160,5160000,-1.000000,0.130000,0.000000
5166,5166000,-1.000000,0.130000,0.000000
5172,5172000,-1.000000,0.130000,0.000000
5178,5178000,-1.000000,0.130000,0.000000
5184,5184000,-1.000000,0.130000,0.000000
5190,5190000,-1.000000,0.130000,0.000000
5196,5196000,-1.000000,0.130000,0.000000
5202,5202000,-1.000000,0.130000,0.000000
5208,5208000,-1.000000,0.130000,0.000000
5214,5214000,-1.000000,0.130000,0.000000
5220,5220000,-1.000000,0.130000,0.000000
5226,5226000,-1.000000,0.130000,0.000000
5232,5232000,-1.000000,0.130000,0.000000
5238,5238000,-1.000000,0.130000,0.000000
5244,5244000,-1.000000,0.130000,0.000000
5250,5250000,-1.000000,0.130000,0.000000
5256,5256000,-1.000000,0.130000,0.000000
5262,5262000,-1.000000,0.130000,0.000000
5268,5268000,-1.000000,0.130000,0.000000
5274,5274000,-1.000000,0.130000,0.000000
5280,5280000,-1.000000,0.130000,0.000000
5286,5286000,-1.000000,0.130000,0.000000
5292,5292000,-1.000000,0.130000,0.000000
5298,5298000,-1.000000,0.130000,0.000000
5304,5304000,-1.000000,0.130000,0.000000
5310,5310000,-1.000000,0.130000,0.000000
5316,5316000,-1.000000,0.130000,0.000000
5322,5322000,-1.000000,0.130000,0.000000
5328,5328000,-1.000000,0.130000,0.000000
5334,5334000,-1.000000,0.130000,0.000000
5340,5340000,-1.000000,0.130000,0.000000
5346,5346000,-1.000000,0.130000,0.000000
5352,5352000,-1.000000,0.130000,0.000000
5358,5358000,-1.000000,0.130000,0.000000
5364,5364000,-1.000000,0.130000,0.000000
5370,5370000,-1.000000,0.130000,0.000000
5376,5376000,-1.000000,0.130000,0.000000
5382,5382000,-1.000000,0.130000,0.000000
5388,5388000,-1.000000,0.130000,0.000000
5394,5394000,-1.000000,0.130000,0.000000
5400,5400000,-1.000000,0.130000,0.000000
5406,5406000,-1.000000,0.130000,0.000000
5412,5412000,-1.000000,0.130000,0.000000
5418,5418000,-1.000000,0.130000,0.000000
5424,5424000,-1.000000,0.130000,0.000000
5430,5430000,-1.000000,0.130000,0.000000
5436,5436000,-1.000000,0.130000,0.000000
5442,5442000,-1.000000,0.130000,0.000000
5448,5448000,-1.000000,0.130000,0.000000
5454,5454000,-1.000000,0.130000,0.000000
5460,5460000,-1.000000,0.130000,0.000000
5466,5466000,-1.000000,0.130000,0.000000
5472,5472000,-1.000000,0.130000,0.000000
5478,5478000,-1.000000,0.130000,0.000000
5484,5484000,-1.000000,0.130000,0.000000
5490,5490000,-1.000000,0.130000,0.000000
5496,5496000,-1.000000,0.130000,0.000000
5502,5502000,-1.000000,0.130000,0.000000
5508,5508000,-1.000000,0.130000,0.000000
5514,5514000,-1.000000,0.130000,0.000000
5520,5520000,-1.000000,0.130000,0.000000
5526,5526000,-1.000000,0.130000,0.000000
5532,5532000,-1.000000,0.130000,0.000000
5538,5538000,-1.000000,0.130000,0.000000
5544,5544000,-1.000000,0.130000,0.000000
5550,5550000,-1.000000,0.130000,0.000000
5556,5556000,-1.000000,0.130000,0.000000
5562,5562000,-1.000000,0.130000,0.000000
5568,5568000,-1.000000,0.130000,0.000000
5574,5574000,-1.000000,0.130000,0.000000
5580,5580000,-1.000000,0.130000,0.000000
5586,5586000,-1.000000,0.130000,0.000000
5592,5592000,-1.000000,0.130000,0.000000
5598,5598000,-1.000000,0.130000,0.000000
5604,5604000,-1.000000,0.130000,0.000000
5610,5610000,-1.000000,0.130000,0.000000
5616,5616000,-1.000000,0.130000,0.000000
5622,5622000,-1.000000,0.130000,0.000000
5628,5628000,-1.000000,0.130000,0.000000
5634,5634000,-1.000000,0.130000,0.000000
5640,5640000,-1.000000,0.130000,0.000000
5646,5646000,-1.000000,0.130000,0.000000
5652,5652000,-1.000000,0.130000,0.000000
5658,5658000,-1.000000,0.130000,0.000000
5664,5664000,-1.000000,0.130000,0.000000
5670,5670000,-1.000000,0.130000,0.000000
5676,5676000,-1.000000,0.130000,0.000000
5682,5682000,-1.000000,0.130000,0.000000
5688,5688000,-1.000000,0.130000,0.000000
5694,5694000,-1.000000,0.130000,0.000000
5700,5700000,-1.000000,0.130000,0.000000
5706,5706000,-1.000000,0.130000,0.000000
5712,5712000,-1.000000,0.130000,0.000000
5718,5718000,-1.000000,0.130000,0.000000
5724,5724000,-1.000000,0.130000,0.000000
5730,5730000,-1.000000,0.130000,0.000000
5736,5736000,-1.000000,0.130000,0.000000
5742,5742000,-1.000000,0.130000,0.000000
5748,5748000,-1.000000,0.130000,0.000000
5754,5754000,-1.000000,0.130000,0.000000
5760,5760000,-1.000000,0.130000,0.000000
5766,5766000,-1.000000,0.130000,0.000000
5772,5772000,-1.000000,0.130000,0.000000
5778,5778000,-1.000000,0.130000,0.000000
5784,5784000,-1.000000,0.130000,0.000000
5790,5790000,-1.000000,0.130000,0.000000
5796,5796000,-1.000000,0.130000,0.000000
5802,5802000,-1.000000,0.130000,0.000000
5808,5808000,-1.000000,0.130000,0.000000
5814,5814000,-1.000000,0.130000,0.000000
5820,5820000,-1.000000,0.130000,0.000000
5826,5826000,-1.000000,0.130000,0.000000
5832,5832000,-1.000000,0.130000,0.000000
5838,5838000,-1.000000,0.130000,0.000000
5844,5844000,-1.000000,0.130000,0.000000
5850,5850000,-1.000000,0.130000,0.000000
5856,5856000,-1.000000,0.130000,0.000000
5862,5862000,-1.000000,0.130000,0.000000
5868,5868000,-1.000000,0.130000,0.000000
5874,5874000,-1.000000,0.130000,0.000000
5880,5880000,-1.000000,0.130000,0.000000
5886,5886000,-1.000000,0.130000,0.000000
5892,5892000,-1.000000,0.130000,0.000000
5898,5898000,-1.000000,0.130000,0.000000
5904,5904000,-1.000000,0.130000,0.000000
5910,5910000,-1.000000,0.130000,0.000000
5916,5916000,-1.000000,0.130000,0.000000
5922,5922000,-1.000000,0.130000,0.000000
5928,5928000,-1.000000,0.130000,0.000000
5934,5934000,-1.000000,0.130000,0.000000
5940,5940000,-1.000000,0.130000,0.000000
5946,5946000,-1.000000,0.130000,0.000000
5952,5952000,-1.000000,0.130000,0.000000
5958,5958000,-1.000000,0.130000,0.000000
5964,5964000,-1.000000,0.130000,0.000000
5970,5970000,-1.000000,0.130000,0.000000
5976,5976000,-1.000000,0.130000,0.000000
5982,5982000,-1.000000,0.130000,0.000000
5988,5988000,-1.000000,0.130000,0.000000
5994,5994000,-1.000000,0.130000,0.000000
6000,6000000,-1.000000,0.130000,0.000000
6006,6006000,-1.000000,0.130000,0.000000
6012,6012000,-1.000000,0.130000,0.000000
6018,6018000,-1.000000,0.130000,0.000000
6024,6024000,-1.000000,0.130000,0.000000
6030,6030000,-1.000000,0.130000,0.000000
6036,6036000,-1.000000,0.130000,0.000000
6042,6042000,-1.000000,0.130000,0.000000
6048,6048000,-1.000000,0.130000,0.000000
6054,6054000,-1.000000,0.130000,0.000000
6060,6060000,-1.000000,0.130000,0.000000
6066,6066000,-1.000000,0.130000,0.000000
6072,6072000,-1.000000,0.130000,0.000000
6078,6078000,-1.000000,0.130000,0.000000
6084,6084000,-1.000000,0.130000,0.000000
6090,6090000,-1.000000,0.130000,0.000000
6096,6096000,-1.000000,0.130000,0.000000
6102,6102000,-1.000000,0.130000,0.000000
6108,6108000,-1.000000,0.130000,0.000000
6114,6114000,-1.000000,0.130000,0.000000
6120,6120000,-1.000000,0.130000,0.000000
6126,6126000,-1.000000,0.130000,0.000000
6132,6132000,-1.000000,0.130000,0.000000
6138,6138000,-1.000000,0.130000,0.000000
6144,6144000,-1.000000,0.130000,0.000000
6150,6150000,-1.000000,0.130000,0.000000
6156,6156000,-1.000000,0.130000,0.000000
6162,6162000,-1.000000,0.130000,0.000000
6168,6168000,-1.000000,0.130000,0.000000
6174,6174000,-1.000000,0.130000,0.000000
6180,6180000,-1.000000,0.130000,0.000000
6186,6186000,-1.000000,0.130000,0.000000
6192,6192000,-1.000000,0.130000,0.000000
6198,6198000,-1.000000,0.130000,0.000000
6204,6204000,-1.000000,0.130000,0.000000
6210,6210000,-1.000000,0.130000,0.000000
6216,6216000,-1.000000,0.130000,0.000000
6222,6222000,-1.000000,0.130000,0.000000
6228,6228000,-1.000000,0.130000,0.000000
6234,6234000,-1.000000,0.130000,0.000000
6240,6240000,-1.000000,0.130000,0.000000
6246,6246000,-1.000000,0.130000,0.000000
6252,6252000,-1.000000,0.130000,0.000000
6258,6258000,-1.000000,0.130000,0.000000
6264,6264000,-1.000000,0.130000,0.000000
6270,6270000,-1.000000,0.130000,0.000000
6276,6276000,-1.000000,0.130000,0.000000
6282,6282000,-1.000000,0.130000,0.000000
6288,6288000,-1.000000,0.130000,0.000000
6294,6294000,-1.000000,0.130000,0.000000
6300,6300000,-1.000000,0.130000,0.000000
6306,6306000,-1.000000,0.130000,0.000000
6312,6312000,-1.000000,0.130000,0.000000
6318,6318000,-1.000000,0.130000,0.000000
6324,6324000,-1.000000,0.130000,0.000000
6330,6330000,-1.000000,0.130000,0.000000
6336,6336000,-1.000000,0.130000,0.000000
6342,6342000,-1.000000,0.130000,0.000000
6348,6348000,-1.000000,0.130000,0.000000
6354,6354000,-1.000000,0.130000,0.000000
6360,6360000,-1.000000,0.130000,0.000000
6366,6366000,-1.000000,0.130000,0.000000
6372,6372000,-1.000000,0.130000,0.000000
6378,6378000,-1.000000,0.130000,0.000000
6384,6384000,-1.000000,0.130000,0.000000
6390,6390000,-1.000000,0.130000,0.000000
6396,6396000,-1.000000,0.130000,0.000000
6402,6402000,-1.000000,0.130000,0.000000
6408,6408000,-1.000000,0.130000,0.000000
6414,6414000,-1.000000,0.130000,0.000000
6420,6420000,-1.000000,0.130000,0.000000
6426,6426000,-1.000000,0.130000,0.000000
6432,6432000,-1.000000,0.130000,0.000000
6438,6438000,-1.000000,0.130000,0.000000
6444,6444000,-1.000000,0.130000,0.000000
6450,6450000,-1.000000,0.130000,0.000000
6456,6456000,-1.000000,0.130000,0.000000
6462,6462000,-1.000000,0.130000,0.000000
6468,6468000,-1.000000,0.130000,0.000000
6474,6474000,-1.000000,0.130000,0.000000
6480,6480000,-1.000000,0.130000,0.000000
6486,6486000,-1.000000,0.130000,0.000000
6492,6492000,-1.000000,0.130000,0.000000
6498,6498000,-1.000000,0.130000,0.000000
6504,6504000,-1.000000,0.130000,0.000000
6510,6510000,-1.000000,0.130000,0.000000
6516,6516000,-1.000000,0.130000,0.000000
6522,6522000,-1.000000,0.130000,0.000000
6528,6528000,-1.000000,0.130000,0.000000
6534,6534000,-1.000000,0.130000,0.000000
6540,6540000,-1.000000,0.130000,0.000000
6546,6546000,-1.000000,0.130000,0.000000
6552,6552000,-1.000000,0.130000,0.000000
6558,6558000,-1.000000,0.130000,0.000000
6564,6564000,-1.000000,0.130000,0.000000
6570,6570000,-1.000000,0.130000,0.000000
6576,6576000,-1.000000,0.130000,0.000000
6582,6582000,-1.000000,0.130000,0.000000
6588,6588000,-1.000000,0.130000,0.000000
6594,6594000,-1.000000,0.130000,0.000000
6600,6600000,-1.000000,0.130000,0.000000
6606,6606000,-1.000000,0.130000,0.000000
6612,6612000,-1.000000,0.130000,0.000000
6618,6618000,-1.000000,0.130000,0.000000
6624,6624000,-1.000000,0.130000,0.000000
6630,6630000,-1.000000,0.130000,0.000000
6636,6636000,-1.000000,0.130000,0.000000
6642,6642000,-1.000000,0.130000,0.000000
6648,6648000,-1.000000,0.130000,0.000000
6654,6654000,-1.000000,0.130000,0.000000
6660,6660000,-1.000000,0.130000,0.000000
6666,6666000,-1.000000,0.130000,0.000000
6672,6672000,-1.000000,0.130000,0.000000
6678,6678000,-1.000000,0.130000,0.000000
6684,6684000,-1.000000,0.130000,0.000000
6690,6690000,-1.000000,0.130000,0.000000
6696,6696000,-1.000000,0.130000,0.000000
6702,6702000,-1.000000,0.130000,0.000000
6708,6708000,-1.000000,0.130000,0.000000
6714,6714000,-1.000000,0.130000,0.000000
6720,6720000,-1.000000,0.130000,0.000000
6726,6726000,-1.000000,0.130000,0.000000
6732,6732000,-1.000000,0.130000,0.000000
6738,6738000,-1.000000,0.130000,0.000000
6744,6744000,-1.000000,0.130000,0.000000
6750,6750000,-1.000000,0.130000,0.000000
6756,6756000,-1.000000,0.130000,0.000000
6762,6762000,-1.000000,0.130000,0.000000
6768,6768000,-1.000000,0.130000,0.000000
6774,6774000,-1.000000,0.130000,0.000000
6780,6780000,-1.000000,0.130000,0.000000
6786,6786000,-1.000000,0.130000,0.000000
6792,6792000,-1.000000,0.130000,0.000000
6798,6798000,-1.000000,0.130000,0.000000
6804,6804000,-1.000000,0.130000,0.000000
6810,6810000,-1.000000,0.130000,0.000000
6816,6816000,-1.000000,0.130000,0.000000
6822,6822000,-1.000000,0.130000,0.000000
6828,6828000,-1.000000,0.130000,0.000000
6834,6834000,-1.000000,0.130000,0.000000
6840,6840000,-1.000000,0.130000,0.000000
6846,6846000,-1.000000,0.130000,0.000000
6852,6852000,-1.000000,0.130000,0.000000
6858,6858000,-1.000000,0.130000,0.000000
6864,6864000,-1.000000,0.130000,0.000000
6870,6870000,-1.000000,0.130000,0.000000
6876,6876000,-1.000000,0.130000,0.000000
6882,6882000,-1.000000,0.130000,0.000000
6888,6888000,-1.000000,0.130000,0.000000
6894,6894000,-1.000000,0.130000,0.000000
6900,6900000,-1.000000,0.130000,0.000000
6906,6906000,-1.000000,0.130000,0.000000
6912,6912000,-1.000000,0.130000,0.000000
6918,6918000,-1.000000,0.130000,0.000000
6924,6924000,-1.000000,0.130000,0.000000
6930,6930000,-1.000000,0.130000,0.000000
6936,6936000,-1.000000,0.130000,0.000000
6942,6942000,-1.000000,0.130000,0.000000
6948,6948000,-1.000000,0.130000,0.000000
6954,6954000,-1.000000,0.130000,0.000000
6960,6960000,-1.000000,0.130000,0.000000
6966,6966000,-1.000000,0.130000,0.000000
6972,6972000,-1.000000,0.130000,0.000000
6978,6978000,-1.000000,0.130000,0.000000
6984,6984000,-1.000000,0.130000,0.000000
6990,6990000,-1.000000,0.130000,0.000000
6996,6996000,-1.000000,0.130000,0.000000
7002,7002000,-1.000000,0.130000,0.000000
7008,7008000,-1.000000,0.130000,0.000000
7014,7014000,-1.000000,0.130000,0.000000
7020,7020000,-1.000000,0.130000,0.000000
7026,7026000,-1.000000,0.130000,0.000000
7032,7032000,-1.000000,0.130000,0.000000
7038,7038000,-1.000000,0.130000,0.000000
7044,7044000,-1.000000,0.130000,0.000000
7050,7050000,-1.000000,0.130000,0.000000
7056,7056000,-1.000000,0.130000,0.000000
7062,7062000,-1.000000,0.130000,0.000000
7068,7068000,-1.000000,0.130000,0.000000
7074,7074000,-1.000000,0.130000,0.000000
7080,7080000,-1.000000,0.130000,0.000000
7086,7086000,-1.000000,0.130000,0.000000
7092,7092000,-1.000000,0.130000,0.000000
7098,7098000,-1.000000,0.130000,0.000000
7104,7104000,-1.000000,0.130000,0.000000
7110,7110000,-1.000000,0.130000,0.000000
7116,7116000,-1.000000,0.130000,0.000000
7122,7122000,-1.000000,0.130000,0.000000
7128,7128000,-1.000000,0.130000,0.000000
7134,7134000,-1.000000,0.130000,0.000000
7140,7140000,-1.000000,0.130000,0.000000
7146,7146000,-1.000000,0.130000,0.000000
7152,7152000,-1.000000,0.130000,0.000000
7158,7158000,-1.000000,0.130000,0.000000
7164,7164000,-1.000000,0.130000,0.000000
7170,7170000,-1.000000,0.130000,0.000000
7176,7176000,-1.000000,0.130000,0.000000
7182,7182000,-1.000000,0.130000,0.000000
7188,7188000,-1.000000,0.130000,0.000000
7194,7194000,-1.000000,0.130000,0.000000
7200,7200000,-1.000000,0.130000,0.000000
7206,7206000,-1.000000,0.130000,0.000000
7212,7212000,-1.000000,0.130000,0.000000
7218,7218000,-1.000000,0.130000,0.000000
7224,7224000,-1.000000,0.130000,0.000000
7230,7230000,-1.000000,0.130000,0.000000
7236,7236000,-1.000000,0.130000,0.000000
7242,7242000,-1.000000,0.130000,0.000000
7248,7248000,-1.000000,0.130000,0.000000
7254,7254000,-1.000000,0.130000,0.000000
7260,7260000,-1.000000,0.130000,0.000000
7266,7266000,-1.000000,0.130000,0.000000
7272,7272000,-1.000000,0.130000,0.000000
7278,7278000,-1.000000,0.130000,0.000000
7284,7284000,-1.000000,0.130000,0.000000
7290,7290000,-1.000000,0.130000,0.000000
7296,7296000,-1.000000,0.130000,0.000000
7302,7302000,-1.000000,0.130000,0.000000
7308,7308000,-1.000000,0.130000,0.000000
7314,7314000,-1.000000,0.130000,0.000000
7320,7320000,-1.000000,0.130000,0.000000
7326,7326000,-1.000000,0.130000,0.000000
7332,7332000,-1.000000,0.130000,0.000000
7338,7338000,-1.000000,0.130000,0.000000
7344,7344000,-1.000000,0.130000,0.000000
7350,7350000,-1.000000,0.130000,0.000000
7356,7356000,-1.000000,0.130000,0.000000
7362,7362000,-1.000000,0.130000,0.000000
7368,7368000,-1.000000,0.130000,0.000000
7374,7374000,-1.000000,0.130000,0.000000
7380,7380000,-1.000000,0.130000,0.000000
7386,7386000,-1.000000,0.130000,0.000000
7392,7392000,-1.000000,0.130000,0.000000
7398,7398000,-1.000000,0.130000,0.000000
7404,7404000,-1.000000,0.130000,0.000000
7410,7410000,-1.000000,0.130000,0.000000
7416,7416000,-1.000000,0.130000,0.000000
7422,7422000,-1.000000,0.130000,0.000000
7428,7428000,-1.000000,0.130000,0.000000
7434,7434000,-1.000000,0.130000,0.000000
7440,7440000,-1.000000,0.130000,0.000000
7446,7446000,-1.000000,0.130000,0.000000
7452,7452000,-1.000000,0.130000,0.000000
7458,7458000,-1.000000,0.130000,0.000000
7464,7464000,-1.000000,0.130000,0.000000
7470,7470000,-1.000000,0.130000,0.000000
7476,7476000,-1.000000,0.130000,0.000000
7482,7482000,-1.000000,0.130000,0.000000
7488,7488000,-1.000000,0.130000,0.000000
7494,7494000,-1.000000,0.130000,0.000000
7500,7500000,-1.000000,0.130000,0.000000
7506,7506000,-1.000000,0.130000,0.000000
7512,7512000,-1.000000,0.130000,0.000000
7518,7518000,-1.000000,0.130000,0.000000
7524,7524000,-1.000000,0.130000,0.000000
7530,7530000,-1.000000,0.130000,0.000000
7536,7536000,-1.000000,0.130000,0.000000
7542,7542000,-1.000000,0.130000,0.000000
7548,7548000,-1.000000,0.130000,0.000000
7554,7554000,-1.000000,0.130000,0.000000
7560,7560000,-1.000000,0.130000,0.000000
7566,7566000,-1.000000,0.130000,0.000000
7572,7572000,-1.000000,0.130000,0.000000
7578,7578000,-1.000000,0.130000,0.000000
7584,7584000,-1.000000,0.130000,0.000000
7590,7590000,-1.000000,0.130000,0.000000
7596,7596000,-1.000000,0.130000,0.000000
7602,7602000,-1.000000,0.130000,0.000000
7608,7608000,-1.000000,0.130000,0.000000
7614,7614000,-1.000000,0.130000,0.000000
7620,7620000,-1.000000,0.130000,0.000000
7626,7626000,-1.000000,0.130000,0.000000
7632,7632000,-1.000000,0.130000,0.000000
7638,7638000,-1.000000,0.130000,0.000000
7644,7644000,-1.000000,0.130000,0.000000
7650,7650000,-1.000000,0.130000,0.000000
7656,7656000,-1.000000,0.130000,0.000000
7662,7662000,-1.000000,0.130000,0.000000
7668,7668000,-1.000000,0.130000,0.000000
7674,7674000,-1.000000,0.130000,0.000000
7680,7680000,-1.000000,0.130000,0.000000
7686,7686000,-1.000000,0.130000,0.000000
7692,7692000,-1.000000,0.130000,0.000000
7698,7698000,-1.000000,0.130000,0.000000
7704,7704000,-1.000000,0.130000,0.000000
7710,7710000,-1.000000,0.130000,0.000000
7716,7716000,-1.000000,0.130000,0.000000
7722,7722000,-1.000000,0.130000,0.000000
7728,7728000,-1.000000,0.130000,0.000000
7734,7734000,-1.000000,0.130000,0.000000
7740,7740000,-1.000000,0.130000,0.000000
7746,7746000,-1.000000,0.130000,0.000000
7752,7752000,-1.000000,0.130000,0.000000
7758,7758000,-1.000000,0.130000,0.000000
7764,7764000,-1.000000,0.130000,0.000000
7770,7770000,-1.000000,0.130000,0.000000
7776,7776000,-1.000000,0.130000,0.000000
7782,7782000,-1.000000,0.130000,0.000000
7788,7788000,-1.000000,0.130000,0.000000
7794,7794000,-1.000000,0.130000,0.000000
7800,7800000,-1.000000,0.130000,0.000000
7806,7806000,-1.000000,0.130000,0.000000
7812,7812000,-1.000000,0.130000,0.000000
7818,7818000,-1.000000,0.130000,0.000000
7824,7824000,-1.000000,0.130000,0.000000
7830,7830000,-1.000000,0.130000,0.000000
7836,7836000,-1.000000,0.130000,0.000000
7842,7842000,-1.000000,0.130000,0.000000
7848,7848000,-1.000000,0.130000,0.000000
7854,7854000,-1.000000,0.130000,0.000000
7860,7860000,-1.000000,0.130000,0.000000
7866,7866000,-1.000000,0.130000,0.000000
7872,7872000,-1.000000,0.130000,0.000000
7878,7878000,-1.000000,0.130000,0.000000
7884,7884000,-1.000000,0.130000,0.000000
7890,7890000,-1.000000,0.130000,0.000000
7896,7896000,-1.000000,0.130000,0.000000
7902,7902000,-1.000000,0.130000,0.000000
7908,7908000,-1.000000,0.130000,0.000000
7914,7914000,-1.000000,0.130000,0.000000
7920,7920000,-1.000000,0.130000,0.000000
7926,7926000,-1.000000,0.130000,0.000000
7932,7932000,-1.000000,0.130000,0.000000
7938,7938000,-1.000000,0.130000,0.000000
7944,7944000,-1.000000,0.130000,0.000000
7950,7950000,-1.000000,0.130000,0.000000
7956,7956000,-1.000000,0.130000,0.000000
7962,7962000,-1.000000,0.130000,0.000000
7968,7968000,-1.000000,0.130000,0.000000
7974,7974000,-1.000000,0.130000,0.000000
7980,7980000,-1.000000,0.130000,0.000000
7986,7986000,-1.000000,0.130000,0.000000
7992,7992000,-1.000000,0.130000,0.000000
7998,7998000,-1.000000,0.130000,0.000000
8004,8004000,-1.000000,0.130000,0.000000
8010,8010000,-1.000000,0.130000,0.000000
8016,8016000,-1.000000,0.130000,0.000000
8022,8022000,-1.000000,0.130000,0.000000
8028,8028000,-1.000000,0.130000,0.000000
8034,8034000,-1.000000,0.130000,0.000000
8040,8040000,-1.000000,0.130000,0.000000
8046,8046000,-1.000000,0.130000,0.000000
8052,8052000,-1.000000,0.130000,0.000000
8058,8058000,-1.000000,0.130000,0.000000
8064,8064000,-1.000000,0.130000,0.000000
8070,8070000,-1.000000,0.130000,0.000000
8076,8076000,-1.000000,0.130000,0.000000
8082,8082000,-1.000000,0.130000,0.000000
8088,8088000,-1.000000,0.130000,0.000000
8094,8094000,-1.000000,0.130000,0.000000
8100,8100000,-1.000000,0.130000,0.000000
8106,8106000,-1.000000,0.130000,0.000000
8112,8112000,-1.000000,0.130000,0.000000
8118,8118000,-1.000000,0.130000,0.000000
8124,8124000,-1.000000,0.130000,0.000000
8130,8130000,-1.000000,0.130000,0.000000
8136,8136000,-1.000000,0.130000,0.000000
8142,8142000,-1.000000,0.130000,0.000000
8148,8148000,-1.000000,0.130000,0.000000
8154,8154000,-1.000000,0.130000,0.000000
8160,8160000,-1.000000,0.130000,0.000000
8166,8166000,-1.000000,0.130000,0.000000
8172,8172000,-1.000000,0.130000,0.000000
8178,8178000,-1.000000,0.130000,0.000000
8184,8184000,-1.000000,0.130000,0.000000
8190,8190000,-1.000000,0.130000,0.000000
8196,8196000,-1.000000,0.130000,0.000000
8202,8202000,-1.000000,0.130000,0.000000
8208,8208000,-1.000000,0.130000,0.000000
8214,8214000,-1.000000,0.130000,0.000000
8220,8220000,-1.000000,0.130000,0.000000
8226,8226000,-1.000000,0.130000,0.000000
8232,8232000,-1.000000,0.130000,0.000000
8238,8238000,-1.000000,0.130000,0.000000
8244,8244000,-1.000000,0.130000,0.000000
8250,8250000,-1.000000,0.130000,0.000000
8256,8256000,-1.000000,0.130000,0.000000
8262,8262000,-1.000000,0.130000,0.000000
8268,8268000,-1.000000,0.130000,0.000000
8274,8274000,-1.000000,0.130000,0.000000
8280,8280000,-1.000000,0.130000,0.000000
8286,8286000,-1.000000,0.130000,0.000000
8292,8292000,-1.000000,0.130000,0.000000
8298,8298000,-1.000000,0.130000,0.000000
8304,8304000,-1.000000,0.130000,0.000000
8310,8310000,-1.000000,0.130000,0.000000
8316,8316000,-1.000000,0.130000,0.000000
8322,8322000,-1.000000,0.130000,0.000000
8328,8328000,-1.000000,0.130000,0.000000
8334,8334000,-1.000000,0.130000,0.000000
8340,8340000,-1.000000,0.130000,0.000000
8346,8346000,-1.000000,0.130000,0.000000
8352,8352000,-1.000000,0.130000,0.000000
8358,8358000,-1.000000,0.130000,0.000000
8364,8364000,-1.000000,0.130000,0.000000
8370,8370000,-1.000000,0.130000,0.000000
8376,8376000,-1.000000,0.130000,0.000000
8382,8382000,-1.000000,0.130000,0.000000
8388,8388000,-1.000000,0.130000,0.000000
8394,8394000,-1.000000,0.130000,0.000000
8400,8400000,-1.000000,0.130000,0.000000
8406,8406000,-1.000000,0.130000,0.000000
8412,8412000,-1.000000,0.130000,0.000000
8418,8418000,-1.000000,0.130000,0.000000
8424,8424000,-1.000000,0.130000,0.000000
8430,8430000,-1.000000,0.130000,0.000000
8436,8436000,-1.000000,0.130000,0.000000
8442,8442000,-1.000000,0.130000,0.000000
8448,8448000,-1.000000,0.130000,0.000000
8454,8454000,-1.000000,0.130000,0.000000
8460,8460000,-1.000000,0.130000,0.000000
8466,8466000,-1.000000,0.130000,0.000000
8472,8472000,-1.000000,0.130000,0.000000
8478,8478000,-1.000000,0.130000,0.000000
8484,8484000,-1.000000,0.130000,0.000000
8490,8490000,-1.000000,0.130000,0.000000
8496,8496000,-1.000000,0.130000,0.000000
8502,8502000,-1.000000,0.130000,0.000000
8508,8508000,-1.000000,0.130000,0.000000
8514,8514000,-1.000000,0.130000,0.000000
8520,8520000,-1.000000,0.130000,0.000000
8526,8526000,-1.000000,0.130000,0.000000
8532,8532000,-1.000000,0.130000,0.000000
8538,8538000,-1.000000,0.130000,0.000000
8544,8544000,-1.000000,0.130000,0.000000
8550,8550000,-1.000000,0.130000,0.000000
8556,8556000,-1.000000,0.130000,0.000000
8562,8562000,-1.000000,0.130000,0.000000
8568,8568000,-1.000000,0.130000,0.000000
8574,8574000,-1.000000,0.130000,0.000000
8580,8580000,-1.000000,0.130000,0.000000
8586,8586000,-1.000000,0.130000,0.000000
8592,8592000,-1.000000,0.130000,0.000000
8598,8598000,-1.000000,0.130000,0.000000
8604,8604000,-1.000000,0.130000,0.000000
8610,8610000,-1.000000,0.130000,0.000000
8616,8616000,-1.000000,0.130000,0.000000
8622,8622000,-1.000000,0.130000,0.000000
8628,8628000,-1.000000,0.130000,0.000000
8634,8634000,-1.000000,0.130000,0.000000
8640,8640000,-1.000000,0.130000,0.000000
8646,8646000,-1.000000,0.130000,0.000000
8652,8652000,-1.000000,0.130000,0.000000
8658,8658000,-1.000000,0.130000,0.000000
8664,8664000,-1.000000,0.130000,0.000000
8670,8670000,-1.000000,0.130000,0.000000
8676,8676000,-1.000000,0.130000,0.000000
8682,8682000,-1.000000,0.130000,0.000000
8688,8688000,-1.000000,0.130000,0.000000
8694,8694000,-1.000000,0.130000,0.000000
8700,8700000,-1.000000,0.130000,0.000000
8706,8706000,-1.000000,0.130000,0.000000
8712,8712000,-1.000000,0.130000,0.000000
8718,8718000,-1.000000,0.130000,0.000000
8724,8724000,-1.000000,0.130000,0.000000
8730,8730000,-1.000000,0.130000,0.000000
8736,8736000,-1.000000,0.130000,0.000000
8742,8742000,-1.000000,0.130000,0.000000
8748,8748000,-1.000000,0.130000,0.000000
8754,8754000,-1.000000,0.130000,0.000000
8760,8760000,-1.000000,0.130000,0.000000
8766,8766000,-1.000000,0.130000,0.000000
8772,8772000,-1.000000,0.130000,0.000000
8778,8778000,-1.000000,0.130000,0.000000
8784,8784000,-1.000000,0.130000,0.000000
8790,8790000,-1.000000,0.130000,0.000000
8796,8796000,-1.000000,0.130000,0.000000
8802,8802000,-1.000000,0.130000,0.000000
8808,8808000,-1.000000,0.130000,0.000000
8814,8814000,-1.000000,0.130000,0.000000
8820,8820000,-1.000000,0.130000,0.000000
8826,8826000,-1.000000,0.130000,0.000000
8832,8832000,-1.000000,0.130000,0.000000
8838,8838000,-1.000000,0.130000,0.000000
8844,8844000,-1.000000,0.130000,0.000000
8850,8850000,-1.000000,0.130000,0.000000
8856,8856000,-1.000000,0.130000,0.000000
8862,8862000,-1.000000,0.130000,0.000000
8868,8868000,-1.000000,0.130000,0.000000
8874,8874000,-1.000000,0.130000,0.000000
8880,8880000,-1.000000,0.130000,0.000000
8886,8886000,-1.000000,0.130000,0.000000
8892,8892000,-1.000000,0.130000,0.000000
8898,8898000,-1.000000,0.130000,0.000000
8904,8904000,-1.000000,0.130000,0.000000
8910,8910000,-1.000000,0.130000,0.000000
8916,8916000,-1.000000,0.130000,0.000000
8922,8922000,-1.000000,0.130000,0.000000
8928,8928000,-1.000000,0.130000,0.000000
8934,8934000,-1.000000,0.130000,0.000000
8940,8940000,-1.000000,0.130000,0.000000
8946,8946000,-1.000000,0.130000,0.000000
8952,8952000,-1.000000,0.130000,0.000000
8958,8958000,-1.000000,0.130000,0.000000
8964,8964000,-1.000000,0.130000,0.000000
8970,8970000,-1.000000,0.130000,0.000000
8976,8976000,-1.000000,0.130000,0.000000
8982,8982000,-1.000000,0.130000,0.000000
8988,8988000,-1.000000,0.130000,0.000000
8994,8994000,-1.000000,0.130000,0.000000
9000,9000000,-1.000000,0.130000,0.000000
9006,9006000,-1.000000,0.130000,0.000000
9012,9012000,-1.000000,0.130000,0.000000
9018,9018000,-1.000000,0.130000,0.000000
9024,9024000,-1.000000,0.130000,0.000000
9030,9030000,-1.000000,0.130000,0.000000
9036,9036000,-1.000000,0.130000,0.000000
9042,9042000,-1.000000,0.130000,0.000000
9048,9048000,-1.000000,0.130000,0.000000
9054,9054000,-1.000000,0.130000,0.000000
9060,9060000,-1.000000,0.130000,0.000000
9066,9066000,-1.000000,0.130000,0.000000
9072,9072000,-1.000000,0.130000,0.000000
9078,9078000,-1.000000,0.130000,0.000000
9084,9084000,-1.000000,0.130000,0.000000
9090,9090000,-1.000000,0.130000,0.000000
9096,9096000,-1.000000,0.130000,0.000000
9102,9102000,-1.000000,0.130000,0.000000
9108,9108000,-1.000000,0.130000,0.000000
9114,9114000,-1.000000,0.130000,0.000000
9120,9120000,-1.000000,0.130000,0.000000
9126,9126000,-1.000000,0.130000,0.000000
9132,9132000,-1.000000,0.130000,0.000000
9138,9138000,-1.000000,0.130000,0.000000
9144,9144000,-1.000000,0.130000,0.000000
9150,9150000,-1.000000,0.130000,0.000000
9156,9156000,-1.000000,0.130000,0.000000
9162,9162000,-1.000000,0.130000,0.000000
9168,9168000,-1.000000,0.130000,0.000000
9174,9174000,-1.000000,0.130000,0.000000
9180,9180000,-1.000000,0.130000,0.000000
9186,9186000,-1.000000,0.130000,0.000000
9192,9192000,-1.000000,0.130000,0.000000
9198,9198000,-1.000000,0.130000,0.000000
9204,9204000,-1.000000,0.130000,0.000000
9210,9210000,-1.000000,0.130000,0.000000
9216,9216000,-1.000000,0.130000,0.000000
9222,9222000,-1.000000,0.130000,0.000000
9228,9228000,-1.000000,0.130000,0.000000
9234,9234000,-1.000000,0.130000,0.000000
9240,9240000,-1.000000,0.130000,0.000000
9246,9246000,-1.000000,0.130000,0.000000
9252,9252000,-1.000000,0.130000,0.000000
9258,9258000,-1.000000,0.130000,0.000000
9264,9264000,-1.000000,0.130000,0.000000
9270,9270000,-1.000000,0.130000,0.000000
9276,9276000,-1.000000,0.130000,0.000000
9282,9282000,-1.000000,0.130000,0.000000
9288,9288000,-1.000000,0.130000,0.000000
9294,9294000,-1.000000,0.130000,0.000000
9300,9300000,-1.000000,0.130000,0.000000
9306,9306000,-1.000000,0.130000,0.000000
9312,9312000,-1.000000,0.130000,0.000000
9318,9318000,-1.000000,0.130000,0.000000
9324,9324000,-1.000000,0.130000,0.000000
9330,9330000,-1.000000,0.130000,0.000000
9336,9336000,-1.000000,0.130000,0.000000
9342,9342000,-1.000000,0.130000,0.000000
9348,9348000,-1.000000,0.130000,0.000000
9354,9354000,-1.000000,0.130000,0.000000
9360,9360000,-1.000000,0.130000,0.000000
9366,9366000,-1.000000,0.130000,0.000000
9372,9372000,-1.000000,0.130000,0.000000
9378,9378000,-1.000000,0.130000,0.000000
9384,9384000,-1.000000,0.130000,0.000000
9390,9390000,-1.000000,0.130000,0.000000
9396,9396000,-1.000000,0.130000,0.000000
9402,9402000,-1.000000,0.130000,0.000000
9408,9408000,-1.000000,0.130000,0.000000
9414,9414000,-1.000000,0.130000,0.000000
9420,9420000,-1.000000,0.130000,0.000000
9426,9426000,-1.000000,0.130000,0.000000
9432,9432000,-1.000000,0.130000,0.000000
9438,9438000,-1.000000,0.130000,0.000000
9444,9444000,-1.000000,0.130000,0.000000
9450,9450000,-1.000000,0.130000,0.000000
9456,9456000,-1.000000,0.130000,0.000000
9462,9462000,-1.000000,0.130000,0.000000
9468,9468000,-1.000000,0.130000,0.000000
9474,9474000,-1.000000,0.130000,0.000000
9480,9480000,-1.000000,0.130000,0.000000
9486,9486000,-1.000000,0.130000,0.000000
9492,9492000,-1.000000,0.130000,0.000000
9498,9498000,-1.000000,0.130000,0.000000
9504,9504000,-1.000000,0.130000,0.000000
9510,9510000,-1.000000,0.130000,0.000000
9516,9516000,-1.000000,0.130000,0.000000
9522,9522000,-1.000000,0.130000,0.000000
9528,9528000,-1.000000,0.130000,0.000000
9534,9534000,-1.000000,0.130000,0.000000
9540,9540000,-1.000000,0.130000,0.000000
9546,9546000,-1.000000,0.130000,0.000000
9552,9552000,-1.000000,0.130000,0.000000
9558,9558000,-1.000000,0.130000,0.000000
9564,9564000,-1.000000,0.130000,0.000000
9570,9570000,-1.000000,0.130000,0.000000
9576,9576000,-1.000000,0.130000,0.000000
9582,9582000,-1.000000,0.130000,0.000000
9588,9588000,-1.000000,0.130000,0.000000
9594,9594000,-1.000000,0.130000,0.000000
9600,9600000,-1.000000,0.130000,0.000000
9606,9606000,-1.000000,0.130000,0.000000
9612,9612000,-1.000000,0.130000,0.000000
9618,9618000,-1.000000,0.130000,0.000000
9624,9624000,-1.000000,0.130000,0.000000
9630,9630000,-1.000000,0.130000,0.000000
9636,9636000,-1.000000,0.130000,0.000000
9642,9642000,-1.000000,0.130000,0.000000
9648,9648000,-1.000000,0.130000,0.000000
9654,9654000,-1.000000,0.130000,0.000000
9660,9660000,-1.000000,0.130000,0.000000
9666,9666000,-1.000000,0.130000,0.000000
9672,9672000,-1.000000,0.130000,0.000000
9678,9678000,-1.000000,0.130000,0.000000
9684,9684000,-1.000000,0.130000,0.000000
9690,9690000,-1.000000,0.130000,0.000000
9696,9696000,-1.000000,0.130000,0.000000
9702,9702000,-1.000000,0.130000,0.000000
9708,9708000,-1.000000,0.130000,0.000000
9714,9714000,-1.000000,0.130000,0.000000
9720,9720000,-1.000000,0.130000,0.000000
9726,9726000,-1.000000,0.130000,0.000000
9732,9732000,-1.000000,0.130000,0.000000
9738,9738000,-1.000000,0.130000,0.000000
9744,9744000,-1.000000,0.130000,0.000000
9750,9750000,-1.000000,0.130000,0.000000
9756,9756000,-1.000000,0.130000,0.000000
9762,9762000,-1.000000,0.130000,0.000000
9768,9768000,-1.000000,0.130000,0.000000
9774,9774000,-1.000000,0.130000,0.000000
9780,9780000,-1.000000,0.130000,0.000000
9786,9786000,-1.000000,0.130000,0.000000
9792,9792000,-1.000000,0.130000,0.000000
9798,9798000,-1.000000,0.130000,0.000000
9804,9804000,-1.000000,0.130000,0.000000
9810,9810000,-1.000000,0.130000,0.000000
9816,9816000,-1.000000,0.130000,0.000000
9822,9822000,-1.000000,0.130000,0.000000
9828,9828000,-1.000000,0.130000,0.000000
9834,9834000,-1.000000,0.130000,0.000000
9840,9840000,-1.000000,0.130000,0.000000
9846,9846000,-1.000000,0.130000,0.000000
9852,9852000,-1.000000,0.130000,0.000000
9858,9858000,-1.000000,0.130000,0.000000
9864,9864000,-1.000000,0.130000,0.000000
9870,9870000,-1.000000,0.130000,0.000000
9876,9876000,-1.000000,0.130000,0.000000
9882,9882000,-1.000000,0.130000,0.000000
9888,9888000,-1.000000,0.130000,0.000000
9894,9894000,-1.000000,0.130000,0.000000
9900,9900000,-1.000000,0.130000,0.000000
9906,9906000,-1.000000,0.130000,0.000000
9912,9912000,-1.000000,0.130000,0.000000
9918,9918000,-1.000000,0.130000,0.000000
9924,9924000,-1.000000,0.130000,0.000000
9930,9930000,-1.000000,0.130000,0.000000
9936,9936000,-1.000000,0.130000,0.000000
9942,9942000,-1.000000,0.130000,0.000000
9948,9948000,-1.000000,0.130000,0.000000
9954,9954000,-1.000000,0.130000,0.000000
9960,9960000,-1.000000,0.130000,0.000000
9966,9966000,-1.000000,0.130000,0.000000
9972,9972000,-1.000000,0.130000,0.000000
9978,9978000,-1.000000,0.130000,0.000000
9984,9984000,-1.000000,0.130000,0.000000
9990,9990000,-1.000000,0.130000,0.000000
9996,9996000,-1.000000,0.130000,0.000000
10002,10002000,-1.000000,0.130000,0.000000
10008,10008000,-1.000000,0.130000,0.000000
10014,10014000,-1.000000,0.130000,0.000000
10020,10020000,-1.000000,0.130000,0.000000
10026,10026000,-1.000000,0.130000,0.000000
10032,10032000,-1.000000,0.130000,0.000000
10038,10038000,-1.000000,0.130000,0.000000
10044,10044000,-1.000000,0.130000,0.000000
10050,10050000,-1.000000,0.130000,0.000000
10056,10056000,-1.000000,0.130000,0.000000
10062,10062000,-1.000000,0.130000,0.000000
10068,10068000,-1.000000,0.130000,0.000000
10074,10074000,-1.000000,0.130000,0.000000
10080,10080000,-1.000000,0.130000,0.000000
10086,10086000,-1.000000,0.130000,0.000000
10092,10092000,-1.000000,0.130000,0.000000
10098,10098000,-1.000000,0.130000,0.000000
10104,10104000,-1.000000,0.130000,0.000000
10110,10110000,-1.000000,0.130000,0.000000
10116,10116000,-1.000000,0.130000,0.000000
10122,10122000,-1.000000,0.130000,0.000000
10128,10128000,-1.000000,0.130000,0.000000
10134,10134000,-1.000000,0.130000,0.000000
10140,10140000,-1.000000,0.130000,0.000000
10146,10146000,-1.000000,0.130000,0.000000
10152,10152000,-1.000000,0.130000,0.000000
10158,10158000,-1.000000,0.130000,0.000000
10164,10164000,-1.000000,0.130000,0.000000
10170,10170000,-1.000000,0.130000,0.000000
10176,10176000,-1.000000,0.130000,0.000000
10182,10182000,-1.000000,0.130000,0.000000
10188,10188000,-1.000000,0.130000,0.000000
10194,10194000,-1.000000,0.130000,0.000000
10200,10200000,-1.000000,0.130000,0.000000
10206,10206000,-1.000000,0.130000,0.000000
10212,10212000,-1.000000,0.130000,0.000000
10218,10218000,-1.000000,0.130000,0.000000
10224,10224000,-1.000000,0.130000,0.000000
10230,10230000,-1.000000,0.130000,0.000000
10236,10236000,-1.000000,0.130000,0.000000
10242,10242000,-1.000000,0.130000,0.000000
10248,10248000,-1.000000,0.130000,0.000000
10254,10254000,-1.000000,0.130000,0.000000
10260,10260000,-1.000000,0.130000,0.000000
10266,10266000,-1.000000,0.130000,0.000000
10272,10272000,-1.000000,0.130000,0.000000
10278,10278000,-1.000000,0.130000,0.000000
10284,10284000,-1.000000,0.130000,0.000000
10290,10290000,-1.000000,0.130000,0.000000
10296,10296000,-1.000000,0.130000,0.000000
10302,10302000,-1.000000,0.130000,0.000000
10308,10308000,-1.000000,0.130000,0.000000
10314,10314000,-1.000000,0.130000,0.000000
10320,10320000,-1.000000,0.130000,0.000000
10326,10326000,-1.000000,0.130000,0.000000
10332,10332000,-1.000000,0.130000,0.000000
10338,10338000,-1.000000,0.130000,0.000000
10344,10344000,-1.000000,0.130000,0.000000
10350,10350000,-1.000000,0.130000,0.000000
10356,10356000,-1.000000,0.130000,0.000000
10362,10362000,-1.000000,0.130000,0.000000
10368,10368000,-1.000000,0.130000,0.000000
10374,10374000,-1.000000,0.130000,0.000000
10380,10380000,-1.000000,0.130000,0.000000
10386,10386000,-1.000000,0.130000,0.000000
10392,10392000,-1.000000,0.130000,0.000000
10398,10398000,-1.000000,0.130000,0.000000
10404,10404000,-1.000000,0.130000,0.000000
10410,10410000,-1.000000,0.130000,0.000000
10416,10416000,-1.000000,0.130000,0.000000
10422,10422000,-1.000000,0.130000,0.000000
10428,10428000,-1.000000,0.130000,0.000000
10434,10434000,-1.000000,0.130000,0.000000
10440,10440000,-1.000000,0.130000,0.000000
10446,10446000,-1.000000,0.130000,0.000000
10452,10452000,-1.000000,0.130000,0.000000
10458,10458000,-1.000000,0.130000,0.000000
10464,10464000,-1.000000,0.130000,0.000000
10470,10470000,-1.000000,0.130000,0.000000
10476,10476000,-1.000000,0.130000,0.000000
10482,10482000,-1.000000,0.130000,0.000000
10488,10488000,-1.000000,0.130000,0.000000
10494,10494000,-1.000000,0.130000,0.000000
10500,10500000,-1.000000,0.130000,0.000000
10506,10506000,-1.000000,0.130000,0.000000
10512,10512000,-1.000000,0.130000,0.000000
10518,10518000,-1.000000,0.130000,0.000000
10524,10524000,-1.000000,0.130000,0.000000
10530,10530000,-1.000000,0.130000,0.000000
10536,10536000,-1.000000,0.130000,0.000000
10542,10542000,-1.000000,0.130000,0.000000
10548,10548000,-1.000000,0.130000,0.000000
10554,10554000,-1.000000,0.130000,0.000000
10560,10560000,-1.000000,0.130000,0.000000
10566,10566000,-1.000000,0.130000,0.000000
10572,10572000,-1.000000,0.130000,0.000000
10578,10578000,-1.000000,0.130000,0.000000
10584,10584000,-1.000000,0.130000,0.000000
10590,10590000,-1.000000,0.130000,0.000000
10596,10596000,-1.000000,0.130000,0.000000
10602,10602000,-1.000000,0.130000,0.000000
10608,10608000,-1.000000,0.130000,0.000000
10614,10614000,-1.000000,0.130000,0.000000
10620,10620000,-1.000000,0.130000,0.000000
10626,10626000,-1.000000,0.130000,0.000000
10632,10632000,-1.000000,0.130000,0.000000
10638,10638000,-1.000000,0.130000,0.000000
10644,10644000,-1.000000,0.130000,0.000000
10650,10650000,-1.000000,0.130000,0.000000
10656,10656000,-1.000000,0.130000,0.000000
10662,10662000,-1.000000,0.130000,0.000000
10668,10668000,-1.000000,0.130000,0.000000
10674,10674000,-1.000000,0.130000,0.000000
10680,10680000,-1.000000,0.130000,0.000000
10686,10686000,-1.000000,0.130000,0.000000
10692,10692000,-1.000000,0.130000,0.000000
10698,10698000,-1.000000,0.130000,0.000000
10704,10704000,-1.000000,0.130000,0.000000
10710,10710000,-1.000000,0.130000,0.000000
10716,10716000,-1.000000,0.130000,0.000000
10722,10722000,-1.000000,0.130000,0.000000
10728,10728000,-1.000000,0.130000,0.000000
10734,10734000,-1.000000,0.130000,0.000000
10740,10740000,-1.000000,0.130000,0.000000
10746,10746000,-1.000000,0.130000,0.000000
10752,10752000,-1.000000,0.130000,0.000000
10758,10758000,-1.000000,0.130000,0.000000
10764,10764000,-1.000000,0.130000,0.000000
10770,10770000,-1.000000,0.130000,0.000000
10776,10776000,-1.000000,0.130000,0.000000
10782,10782000,-1.000000,0.130000,0.000000
10788,10788000,-1.000000,0.130000,0.000000
10794,10794000,-1.000000,0.130000,0.000000
10800,10800000,-1.000000,0.130000,0.000000
10806,10806000,-1.000000,0.130000,0.000000
10812,10812000,-1.000000,0.130000,0.000000
10818,10818000,-1.000000,0.130000,0.000000
10824,10824000,-1.000000,0.130000,0.000000
10830,10830000,-1.000000,0.130000,0.000000
10836,10836000,-1.000000,0.130000,0.000000
10842,10842000,-1.000000,0.130000,0.000000
10848,10848000,-1.000000,0.130000,0.000000
10854,10854000,-1.000000,0.130000,0.000000
10860,10860000,-1.000000,0.130000,0.000000
10866,10866000,-1.000000,0.130000,0.000000
10872,10872000,-1.000000,0.130000,0.000000
10878,10878000,-1.000000,0.130000,0.000000
10884,10884000,-1.000000,0.130000,0.000000
10890,10890000,-1.000000,0.130000,0.000000
10896,10896000,-1.000000,0.130000,0.000000
10902,10902000,-1.000000,0.130000,0.000000
10908,10908000,-1.000000,0.130000,0.000000
10914,10914000,-1.000000,0.130000,0.000000
10920,10920000,-1.000000,0.130000,0.000000
10926,10926000,-1.000000,0.130000,0.000000
10932,10932000,-1.000000,0.130000,0.000000
10938,10938000,-1.000000,0.130000,0.000000
10944,10944000,-1.000000,0.130000,0.000000
10950,10950000,-1.000000,0.130000,0.000000
10956,10956000,-1.000000,0.130000,0.000000
10962,10962000,-1.000000,0.130000,0.000000
10968,10968000,-1.000000,0.130000,0.000000
10974,10974000,-1.000000,0.130000,0.000000
10980,10980000,-1.000000,0.130000,0.000000
10986,10986000,-1.000000,0.130000,0.000000
10992,10992000,-1.000000,0.130000,0.000000
10998,10998000,-1.000000,0.130000,0.000000
11004,11004000,-1.000000,0.130000,0.000000
11010,11010000,-1.000000,0.130000,0.000000
11016,11016000,-1.000000,0.130000,0.000000
11022,11022000,-1.000000,0.130000,0.000000
11028,11028000,-1.000000,0.130000,0.000000
11034,11034000,-1.000000,0.130000,0.000000
11040,11040000,-1.000000,0.130000,0.000000
11046,11046000,-1.000000,0.130000,0.000000
11052,11052000,-1.000000,0.130000,0.000000
11058,11058000,-1.000000,0.130000,0.000000
11064,11064000,-1.000000,0.130000,0.000000
11070,11070000,-1.000000,0.130000,0.000000
11076,11076000,-1.000000,0.130000,0.000000
11082,11082000,-1.000000,0.130000,0.000000
11088,11088000,-1.000000,0.130000,0.000000
11094,11094000,-1.000000,0.130000,0.000000
11100,11100000,-1.000000,0.130000,0.000000
11106,11106000,-1.000000,0.130000,0.000000
11112,11112000,-1.000000,0.130000,0.000000
11118,11118000,-1.000000,0.130000,0.000000
11124,11124000,-1.000000,0.130000,0.000000
11130,11130000,-1.000000,0.130000,0.000000
11136,11136000,-1.000000,0.130000,0.000000
11142,11142000,-1.000000,0.130000,0.000000
11148,11148000,-1.000000,0.130000,0.000000
11154,11154000,-1.000000,0.130000,0.000000
11160,11160000,-1.000000,0.130000,0.000000
11166,11166000,-1.000000,0.130000,0.000000
11172,11172000,-1.000000,0.130000,0.000000
11178,11178000,-1.000000,0.130000,0.000000
11184,11184000,-1.000000,0.130000,0.000000
11190,11190000,-1.000000,0.130000,0.000000
11196,11196000,-1.000000,0.130000,0.000000
11202,11202000,-1.000000,0.130000,0.000000
11208,11208000,-1.000000,0.130000,0.000000
11214,11214000,-1.000000,0.130000,0.000000
11220,11220000,-1.000000,0.130000,0.000000
11226,11226000,-1.000000,0.130000,0.000000
11232,11232000,-1.000000,0.130000,0.000000
11238,11238000,-1.000000,0.130000,0.000000
11244,11244000,-1.000000,0.130000,0.000000
11250,11250000,-1.000000,0.130000,0.000000
11256,11256000,-1.000000,0.130000,0.000000
11262,11262000,-1.000000,0.130000,0.000000
11268,11268000,-1.000000,0.130000,0.000000
11274,11274000,-1.000000,0.130000,0.000000
11280,11280000,-1.000000,0.130000,0.000000
11286,11286000,-1.000000,0.130000,0.000000
11292,11292000,-1.000000,0.130000,0.000000
11298,11298000,-1.000000,0.130000,0.000000
11304,11304000,-1.000000,0.130000,0.000000
11310,11310000,-1.000000,0.130000,0.000000
11316,11316000,-1.000000,0.130000,0.000000
11322,11322000,-1.000000,0.130000,0.000000
11328,11328000,-1.000000,0.130000,0.000000
11334,11334000,-1.000000,0.130000,0.000000
11340,11340000,-1.000000,0.130000,0.000000
11346,11346000,-1.000000,0.130000,0.000000
11352,11352000,-1.000000,0.130000,0.000000
11358,11358000,-1.000000,0.130000,0.000000
11364,11364000,-1.000000,0.130000,0.000000
11370,11370000,-1.000000,0.130000,0.000000
11376,11376000,-1.000000,0.130000,0.000000
11382,11382000,-1.000000,0.130000,0.000000
11388,11388000,-1.000000,0.130000,0.000000
11394,11394000,-1.000000,0.130000,0.000000
11400,11400000,-1.000000,0.130000,0.000000
11406,11406000,-1.000000,0.130000,0.000000
11412,11412000,-1.000000,0.130000,0.000000
11418,11418000,-1.000000,0.130000,0.000000
11424,11424000,-1.000000,0.130000,0.000000
11430,11430000,-1.000000,0.130000,0.000000
11436,11436000,-1.000000,0.130000,0.000000
11442,11442000,-1.000000,0.130000,0.000000
11448,11448000,-1.000000,0.130000,0.000000
11454,11454000,-1.000000,0.130000,0.000000
11460,11460000,-1.000000,0.130000,0.000000
11466,11466000,-1.000000,0.130000,0.000000
11472,11472000,-1.000000,0.130000,0.000000
11478,11478000,-1.000000,0.130000,0.000000
11484,11484000,-1.000000,0.130000,0.000000
11490,11490000,-1.000000,0.130000,0.000000
11496,11496000,-1.000000,0.130000,0.000000
11502,11502000,-1.000000,0.130000,0.000000
11508,11508000,-1.000000,0.130000,0.000000
11514,11514000,-1.000000,0.130000,0.000000
11520,11520000,-1.000000,0.130000,0.000000
11526,11526000,-1.000000,0.130000,0.000000
11532,11532000,-1.000000,0.130000,0.000000
11538,11538000,-1.000000,0.130000,0.000000
11544,11544000,-1.000000,0.130000,0.000000
11550,11550000,-1.000000,0.130000,0.000000
11556,11556000,-1.000000,0.130000,0.000000
11562,11562000,-1.000000,0.130000,0.000000
11568,11568000,-1.000000,0.130000,0.000000
11574,11574000,-1.000000,0.130000,0.000000
11580,11580000,-1.000000,0.130000,0.000000
11586,11586000,-1.000000,0.130000,0.000000
11592,11592000,-1.000000,0.130000,0.000000
11598,11598000,-1.000000,0.130000,0.000000
11604,11604000,-1.000000,0.130000,0.000000
11610,11610000,-1.000000,0.130000,0.000000
11616,11616000,-1.000000,0.130000,0.000000
11622,11622000,-1.000000,0.130000,0.000000
11628,11628000,-1.000000,0.130000,0.000000
11634,11634000,-1.000000,0.130000,0.000000
11640,11640000,-1.000000,0.130000,0.000000
11646,11646000,-1.000000,0.130000,0.000000
11652,11652000,-1.000000,0.130000,0.000000
11658,11658000,-1.000000,0.130000,0.000000
11664,11664000,-1.000000,0.130000,0.000000
11670,11670000,-1.000000,0.130000,0.000000
11676,11676000,-1.000000,0.130000,0.000000
11682,11682000,-1.000000,0.130000,0.000000
11688,11688000,-1.000000,0.130000,0.000000
11694,11694000,-1.000000,0.130000,0.000000
11700,11700000,-1.000000,0.130000,0.000000
11706,11706000,-1.000000,0.130000,0.000000
11712,11712000,-1.000000,0.130000,0.000000
11718,11718000,-1.000000,0.130000,0.000000
11724,11724000,-1.000000,0.130000,0.000000
11730,11730000,-1.000000,0.130000,0.000000
11736,11736000,-1.000000,0.130000,0.000000
11742,11742000,-1.000000,0.130000,0.000000
11748,11748000,-1.000000,0.130000,0.000000
11754,11754000,-1.000000,0.130000,0.000000
11760,11760000,-1.000000,0.130000,0.000000
11766,11766000,-1.000000,0.130000,0.000000
11772,11772000,-1.000000,0.130000,0.000000
11778,11778000,-1.000000,0.130000,0.000000
11784,11784000,-1.000000,0.130000,0.000000
11790,11790000,-1.000000,0.130000,0.000000
11796,11796000,-1.000000,0.130000,0.000000
11802,11802000,-1.000000,0.130000,0.000000
11808,11808000,-1.000000,0.130000,0.000000
11814,11814000,-1.000000,0.130000,0.000000
11820,11820000,-1.000000,0.130000,0.000000
11826,11826000,-1.000000,0.130000,0.000000
11832,11832000,-1.000000,0.130000,0.000000
11838,11838000,-1.000000,0.130000,0.000000
11844,11844000,-1.000000,0.130000,0.000000
11850,11850000,-1.000000,0.130000,0.000000
11856,11856000,-1.000000,0.130000,0.000000
11862,11862000,-1.000000,0.130000,0.000000
11868,11868000,-1.000000,0.130000,0.000000
11874,11874000,-1.000000,0.130000,0.000000
11880,11880000,-1.000000,0.130000,0.000000
11886,11886000,-1.000000,0.130000,0.000000
11892,11892000,-1.000000,0.130000,0.000000
11898,11898000,-1.000000,0.130000,0.000000
11904,11904000,-1.000000,0.130000,0.000000
11910,11910000,-1.000000,0.130000,0.000000
11916,11916000,-1.000000,0.130000,0.000000
11922,11922000,-1.000000,0.130000,0.000000
11928,11928000,-1.000000,0.130000,0.000000
11934,11934000,-1.000000,0.130000,0.000000
11940,11940000,-1.000000,0.130000,0.000000
11946,11946000,-1.000000,0.130000,0.000000
11952,11952000,-1.000000,0.130000,0.000000
11958,11958000,-1.000000,0.130000,0.000000
11964,11964000,-1.000000,0.130000,0.000000
11970,11970000,-1.000000,0.130000,0.000000
11976,11976000,-1.000000,0.130000,0.000000
11982,11982000,-1.000000,0.130000,0.000000
11988,11988000,-1.000000,0.130000,0.000000
11994,11994000,-1.000000,0.130000,0.000000
12000,12000000,-1.000000,0.130000,0.000000
12006,12006000,-1.000000,0.130000,0.000000
12012,12012000,-1.000000,0.130000,0.000000
12018,12018000,-1.000000,0.130000,0.000000
12024,12024000,-1.000000,0.130000,0.000000
12030,12030000,-1.000000,0.130000,0.000000
12036,12036000,-1.000000,0.130000,0.000000
12042,12042000,-1.000000,0.130000,0.000000
12048,12048000,-1.000000,0.130000,0.000000
12054,12054000,-1.000000,0.130000,0.000000
12060,12060000,-1.000000,0.130000,0.000000
12066,12066000,-1.000000,0.130000,0.000000
12072,12072000,-1.000000,0.130000,0.000000
12078,12078000,-1.000000,0.130000,0.000000
12084,12084000,-1.000000,0.130000,0.000000
12090,12090000,-1.000000,0.130000,0.000000
12096,12096000,-1.000000,0.130000,0.000000
12102,12102000,-1.000000,0.130000,0.000000
12108,12108000,-1.000000,0.130000,0.000000
12114,12114000,-1.000000,0.130000,0.000000
12120,12120000,-1.000000,0.130000,0.000000
12126,12126000,-1.000000,0.130000,0.000000
12132,12132000,-1.000000,0.130000,0.000000
12138,12138000,-1.000000,0.130000,0.000000
12144,12144000,-1.000000,0.130000,0.000000
12150,12150000,-1.000000,0.130000,0.000000
12156,12156000,-1.000000,0.130000,0.000000
12162,12162000,-1.000000,0.130000,0.000000
12168,12168000,-1.000000,0.130000,0.000000
12174,12174000,-1.000000,0.130000,0.000000
12180,12180000,-1.000000,0.130000,0.000000
12186,12186000,-1.000000,0.130000,0.000000
12192,12192000,-1.000000,0.130000,0.000000
12198,12198000,-1.000000,0.130000,0.000000
12204,12204000,-1.000000,0.130000,0.000000
12210,12210000,-1.000000,0.130000,0.000000
12216,12216000,-1.000000,0.130000,0.000000
12222,12222000,-1.000000,0.130000,0.000000
12228,12228000,-1.000000,0.130000,0.000000
12234,12234000,-1.000000,0.130000,0.000000
12240,12240000,-1.000000,0.130000,0.000000
12246,12246000,-1.000000,0.130000,0.000000
12252,12252000,-1.000000,0.130000,0.000000
12258,12258000,-1.000000,0.130000,0.000000
12264,12264000,-1.000000,0.130000,0.000000
12270,12270000,-1.000000,0.130000,0.000000
12276,12276000,-1.000000,0.130000,0.000000
12282,12282000,-1.000000,0.130000,0.000000
12288,12288000,-1.000000,0.130000,0.000000
12294,12294000,-1.000000,0.130000,0.000000
12300,12300000,-1.000000,0.130000,0.000000
12306,12306000,-1.000000,0.130000,0.000000
12312,12312000,-1.000000,0.130000,0.000000
12318,12318000,-1.000000,0.130000,0.000000
12324,12324000,-1.000000,0.130000,0.000000
12330,12330000,-1.000000,0.130000,0.000000
12336,12336000,-1.000000,0.130000,0.000000
12342,12342000,-1.000000,0.130000,0.000000
12348,12348000,-1.000000,0.130000,0.000000
12354,12354000,-1.000000,0.130000,0.000000
12360,12360000,-1.000000,0.130000,0.000000
12366,12366000,-1.000000,0.130000,0.000000
12372,12372000,-1.000000,0.130000,0.000000
12378,12378000,-1.000000,0.130000,0.000000
12384,12384000,-1.000000,0.130000,0.000000
12390,12390000,-1.000000,0.130000,0.000000
12396,12396000,-1.000000,0.130000,0.000000
12402,12402000,-1.000000,0.130000,0.000000
12408,12408000,-1.000000,0.130000,0.000000
12414,12414000,-1.000000,0.130000,0.000000
12420,12420000,-1.000000,0.130000,0.000000
12426,12426000,-1.000000,0.130000,0.000000
12432,12432000,-1.000000,0.130000,0.000000
12438,12438000,-1.000000,0.130000,0.000000
12444,12444000,-1.000000,0.130000,0.000000
12450,12450000,-1.000000,0.130000,0.000000
12456,12456000,-1.000000,0.130000,0.000000
12462,12462000,-1.000000,0.130000,0.000000
12468,12468000,-1.000000,0.130000,0.000000
12474,12474000,-1.000000,0.130000,0.000000
12480,12480000,-1.000000,0.130000,0.000000
12486,12486000,-1.000000,0.130000,0.000000
12492,12492000,-1.000000,0.130000,0.000000
12498,12498000,-1.000000,0.130000,0.000000
12504,12504000,-1.000000,0.130000,0.000000
12510,12510000,-1.000000,0.130000,0.000000
12516,12516000,-1.000000,0.130000,0.000000
12522,12522000,-1.000000,0.130000,0.000000
12528,12528000,-1.000000,0.130000,0.000000
12534,12534000,-1.000000,0.130000,0.000000
12540,12540000,-1.000000,0.130000,0.000000
12546,12546000,-1.000000,0.130000,0.000000
12552,12552000,-1.000000,0.130000,0.000000
12558,12558000,-1.000000,0.130000,0.000000
12564,12564000,-1.000000,0.130000,0.000000
12570,12570000,-1.000000,0.130000,0.000000
12576,12576000,-1.000000,0.130000,0.000000
12582,12582000,-1.000000,0.130000,0.000000
12588,12588000,-1.000000,0.130000,0.000000
12594,12594000,-1.000000,0.130000,0.000000
12600,12600000,-1.000000,0.130000,0.000000
12606,12606000,-1.000000,0.130000,0.000000
12612,12612000,-1.000000,0.130000,0.000000
12618,12618000,-1.000000,0.130000,0.000000
12624,12624000,-1.000000,0.130000,0.000000
12630,12630000,-1.000000,0.130000,0.000000
12636,12636000,-1.000000,0.130000,0.000000
12642,12642000,-1.000000,0.130000,0.000000
12648,12648000,-1.000000,0.130000,0.000000
12654,12654000,-1.000000,0.130000,0.000000
12660,12660000,-1.000000,0.130000,0.000000
12666,12666000,-1.000000,0.130000,0.000000
12672,12672000,-1.000000,0.130000,0.000000
12678,12678000,-1.000000,0.130000,0.000000
12684,12684000,-1.000000,0.130000,0.000000
12690,12690000,-1.000000,0.130000,0.000000
12696,12696000,-1.000000,0.130000,0.000000
12702,12702000,-1.000000,0.130000,0.000000
12708,12708000,-1.000000,0.130000,0.000000
12714,12714000,-1.000000,0.130000,0.000000
12720,12720000,-1.000000,0.130000,0.000000
12726,12726000,-1.000000,0.130000,0.000000
12732,12732000,-1.000000,0.130000,0.000000
12738,12738000,-1.000000,0.130000,0.000000
12744,12744000,-1.000000,0.130000,0.000000
12750,12750000,-1.000000,0.130000,0.000000
12756,12756000,-1.000000,0.130000,0.000000
12762,12762000,-1.000000,0.130000,0.000000
12768,12768000,-1.000000,0.130000,0.000000
12774,12774000,-1.000000,0.130000,0.000000
12780,12780000,-1.000000,0.130000,0.000000
12786,12786000,-1.000000,0.130000,0.000000
12792,12792000,-1.000000,0.130000,0.000000
12798,12798000,-1.000000,0.130000,0.000000
12804,12804000,-1.000000,0.130000,0.000000
12810,12810000,-1.000000,0.130000,0.000000
12816,12816000,-1.000000,0.130000,0.000000
12822,12822000,-1.000000,0.130000,0.000000
12828,12828000,-1.000000,0.130000,0.000000
12834,12834000,-1.000000,0.130000,0.000000
12840,12840000,-1.000000,0.130000,0.000000
12846,12846000,-1.000000,0.130000,0.000000
12852,12852000,-1.000000,0.130000,0.000000
12858,12858000,-1.000000,0.130000,0.000000
12864,12864000,-1.000000,0.130000,0.000000
12870,12870000,-1.000000,0.130000,0.000000
12876,12876000,-1.000000,0.130000,0.000000
12882,12882000,-1.000000,0.130000,0.000000
12888,12888000,-1.000000,0.130000,0.000000
12894,12894000,-1.000000,0.130000,0.000000
12900,12900000,-1.000000,0.130000,0.000000
12906,12906000,-1.000000,0.130000,0.000000
12912,12912000,-1.000000,0.130000,0.000000
12918,12918000,-1.000000,0.130000,0.000000
12924,12924000,-1.000000,0.130000,0.000000
12930,12930000,-1.000000,0.130000,0.000000
12936,12936000,-1.000000,0.130000,0.000000
12942,12942000,-1.000000,0.130000,0.000000
12948,12948000,-1.000000,0.130000,0.000000
12954,12954000,-1.000000,0.130000,0.000000
12960,12960000,-1.000000,0.130000,0.000000
12966,12966000,-1.000000,0.130000,0.000000
12972,12972000,-1.000000,0.130000,0.000000
12978,12978000,-1.000000,0.130000,0.000000
12984,12984000,-1.000000,0.130000,0.000000
12990,12990000,-1.000000,0.130000,0.000000
12996,12996000,-1.000000,0.130000,0.000000
13002,13002000,-1.000000,0.130000,0.000000
13008,13008000,-1.000000,0.130000,0.000000
13014,13014000,-1.000000,0.130000,0.000000
13020,13020000,-1.000000,0.130000,0.000000
13026,13026000,-1.000000,0.130000,0.000000
13032,13032000,-1.000000,0.130000,0.000000
13038,13038000,-1.000000,0.130000,0.000000
13044,13044000,-1.000000,0.130000,0.000000
13050,13050000,-1.000000,0.130000,0.000000
13056,13056000,-1.000000,0.130000,0.000000
13062,13062000,-1.000000,0.130000,0.000000
13068,13068000,-1.000000,0.130000,0.000000
13074,13074000,-1.000000,0.130000,0.000000
13080,13080000,-1.000000,0.130000,0.000000
13086,13086000,-1.000000,0.130000,0.000000
13092,13092000,-1.000000,0.130000,0.000000
13098,13098000,-1.000000,0.130000,0.000000
13104,13104000,-1.000000,0.130000,0.000000
13110,13110000,-1.000000,0.130000,0.000000
13116,13116000,-1.000000,0.130000,0.000000
13122,13122000,-1.000000,0.130000,0.000000
13128,13128000,-1.000000,0.130000,0.000000
13134,13134000,-1.000000,0.130000,0.000000
13140,13140000,-1.000000,0.130000,0.000000
13146,13146000,-1.000000,0.130000,0.000000
13152,13152000,-1.000000,0.130000,0.000000
13158,13158000,-1.000000,0.130000,0.000000
13164,13164000,-1.000000,0.130000,0.000000
13170,13170000,-1.000000,0.130000,0.000000
13176,13176000,-1.000000,0.130000,0.000000
13182,13182000,-1.000000,0.130000,0.000000
13188,13188000,-1.000000,0.130000,0.000000
13194,13194000,-1.000000,0.130000,0.000000
13200,13200000,-1.000000,0.130000,0.000000
13206,13206000,-1.000000,0.130000,0.000000
13212,13212000,-1.000000,0.130000,0.000000
13218,13218000,-1.000000,0.130000,0.000000
13224,13224000,-1.000000,0.130000,0.000000
13230,13230000,-1.000000,0.130000,0.000000
13236,13236000,-1.000000,0.130000,0.000000
13242,13242000,-1.000000,0.130000,0.000000
13248,13248000,-1.000000,0.130000,0.000000
13254,13254000,-1.000000,0.130000,0.000000
13260,13260000,-1.000000,0.130000,0.000000
13266,13266000,-1.000000,0.130000,0.000000
13272,13272000,-1.000000,0.130000,0.000000
13278,13278000,-1.000000,0.130000,0.000000
13284,13284000,-1.000000,0.130000,0.000000
13290,13290000,-1.000000,0.130000,0.000000
13296,13296000,-1.000000,0.130000,0.000000
13302,13302000,-1.000000,0.130000,0.000000
13308,13308000,-1.000000,0.130000,0.000000
13314,13314000,-1.000000,0.130000,0.000000
13320,13320000,-1.000000,0.130000,0.000000
13326,13326000,-1.000000,0.130000,0.000000
13332,13332000,-1.000000,0.130000,0.000000
13338,13338000,-1.000000,0.130000,0.000000
13344,13344000,-1.000000,0.130000,0.000000
13350,13350000,-1.000000,0.130000,0.000000
13356,13356000,-1.000000,0.130000,0.000000
13362,13362000,-1.000000,0.130000,0.000000
13368,13368000,-1.000000,0.130000,0.000000
13374,13374000,-1.000000,0.130000,0.000000
13380,13380000,-1.000000,0.130000,0.000000
13386,13386000,-1.000000,0.130000,0.000000
13392,13392000,-1.000000,0.130000,0.000000
13398,13398000,-1.000000,0.130000,0.000000
13404,13404000,-1.000000,0.130000,0.000000
13410,13410000,-1.000000,0.130000,0.000000
13416,13416000,-1.000000,0.130000,0.000000
13422,13422000,-1.000000,0.130000,0.000000
13428,13428000,-1.000000,0.130000,0.000000
13434,13434000,-1.000000,0.130000,0.000000
13440,13440000,-1.000000,0.130000,0.000000
13446,13446000,-1.000000,0.130000,0.000000
13452,13452000,-1.000000,0.130000,0.000000
13458,13458000,-1.000000,0.130000,0.000000
13464,13464000,-1.000000,0.130000,0.000000
13470,13470000,-1.000000,0.130000,0.000000
13476,13476000,-1.000000,0.130000,0.000000
13482,13482000,-1.000000,0.130000,0.000000
13488,13488000,-1.000000,0.130000,0.000000
13494,13494000,-1.000000,0.130000,0.000000
13500,13500000,-1.000000,0.130000,0.000000
13506,13506000,-1.000000,0.130000,0.000000
13512,13512000,-1.000000,0.130000,0.000000
13518,13518000,-1.000000,0.130000,0.000000
13524,13524000,-1.000000,0.130000,0.000000
13530,13530000,-1.000000,0.130000,0.000000
13536,13536000,-1.000000,0.130000,0.000000
13542,13542000,-1.000000,0.130000,0.000000
13548,13548000,-1.000000,0.130000,0.000000
13554,13554000,-1.000000,0.130000,0.000000
13560,13560000,-1.000000,0.130000,0.000000
13566,13566000,-1.000000,0.130000,0.000000
13572,13572000,-1.000000,0.130000,0.000000
13578,13578000,-1.000000,0.130000,0.000000
13584,13584000,-1.000000,0.130000,0.000000
13590,13590000,-1.000000,0.130000,0.000000
13596,13596000,-1.000000,0.130000,0.000000
13602,13602000,-1.000000,0.130000,0.000000
13608,13608000,-1.000000,0.130000,0.000000
13614,13614000,-1.000000,0.130000,0.000000
13620,13620000,-1.000000,0.130000,0.000000
13626,13626000,-1.000000,0.130000,0.000000
13632,13632000,-1.000000,0.130000,0.000000
13638,13638000,-1.000000,0.130000,0.000000
13644,13644000,-1.000000,0.130000,0.000000
13650,13650000,-1.000000,0.130000,0.000000
13656,13656000,-1.000000,0.130000,0.000000
13662,13662000,-1.000000,0.130000,0.000000
13668,13668000,-1.000000,0.130000,0.000000
13674,13674000,-1.000000,0.130000,0.000000
13680,13680000,-1.000000,0.130000,0.000000
13686,13686000,-1.000000,0.130000,0.000000
13692,13692000,-1.000000,0.130000,0.000000
13698,13698000,-1.000000,0.130000,0.000000
13704,13704000,-1.000000,0.130000,0.000000
13710,13710000,-1.000000,0.130000,0.000000
13716,13716000,-1.000000,0.130000,0.000000
13722,13722000,-1.000000,0.130000,0.000000
13728,13728000,-1.000000,0.130000,0.000000
13734,13734000,-1.000000,0.130000,0.000000
13740,13740000,-1.000000,0.130000,0.000000
13746,13746000,-1.000000,0.130000,0.000000
13752,13752000,-1.000000,0.130000,0.000000
13758,13758000,-1.000000,0.130000,0.000000
13764,13764000,-1.000000,0.130000,0.000000
13770,13770000,-1.000000,0.130000,0.000000
13776,13776000,-1.000000,0.130000,0.000000
13782,13782000,-1.000000,0.130000,0.000000
13788,13788000,-1.000000,0.130000,0.000000
13794,13794000,-1.000000,0.130000,0.000000
13800,13800000,-1.000000,0.130000,0.000000
13806,13806000,-1.000000,0.130000,0.000000
13812,13812000,-1.000000,0.130000,0.000000
13818,13818000,-1.000000,0.130000,0.000000
13824,13824000,-1.000000,0.130000,0.000000
13830,13830000,-1.000000,0.130000,0.000000
13836,13836000,-1.000000,0.130000,0.000000
13842,13842000,-1.000000,0.130000,0.000000
13848,13848000,-1.000000,0.130000,0.000000
13854,13854000,-1.000000,0.130000,0.000000
13860,13860000,-1.000000,0.130000,0.000000
13866,13866000,-1.000000,0.130000,0.000000
13872,13872000,-1.000000,0.130000,0.000000
13878,13878000,-1.000000,0.130000,0.000000
13884,13884000,-1.000000,0.130000,0.000000
13890,13890000,-1.000000,0.130000,0.000000
13896,13896000,-1.000000,0.130000,0.000000
13902,13902000,-1.000000,0.130000,0.000000
13908,13908000,-1.000000,0.130000,0.000000
13914,13914000,-1.000000,0.130000,0.000000
13920,13920000,-1.000000,0.130000,0.000000
13926,13926000,-1.000000,0.130000,0.000000
13932,13932000,-1.000000,0.130000,0.000000
13938,13938000,-1.000000,0.130000,0.000000
13944,13944000,-1.000000,0.130000,0.000000
13950,13950000,-1.000000,0.130000,0.000000
13956,13956000,-1.000000,0.130000,0.000000
13962,13962000,-1.000000,0.130000,0.000000
13968,13968000,-1.000000,0.130000,0.000000
13974,13974000,-1.000000,0.130000,0.000000
13980,13980000,-1.000000,0.130000,0.000000
13986,13986000,-1.000000,0.130000,0.000000
13992,13992000,-1.000000,0.130000,0.000000
13998,13998000,-1.000000,0.130000,0.000000
14004,14004000,-1.000000,0.130000,0.000000
14010,14010000,-1.000000,0.130000,0.000000
14016,14016000,-1.000000,0.130000,0.000000
14022,14022000,-1.000000,0.130000,0.000000
14028,14028000,-1.000000,0.130000,0.000000
14034,14034000,-1.000000,0.130000,0.000000
14040,14040000,-1.000000,0.130000,0.000000
14046,14046000,-1.000000,0.130000,0.000000
14052,14052000,-1.000000,0.130000,0.000000
14058,14058000,-1.000000,0.130000,0.000000
14064,14064000,-1.000000,0.130000,0.000000
14070,14070000,-1.000000,0.130000,0.000000
14076,14076000,-1.000000,0.130000,0.000000
14082,14082000,-1.000000,0.130000,0.000000
14088,14088000,-1.000000,0.130000,0.000000
14094,14094000,-1.000000,0.130000,0.000000
14100,14100000,-1.000000,0.130000,0.000000
14106,14106000,-1.000000,0.130000,0.000000
14112,14112000,-1.000000,0.130000,0.000000
14118,14118000,-1.000000,0.130000,0.000000
14124,14124000,-1.000000,0.130000,0.000000
14130,14130000,-1.000000,0.130000,0.000000
14136,14136000,-1.000000,0.130000,0.000000
14142,14142000,-1.000000,0.130000,0.000000
14148,14148000,-1.000000,0.130000,0.000000
14154,14154000,-1.000000,0.130000,0.000000
14160,14160000,-1.000000,0.130000,0.000000
14166,14166000,-1.000000,0.130000,0.000000
14172,14172000,-1.000000,0.130000,0.000000
14178,14178000,-1.000000,0.130000,0.000000
14184,14184000,-1.000000,0.130000,0.000000
14190,14190000,-1.000000,0.130000,0.000000
14196,14196000,-1.000000,0.130000,0.000000
14202,14202000,-1.000000,0.130000,0.000000
14208,14208000,-1.000000,0.130000,0.000000
14214,14214000,-1.000000,0.130000,0.000000
14220,14220000,-1.000000,0.130000,0.000000
14226,14226000,-1.000000,0.130000,0.000000
14232,14232000,-1.000000,0.130000,0.000000
14238,14238000,-1.000000,0.130000,0.000000
14244,14244000,-1.000000,0.130000,0.000000
14250,14250000,-1.000000,0.130000,0.000000
14256,14256000,-1.000000,0.130000,0.000000
14262,14262000,-1.000000,0.130000,0.000000
14268,14268000,-1.000000,0.130000,0.000000
14274,14274000,-1.000000,0.130000,0.000000
14280,14280000,-1.000000,0.130000,0.000000
14286,14286000,-1.000000,0.130000,0.000000
14292,14292000,-1.000000,0.130000,0.000000
14298,14298000,-1.000000,0.130000,0.000000
14304,14304000,-1.000000,0.130000,0.000000
14310,14310000,-1.000000,0.130000,0.000000
14316,14316000,-1.000000,0.130000,0.000000
14322,14322000,-1.000000,0.130000,0.000000
14328,14328000,-1.000000,0.130000,0.000000
14334,14334000,-1.000000,0.130000,0.000000
14340,14340000,-1.000000,0.130000,0.000000
14346,14346000,-1.000000,0.130000,0.000000
14352,14352000,-1.000000,0.130000,0.000000
14358,14358000,-1.000000,0.130000,0.000000
14364,14364000,-1.000000,0.130000,0.000000
14370,14370000,-1.000000,0.130000,0.000000
14376,14376000,-1.000000,0.130000,0.000000
14382,14382000,-1.000000,0.130000,0.000000
14388,14388000,-1.000000,0.130000,0.000000
14394,14394000,-1.000000,0.130000,0.000000
14400,14400000,-1.000000,0.130000,0.000000
14406,14406000,-1.000000,0.130000,0.000000
14412,14412000,-1.000000,0.130000,0.000000
14418,14418000,-1.000000,0.130000,0.000000
14424,14424000,-1.000000,0.130000,0.000000
14430,14430000,-1.000000,0.130000,0.000000
14436,14436000,-1.000000,0.130000,0.000000
14442,14442000,-1.000000,0.130000,0.000000
14448,14448000,-1.000000,0.130000,0.000000
14454,14454000,-1.000000,0.130000,0.000000
14460,14460000,-1.000000,0.130000,0.000000
14466,14466000,-1.000000,0.130000,0.000000
14472,14472000,-1.000000,0.130000,0.000000
14478,14478000,-1.000000,0.130000,0.000000
14484,14484000,-1.000000,0.130000,0.000000
14490,14490000,-1.000000,0.130000,0.000000
14496,14496000,-1.000000,0.130000,0.000000
14502,14502000,-1.000000,0.130000,0.000000
14508,14508000,-1.000000,0.130000,0.000000
14514,14514000,-1.000000,0.130000,0.000000
14520,14520000,-1.000000,0.130000,0.000000
14526,14526000,-1.000000,0.130000,0.000000
14532,14532000,-1.000000,0.130000,0.000000
14538,14538000,-1.000000,0.130000,0.000000
14544,14544000,-1.000000,0.130000,0.000000
14550,14550000,-1.000000,0.130000,0.000000
14556,14556000,-1.000000,0.130000,0.000000
14562,14562000,-1.000000,0.130000,0.000000
14568,14568000,-1.000000,0.130000,0.000000
14574,14574000,-1.000000,0.130000,0.000000
14580,14580000,-1.000000,0.130000,0.000000
14586,14586000,-1.000000,0.130000,0.000000
14592,14592000,-1.000000,0.130000,0.000000
14598,14598000,-1.000000,0.130000,0.000000
14604,14604000,-1.000000,0.130000,0.000000
14610,14610000,-1.000000,0.130000,0.000000
14616,14616000,-1.000000,0.130000,0.000000
14622,14622000,-1.000000,0.130000,0.000000
14628,14628000,-1.000000,0.130000,0.000000
14634,14634000,-1.000000,0.130000,0.000000
14640,14640000,-1.000000,0.130000,0.000000
14646,14646000,-1.000000,0.130000,0.000000
14652,14652000,-1.000000,0.130000,0.000000
14658,14658000,-1.000000,0.130000,0.000000
14664,14664000,-1.000000,0.130000,0.000000
14670,14670000,-1.000000,0.130000,0.000000
14676,14676000,-1.000000,0.130000,0.000000
14682,14682000,-1.000000,0.130000,0.000000
14688,14688000,-1.000000,0.130000,0.000000
14694,14694000,-1.000000,0.130000,0.000000
14700,14700000,-1.000000,0.130000,0.000000
14706,14706000,-1.000000,0.130000,0.000000
14712,14712000,-1.000000,0.130000,0.000000
14718,14718000,-1.000000,0.130000,0.000000
14724,14724000,-1.000000,0.130000,0.000000
14730,14730000,-1.000000,0.130000,0.000000
14736,14736000,-1.000000,0.130000,0.000000
14742,14742000,-1.000000,0.130000,0.000000
14748,14748000,-1.000000,0.130000,0.000000
14754,14754000,-1.000000,0.130000,0.000000
14760,14760000,-1.000000,0.130000,0.000000
14766,14766000,-1.000000,0.130000,0.000000
14772,14772000,-1.000000,0.130000,0.000000
14778,14778000,-1.000000,0.130000,0.000000
14784,14784000,-1.000000,0.130000,0.000000
14790,14790000,-1.000000,0.130000,0.000000
14796,14796000,-1.000000,0.130000,0.000000
14802,14802000,-1.000000,0.130000,0.000000
14808,14808000,-1.000000,0.130000,0.000000
14814,14814000,-1.000000,0.130000,0.000000
14820,14820000,-1.000000,0.130000,0.000000
14826,14826000,-1.000000,0.130000,0.000000
14832,14832000,-1.000000,0.130000,0.000000
14838,14838000,-1.000000,0.130000,0.000000
14844,14844000,-1.000000,0.130000,0.000000
14850,14850000,-1.000000,0.130000,0.000000
14856,14856000,-1.000000,0.130000,0.000000
14862,14862000,-1.000000,0.130000,0.000000
14868,14868000,-1.000000,0.130000,0.000000
14874,14874000,-1.000000,0.130000,0.000000
14880,14880000,-1.000000,0.130000,0.000000
14886,14886000,-1.000000,0.130000,0.000000
14892,14892000,-1.000000,0.130000,0.000000
14898,14898000,-1.000000,0.130000,0.000000
14904,14904000,-1.000000,0.130000,0.000000
14910,14910000,-1.000000,0.130000,0.000000
14916,14916000,-1.000000,0.130000,0.000000
14922,14922000,-1.000000,0.130000,0.000000
14928,14928000,-1.000000,0.130000,0.000000
14934,14934000,-1.000000,0.130000,0.000000
14940,14940000,-1.000000,0.130000,0.000000
14946,14946000,-1.000000,0.130000,0.000000
14952,14952000,-1.000000,0.130000,0.000000
14958,14958000,-1.000000,0.130000,0.000000
14964,14964000,-1.000000,0.130000,0.000000
14970,14970000,-1.000000,0.130000,0.000000
14976,14976000,-1.000000,0.130000,0.000000
14982,14982000,-1.000000,0.130000,0.000000
14988,14988000,-1.000000,0.130000,0.000000
14994,14994000,-1.000000,0.130000,0.000000
15000,15000000,-1.000000,0.130000,0.000000
15006,15006000,-1.000000,0.130000,0.000000
15012,15012000,-1.000000,0.130000,0.000000
15018,15018000,-1.000000,0.130000,0.000000
15024,15024000,-1.000000,0.130000,0.000000
15030,15030000,-1.000000,0.130000,0.000000
15036,15036000,-1.000000,0.130000,0.000000
15042,15042000,-1.000000,0.130000,0.000000
15048,15048000,-1.000000,0.130000,0.000000
15054,15054000,-1.000000,0.130000,0.000000
15060,15060000,-1.000000,0.130000,0.000000
15066,15066000,-1.000000,0.130000,0.000000
15072,15072000,-1.000000,0.130000,0.000000
15078,15078000,-1.000000,0.130000,0.000000
15084,15084000,-1.000000,0.130000,0.000000
15090,15090000,-1.000000,0.130000,0.000000
15096,15096000,-1.000000,0.130000,0.000000
15102,15102000,-1.000000,0.130000,0.000000
15108,15108000,-1.000000,0.130000,0.000000
15114,15114000,-1.000000,0.130000,0.000000
15120,15120000,-1.000000,0.130000,0.000000
15126,15126000,-1.000000,0.130000,0.000000
15132,15132000,-1.000000,0.130000,0.000000
15138,15138000,-1.000000,0.130000,0.000000
15144,15144000,-1.000000,0.130000,0.000000
15150,15150000,-1.000000,0.130000,0.000000
15156,15156000,-1.000000,0.130000,0.000000
15162,15162000,-1.000000,0.130000,0.000000
15168,15168000,-1.000000,0.130000,0.000000
15174,15174000,-1.000000,0.130000,0.000000
15180,15180000,-1.000000,0.130000,0.000000
15186,15186000,-1.000000,0.130000,0.000000
15192,15192000,-1.000000,0.130000,0.000000
15198,15198000,-1.000000,0.130000,0.000000
15204,15204000,-1.000000,0.130000,0.000000
15210,15210000,-1.000000,0.130000,0.000000
15216,15216000,-1.000000,0.130000,0.000000
15222,15222000,-1.000000,0.130000,0.000000
15228,15228000,-1.000000,0.130000,0.000000
15234,15234000,-1.000000,0.130000,0.000000
15240,15240000,-1.000000,0.130000,0.000000
15246,15246000,-1.000000,0.130000,0.000000
15252,15252000,-1.000000,0.130000,0.000000
15258,15258000,-1.000000,0.130000,0.000000
15264,15264000,-1.000000,0.130000,0.000000
15270,15270000,-1.000000,0.130000,0.000000
15276,15276000,-1.000000,0.130000,0.000000
15282,15282000,-1.000000,0.130000,0.000000
15288,15288000,-1.000000,0.130000,0.000000
15294,15294000,-1.000000,0.130000,0.000000
15300,15300000,-1.000000,0.130000,0.000000
15306,15306000,-1.000000,0.130000,0.000000
15312,15312000,-1.000000,0.130000,0.000000
15318,15318000,-1.000000,0.130000,0.000000
15324,15324000,-1.000000,0.130000,0.000000
15330,15330000,-1.000000,0.130000,0.000000
15336,15336000,-1.000000,0.130000,0.000000
15342,15342000,-1.000000,0.130000,0.000000
15348,15348000,-1.000000,0.130000,0.000000
15354,15354000,-1.000000,0.130000,0.000000
15360,15360000,-1.000000,0.130000,0.000000
15366,15366000,-1.000000,0.130000,0.000000
15372,15372000,-1.000000,0.130000,0.000000
15378,15378000,-1.000000,0.130000,0.000000
15384,15384000,-1.000000,0.130000,0.000000
15390,15390000,-1.000000,0.130000,0.000000
15396,15396000,-1.000000,0.130000,0.000000
15402,15402000,-1.000000,0.130000,0.000000
15408,15408000,-1.000000,0.130000,0.000000
15414,15414000,-1.000000,0.130000,0.000000
15420,15420000,-1.000000,0.130000,0.000000
15426,15426000,-1.000000,0.130000,0.000000
15432,15432000,-1.000000,0.130000,0.000000
15438,15438000,-1.000000,0.130000,0.000000
15444,15444000,-1.000000,0.130000,0.000000
15450,15450000,-1.000000,0.130000,0.000000
15456,15456000,-1.000000,0.130000,0.000000
15462,15462000,-1.000000,0.130000,0.000000
15468,15468000,-1.000000,0.130000,0.000000
15474,15474000,-1.000000,0.130000,0.000000
15480,15480000,-1.000000,0.130000,0.000000
15486,15486000,-1.000000,0.130000,0.000000
15492,15492000,-1.000000,0.130000,0.000000
15498,15498000,-1.000000,0.130000,0.000000
15504,15504000,-1.000000,0.130000,0.000000
15510,15510000,-1.000000,0.130000,0.000000
15516,15516000,-1.000000,0.130000,0.000000
15522,15522000,-1.000000,0.130000,0.000000
15528,15528000,-1.000000,0.130000,0.000000
15534,15534000,-1.000000,0.130000,0.000000
15540,15540000,-1.000000,0.130000,0.000000
15546,15546000,-1.000000,0.130000,0.000000
15552,15552000,-1.000000,0.130000,0.000000
15558,15558000,-1.000000,0.130000,0.000000
15564,15564000,-1.000000,0.130000,0.000000
15570,15570000,-1.000000,0.130000,0.000000
15576,15576000,-1.000000,0.130000,0.000000
15582,15582000,-1.000000,0.130000,0.000000
15588,15588000,-1.000000,0.130000,0.000000
15594,15594000,-1.000000,0.130000,0.000000
15600,15600000,-1.000000,0.130000,0.000000
15606,15606000,-1.000000,0.130000,0.000000
15612,15612000,-1.000000,0.130000,0.000000
15618,15618000,-1.000000,0.130000,0.000000
15624,15624000,-1.000000,0.130000,0.000000
15630,15630000,-1.000000,0.130000,0.000000
15636,15636000,-1.000000,0.130000,0.000000
15642,15642000,-1.000000,0.130000,0.000000
15648,15648000,-1.000000,0.130000,0.000000
15654,15654000,-1.000000,0.130000,0.000000
15660,15660000,-1.000000,0.130000,0.000000
15666,15666000,-1.000000,0.130000,0.000000
15672,15672000,-1.000000,0.130000,0.000000
15678,15678000,-1.000000,0.130000,0.000000
15684,15684000,-1.000000,0.130000,0.000000
15690,15690000,-1.000000,0.130000,0.000000
15696,15696000,-1.000000,0.130000,0.000000
15702,15702000,-1.000000,0.130000,0.000000
15708,15708000,-1.000000,0.130000,0.000000
15714,15714000,-1.000000,0.130000,0.000000
15720,15720000,-1.000000,0.130000,0.000000
15726,15726000,-1.000000,0.130000,0.000000
15732,15732000,-1.000000,0.130000,0.000000
15738,15738000,-1.000000,0.130000,0.000000
15744,15744000,-1.000000,0.130000,0.000000
15750,15750000,-1.000000,0.130000,0.000000
15756,15756000,-1.000000,0.130000,0.000000
15762,15762000,-1.000000,0.130000,0.000000
15768,15768000,-1.000000,0.130000,0.000000
15774,15774000,-1.000000,0.130000,0.000000
15780,15780000,-1.000000,0.130000,0.000000
15786,15786000,-1.000000,0.130000,0.000000
15792,15792000,-1.000000,0.130000,0.000000
15798,15798000,-1.000000,0.130000,0.000000
15804,15804000,-1.000000,0.130000,0.000000
15810,15810000,-1.000000,0.130000,0.000000
15816,15816000,-1.000000,0.130000,0.000000
15822,15822000,-1.000000,0.130000,0.000000
15828,15828000,-1.000000,0.130000,0.000000
15834,15834000,-1.000000,0.130000,0.000000
15840,15840000,-1.000000,0.130000,0.000000
15846,15846000,-1.000000,0.130000,0.000000
15852,15852000,-1.000000,0.130000,0.000000
15858,15858000,-1.000000,0.130000,0.000000
15864,15864000,-1.000000,0.130000,0.000000
15870,15870000,-1.000000,0.130000,0.000000
15876,15876000,-1.000000,0.130000,0.000000
15882,15882000,-1.000000,0.130000,0.000000
15888,15888000,-1.000000,0.130000,0.000000
15894,15894000,-1.000000,0.130000,0.000000
15900,15900000,-1.000000,0.130000,0.000000
15906,15906000,-1.000000,0.130000,0.000000
15912,15912000,-1.000000,0.130000,0.000000
15918,15918000,-1.000000,0.130000,0.000000
15924,15924000,-1.000000,0.130000,0.000000
15930,15930000,-1.000000,0.130000,0.000000
15936,15936000,-1.000000,0.130000,0.000000
15942,15942000,-1.000000,0.130000,0.000000
15948,15948000,-1.000000,0.130000,0.000000
15954,15954000,-1.000000,0.130000,0.000000
15960,15960000,-1.000000,0.130000,0.000000
15966,15966000,-1.000000,0.130000,0.000000
15972,15972000,-1.000000,0.130000,0.000000
15978,15978000,-1.000000,0.130000,0.000000
15984,15984000,-1.000000,0.130000,0.000000
15990,15990000,-1.000000,0.130000,0.000000
15996,15996000,-1.000000,0.130000,0.000000
16002,16002000,-1.000000,0.130000,0.000000
16008,16008000,-1.000000,0.130000,0.000000
16014,16014000,-1.000000,0.130000,0.000000
16020,16020000,-1.000000,0.130000,0.000000
16026,16026000,-1.000000,0.130000,0.000000
16032,16032000,-1.000000,0.130000,0.000000
16038,16038000,-1.000000,0.130000,0.000000
16044,16044000,-1.000000,0.130000,0.000000
16050,16050000,-1.000000,0.130000,0.000000
16056,16056000,-1.000000,0.130000,0.000000
16062,16062000,-1.000000,0.130000,0.000000
16068,16068000,-1.000000,0.130000,0.000000
16074,16074000,-1.000000,0.130000,0.000000
16080,16080000,-1.000000,0.130000,0.000000
16086,16086000,-1.000000,0.130000,0.000000
16092,16092000,-1.000000,0.130000,0.000000
16098,16098000,-1.000000,0.130000,0.000000
16104,16104000,-1.000000,0.130000,0.000000
16110,16110000,-1.000000,0.130000,0.000000
16116,16116000,-1.000000,0.130000,0.000000
16122,16122000,-1.000000,0.130000,0.000000
16128,16128000,-1.000000,0.130000,0.000000
16134,16134000,-1.000000,0.130000,0.000000
16140,16140000,-1.000000,0.130000,0.000000
16146,16146000,-1.000000,0.130000,0.000000
16152,16152000,-1.000000,0.130000,0.000000
16158,16158000,-1.000000,0.130000,0.000000
16164,16164000,-1.000000,0.130000,0.000000
16170,16170000,-1.000000,0.130000,0.000000
16176,16176000,-1.000000,0.130000,0.000000
16182,16182000,-1.000000,0.130000,0.000000
16188,16188000,-1.000000,0.130000,0.000000
16194,16194000,-1.000000,0.130000,0.000000
16200,16200000,-1.000000,0.130000,0.000000
16206,16206000,-1.000000,0.130000,0.000000
16212,16212000,-1.000000,0.130000,0.000000
16218,16218000,-1.000000,0.130000,0.000000
16224,16224000,-1.000000,0.130000,0.000000
16230,16230000,-1.000000,0.130000,0.000000
16236,16236000,-1.000000,0.130000,0.000000
16242,16242000,-1.000000,0.130000,0.000000
16248,16248000,-1.000000,0.130000,0.000000
16254,16254000,-1.000000,0.130000,0.000000
16260,16260000,-1.000000,0.130000,0.000000
16266,16266000,-1.000000,0.130000,0.000000
16272,16272000,-1.000000,0.130000,0.000000
16278,16278000,-1.000000,0.130000,0.000000
16284,16284000,-1.000000,0.130000,0.000000
16290,16290000,-1.000000,0.130000,0.000000
16296,16296000,-1.000000,0.130000,0.000000
16302,16302000,-1.000000,0.130000,0.000000
16308,16308000,-1.000000,0.130000,0.000000
16314,16314000,-1.000000,0.130000,0.000000
16320,16320000,-1.000000,0.130000,0.000000
16326,16326000,-1.000000,0.130000,0.000000
16332,16332000,-1.000000,0.130000,0.000000
16338,16338000,-1.000000,0.130000,0.000000
16344,16344000,-1.000000,0.130000,0.000000
16350,16350000,-1.000000,0.130000,0.000000
16356,16356000,-1.000000,0.130000,0.000000
16362,16362000,-1.000000,0.130000,0.000000
16368,16368000,-1.000000,0.130000,0.000000
16374,16374000,-1.000000,0.130000,0.000000
16380,16380000,-1.000000,0.130000,0.000000
16386,16386000,-1.000000,0.130000,0.000000
16392,16392000,-1.000000,0.130000,0.000000
16398,16398000,-1.000000,0.130000,0.000000
16404,16404000,-1.000000,0.130000,0.000000
16410,16410000,-1.000000,0.130000,0.000000
16416,16416000,-1.000000,0.130000,0.000000
16422,16422000,-1.000000,0.130000,0.000000
16428,16428000,-1.000000,0.130000,0.000000
16434,16434000,-1.000000,0.130000,0.000000
16440,16440000,-1.000000,0.130000,0.000000
16446,16446000,-1.000000,0.130000,0.000000
16452,16452000,-1.000000,0.130000,0.000000
16458,16458000,-1.000000,0.130000,0.000000
16464,16464000,-1.000000,0.130000,0.000000
16470,16470000,-1.000000,0.130000,0.000000
16476,16476000,-1.000000,0.130000,0.000000
16482,16482000,-1.000000,0.130000,0.000000
16488,16488000,-1.000000,0.130000,0.000000
16494,16494000,-1.000000,0.130000,0.000000
16500,16500000,-1.000000,0.130000,0.000000
16506,16506000,-1.000000,0.130000,0.000000
16512,16512000,-1.000000,0.130000,0.000000
16518,16518000,-1.000000,0.130000,0.000000
16524,16524000,-1.000000,0.130000,0.000000
16530,16530000,-1.000000,0.130000,0.000000
16536,16536000,-1.000000,0.130000,0.000000
16542,16542000,-1.000000,0.130000,0.000000
16548,16548000,-1.000000,0.130000,0.000000
16554,16554000,-1.000000,0.130000,0.000000
16560,16560000,-1.000000,0.130000,0.000000
16566,16566000,-1.000000,0.130000,0.000000
16572,16572000,-1.000000,0.130000,0.000000
16578,16578000,-1.000000,0.130000,0.000000
16584,16584000,-1.000000,0.130000,0.000000
16590,16590000,-1.000000,0.130000,0.000000
16596,16596000,-1.000000,0.130000,0.000000
16602,16602000,-1.000000,0.130000,0.000000
16608,16608000,-1.000000,0.130000,0.000000
16614,16614000,-1.000000,0.130000,0.000000
16620,16620000,-1.000000,0.130000,0.000000
16626,16626000,-1.000000,0.130000,0.000000
16632,16632000,-1.000000,0.130000,0.000000
16638,16638000,-1.000000,0.130000,0.000000
16644,16644000,-1.000000,0.130000,0.000000
16650,16650000,-1.000000,0.130000,0.000000
16656,16656000,-1.000000,0.130000,0.000000
16662,16662000,-1.000000,0.130000,0.000000
16668,16668000,-1.000000,0.130000,0.000000
16674,16674000,-1.000000,0.130000,0.000000
16680,16680000,-1.000000,0.130000,0.000000
16686,16686000,-1.000000,0.130000,0.000000
16692,16692000,-1.000000,0.130000,0.000000
16698,16698000,-1.000000,0.130000,0.000000
16704,16704000,-1.000000,0.130000,0.000000
16710,16710000,-1.000000,0.130000,0.000000
16716,16716000,-1.000000,0.130000,0.000000
16722,16722000,-1.000000,0.130000,0.000000
16728,16728000,-1.000000,0.130000,0.000000
16734,16734000,-1.000000,0.130000,0.000000
16740,16740000,-1.000000,0.130000,0.000000
16746,16746000,-1.000000,0.130000,0.000000
16752,16752000,-1.000000,0.130000,0.000000
16758,16758000,-1.000000,0.130000,0.000000
16764,16764000,-1.000000,0.130000,0.000000
16770,16770000,-1.000000,0.130000,0.000000
16776,16776000,-1.000000,0.130000,0.000000
16782,16782000,-1.000000,0.130000,0.000000
16788,16788000,-1.000000,0.130000,0.000000
16794,16794000,-1.000000,0.130000,0.000000
16800,16800000,-1.000000,0.130000,0.000000
16806,16806000,-1.000000,0.130000,0.000000
16812,16812000,-1.000000,0.130000,0.000000
16818,16818000,-1.000000,0.130000,0.000000
16824,16824000,-1.000000,0.130000,0.000000
16830,16830000,-1.000000,0.130000,0.000000
16836,16836000,-1.000000,0.130000,0.000000
16842,16842000,-1.000000,0.130000,0.000000
16848,16848000,-1.000000,0.130000,0.000000
16854,16854000,-1.000000,0.130000,0.000000
16860,16860000,-1.000000,0.130000,0.000000
16866,16866000,-1.000000,0.130000,0.000000
16872,16872000,-1.000000,0.130000,0.000000
16878,16878000,-1.000000,0.130000,0.000000
16884,16884000,-1.000000,0.130000,0.000000
16890,16890000,-1.000000,0.130000,0.000000
16896,16896000,-1.000000,0.130000,0.000000
16902,16902000,-1.000000,0.130000,0.000000
16908,16908000,-1.000000,0.130000,0.000000
16914,16914000,-1.000000,0.130000,0.000000
16920,16920000,-1.000000,0.130000,0.000000
16926,16926000,-1.000000,0.130000,0.000000
16932,16932000,-1.000000,0.130000,0.000000
16938,16938000,-1.000000,0.130000,0.000000
16944,16944000,-1.000000,0.130000,0.000000
16950,16950000,-1.000000,0.130000,0.000000
16956,16956000,-1.000000,0.130000,0.000000
16962,16962000,-1.000000,0.130000,0.000000
16968,16968000,-1.000000,0.130000,0.000000
16974,16974000,-1.000000,0.130000,0.000000
16980,16980000,-1.000000,0.130000,0.000000
16986,16986000,-1.000000,0.130000,0.000000
16992,16992000,-1.000000,0.130000,0.000000
16998,16998000,-1.000000,0.130000,0.000000
17004,17004000,-1.000000,0.130000,0.000000
17010,17010000,-1.000000,0.130000,0.000000
17016,17016000,-1.000000,0.130000,0.000000
17022,17022000,-1.000000,0.130000,0.000000
17028,17028000,-1.000000,0.130000,0.000000
17034,17034000,-1.000000,0.130000,0.000000
17040,17040000,-1.000000,0.130000,0.000000
17046,17046000,-1.000000,0.130000,0.000000
17052,17052000,-1.000000,0.130000,0.000000
17058,17058000,-1.000000,0.130000,0.000000
17064,17064000,-1.000000,0.130000,0.000000
17070,17070000,-1.000000,0.130000,0.000000
17076,17076000,-1.000000,0.130000,0.000000
17082,17082000,-1.000000,0.130000,0.000000
17088,17088000,-1.000000,0.130000,0.000000
17094,17094000,-1.000000,0.130000,0.000000
17100,17100000,-1.000000,0.130000,0.000000
17106,17106000,-1.000000,0.130000,0.000000
17112,17112000,-1.000000,0.130000,0.000000
17118,17118000,-1.000000,0.130000,0.000000
17124,17124000,-1.000000,0.130000,0.000000
17130,17130000,-1.000000,0.130000,0.000000
17136,17136000,-1.000000,0.130000,0.000000
17142,17142000,-1.000000,0.130000,0.000000
17148,17148000,-1.000000,0.130000,0.000000
17154,17154000,-1.000000,0.130000,0.000000
17160,17160000,-1.000000,0.130000,0.000000
17166,17166000,-1.000000,0.130000,0.000000
17172,17172000,-1.000000,0.130000,0.000000
17178,17178000,-1.000000,0.130000,0.000000
17184,17184000,-1.000000,0.130000,0.000000
17190,17190000,-1.000000,0.130000,0.000000
17196,17196000,-1.000000,0.130000,0.000000
17202,17202000,-1.000000,0.130000,0.000000
17208,17208000,-1.000000,0.130000,0.000000
17214,17214000,-1.000000,0.130000,0.000000
17220,17220000,-1.000000,0.130000,0.000000
17226,17226000,-1.000000,0.130000,0.000000
17232,17232000,-1.000000,0.130000,0.000000
17238,17238000,-1.000000,0.130000,0.000000
17244,17244000,-1.000000,0.130000,0.000000
17250,17250000,-1.000000,0.130000,0.000000
17256,17256000,-1.000000,0.130000,0.000000
17262,17262000,-1.000000,0.130000,0.000000
17268,17268000,-1.000000,0.130000,0.000000
17274,17274000,-1.000000,0.130000,0.000000
17280,17280000,-1.000000,0.130000,0.000000
17286,17286000,-1.000000,0.130000,0.000000
17292,17292000,-1.000000,0.130000,0.000000
17298,17298000,-1.000000,0.130000,0.000000
17304,17304000,-1.000000,0.130000,0.000000
17310,17310000,-1.000000,0.130000,0.000000
17316,17316000,-1.000000,0.130000,0.000000
17322,17322000,-1.000000,0.130000,0.000000
17328,17328000,-1.000000,0.130000,0.000000
17334,17334000,-1.000000,0.130000,0.000000
17340,17340000,-1.000000,0.130000,0.000000
17346,17346000,-1.000000,0.130000,0.000000
17352,17352000,-1.000000,0.130000,0.000000
17358,17358000,-1.000000,0.130000,0.000000
17364,17364000,-1.000000,0.130000,0.000000
17370,17370000,-1.000000,0.130000,0.000000
17376,17376000,-1.000000,0.130000,0.000000
17382,17382000,-1.000000,0.130000,0.000000
17388,17388000,-1.000000,0.130000,0.000000
17394,17394000,-1.000000,0.130000,0.000000
17400,17400000,-1.000000,0.130000,0.000000
17406,17406000,-1.000000,0.130000,0.000000
17412,17412000,-1.000000,0.130000,0.000000
17418,17418000,-1.000000,0.130000,0.000000
17424,17424000,-1.000000,0.130000,0.000000
17430,17430000,-1.000000,0.130000,0.000000
17436,17436000,-1.000000,0.130000,0.000000
17442,17442000,-1.000000,0.130000,0.000000
17448,17448000,-1.000000,0.130000,0.000000
17454,17454000,-1.000000,0.130000,0.000000
17460,17460000,-1.000000,0.130000,0.000000
17466,17466000,-1.000000,0.130000,0.000000
17472,17472000,-1.000000,0.130000,0.000000
17478,17478000,-1.000000,0.130000,0.000000
17484,17484000,-1.000000,0.130000,0.000000
17490,17490000,-1.000000,0.130000,0.000000
17496,17496000,-1.000000,0.130000,0.000000
17502,17502000,-1.000000,0.130000,0.000000
17508,17508000,-1.000000,0.130000,0.000000
17514,17514000,-1.000000,0.130000,0.000000
17520,17520000,-1.000000,0.130000,0.000000
17526,17526000,-1.000000,0.130000,0.000000
17532,17532000,-1.000000,0.130000,0.000000
17538,17538000,-1.000000,0.130000,0.000000
17544,17544000,-1.000000,0.130000,0.000000
17550,17550000,-1.000000,0.130000,0.000000
17556,17556000,-1.000000,0.130000,0.000000
17562,17562000,-1.000000,0.130000,0.000000
17568,17568000,-1.000000,0.130000,0.000000
17574,17574000,-1.000000,0.130000,0.000000
17580,17580000,-1.000000,0.130000,0.000000
17586,17586000,-1.000000,0.130000,0.000000
17592,17592000,-1.000000,0.130000,0.000000
17598,17598000,-1.000000,0.130000,0.000000
17604,17604000,-1.000000,0.130000,0.000000
17610,17610000,-1.000000,0.130000,0.000000
17616,17616000,-1.000000,0.130000,0.000000
17622,17622000,-1.000000,0.130000,0.000000
17628,17628000,-1.000000,0.130000,0.000000
17634,17634000,-1.000000,0.130000,0.000000
17640,17640000,-1.000000,0.130000,0.000000
17646,17646000,-1.000000,0.130000,0.000000
17652,17652000,-1.000000,0.130000,0.000000
17658,17658000,-1.000000,0.130000,0.000000
17664,17664000,-1.000000,0.130000,0.000000
17670,17670000,-1.000000,0.130000,0.000000
17676,17676000,-1.000000,0.130000,0.000000
17682,17682000,-1.000000,0.130000,0.000000
17688,17688000,-1.000000,0.130000,0.000000
17694,17694000,-1.000000,0.130000,0.000000
17700,17700000,-1.000000,0.130000,0.000000
17706,17706000,-1.000000,0.130000,0.000000
17712,17712000,-1.000000,0.130000,0.000000
17718,17718000,-1.000000,0.130000,0.000000
17724,17724000,-1.000000,0.130000,0.000000
17730,17730000,-1.000000,0.130000,0.000000
17736,17736000,-1.000000,0.130000,0.000000
17742,17742000,-1.000000,0.130000,0.000000
17748,17748000,-1.000000,0.130000,0.000000
17754,17754000,-1.000000,0.130000,0.000000
17760,17760000,-1.000000,0.130000,0.000000
17766,17766000,-1.000000,0.130000,0.000000
17772,17772000,-1.000000,0.130000,0.000000
17778,17778000,-1.000000,0.130000,0.000000
17784,17784000,-1.000000,0.130000,0.000000
17790,17790000,-1.000000,0.130000,0.000000
17796,17796000,-1.000000,0.130000,0.000000
17802,17802000,-1.000000,0.130000,0.000000
17808,17808000,-1.000000,0.130000,0.000000
17814,17814000,-1.000000,0.130000,0.000000
17820,17820000,-1.000000,0.130000,0.000000
17826,17826000,-1.000000,0.130000,0.000000
17832,17832000,-1.000000,0.130000,0.000000
17838,17838000,-1.000000,0.130000,0.000000
17844,17844000,-1.000000,0.130000,0.000000
17850,17850000,-1.000000,0.130000,0.000000
17856,17856000,-1.000000,0.130000,0.000000
17862,17862000,-1.000000,0.130000,0.000000
17868,17868000,-1.000000,0.130000,0.000000
17874,17874000,-1.000000,0.130000,0.000000
17880,17880000,-1.000000,0.130000,0.000000
17886,17886000,-1.000000,0.130000,0.000000
17892,17892000,-1.000000,0.130000,0.000000
17898,17898000,-1.000000,0.130000,0.000000
17904,17904000,-1.000000,0.130000,0.000000
17910,17910000,-1.000000,0.130000,0.000000
17916,17916000,-1.000000,0.130000,0.000000
17922,17922000,-1.000000,0.130000,0.000000
17928,17928000,-1.000000,0.130000,0.000000
17934,17934000,-1.000000,0.130000,0.000000
17940,17940000,-1.000000,0.130000,0.000000
17946,17946000,-1.000000,0.130000,0.000000
17952,17952000,-1.000000,0.130000,0.000000
17958,17958000,-1.000000,0.130000,0.000000
17964,17964000,-1.000000,0.130000,0.000000
17970,17970000,-1.000000,0.130000,0.000000
17976,17976000,-1.000000,0.130000,0.000000
17982,17982000,-1.000000,0.130000,0.000000
17988,17988000,-1.000000,0.130000,0.000000
17994,17994000,-1.000000,0.130000,0.000000
18000,18000000,-1.000000,0.130000,0.000000
18006,18006000,-1.000000,0.130000,0.000000
18012,18012000,-1.000000,0.130000,0.000000
18018,18018000,-1.000000,0.130000,0.000000
18024,18024000,-1.000000,0.130000,0.000000
18030,18030000,-1.000000,0.130000,0.000000
18036,18036000,-1.000000,0.130000,0.000000
18042,18042000,-1.000000,0.130000,0.000000
18048,18048000,-1.000000,0.130000,0.000000
18054,18054000,-1.000000,0.130000,0.000000
18060,18060000,-1.000000,0.130000,0.000000
18066,18066000,-1.000000,0.130000,0.000000
18072,18072000,-1.000000,0.130000,0.000000
18078,18078000,-1.000000,0.130000,0.000000
18084,18084000,-1.000000,0.130000,0.000000
18090,18090000,-1.000000,0.130000,0.000000
18096,18096000,-1.000000,0.130000,0.000000
18102,18102000,-1.000000,0.130000,0.000000
18108,18108000,-1.000000,0.130000,0.000000
18114,18114000,-1.000000,0.130000,0.000000
18120,18120000,-1.000000,0.130000,0.000000
18126,18126000,-1.000000,0.130000,0.000000
18132,18132000,-1.000000,0.130000,0.000000
18138,18138000,-1.000000,0.130000,0.000000
18144,18144000,-1.000000,0.130000,0.000000
18150,18150000,-1.000000,0.130000,0.000000
18156,18156000,-1.000000,0.130000,0.000000
18162,18162000,-1.000000,0.130000,0.000000
18168,18168000,-1.000000,0.130000,0.000000
18174,18174000,-1.000000,0.130000,0.000000
18180,18180000,-1.000000,0.130000,0.000000
18186,18186000,-1.000000,0.130000,0.000000
18192,18192000,-1.000000,0.130000,0.000000
18198,18198000,-1.000000,0.130000,0.000000
18204,18204000,-1.000000,0.130000,0.000000
18210,18210000,-1.000000,0.130000,0.000000
18216,18216000,-1.000000,0.130000,0.000000
18222,18222000,-1.000000,0.130000,0.000000
18228,18228000,-1.000000,0.130000,0.000000
18234,18234000,-1.000000,0.130000,0.000000
18240,18240000,-1.000000,0.130000,0.000000
18246,18246000,-1.000000,0.130000,0.000000
18252,18252000,-1.000000,0.130000,0.000000
18258,18258000,-1.000000,0.130000,0.000000
18264,18264000,-1.000000,0.130000,0.000000
18270,18270000,-1.000000,0.130000,0.000000
18276,18276000,-1.000000,0.130000,0.000000
18282,18282000,-1.000000,0.130000,0.000000
18288,18288000,-1.000000,0.130000,0.000000
18294,18294000,-1.000000,0.130000,0.000000
18300,18300000,-1.000000,0.130000,0.000000
18306,18306000,-1.000000,0.130000,0.000000
18312,18312000,-1.000000,0.130000,0.000000
18318,18318000,-1.000000,0.130000,0.000000
18324,18324000,-1.000000,0.130000,0.000000
18330,18330000,-1.000000,0.130000,0.000000
18336,18336000,-1.000000,0.130000,0.000000
18342,18342000,-1.000000,0.130000,0.000000
18348,18348000,-1.000000,0.130000,0.000000
18354,18354000,-1.000000,0.130000,0.000000
18360,18360000,-1.000000,0.130000,0.000000
18366,18366000,-1.000000,0.130000,0.000000
18372,18372000,-1.000000,0.130000,0.000000
18378,18378000,-1.000000,0.130000,0.000000
18384,18384000,-1.000000,0.130000,0.000000
18390,18390000,-1.000000,0.130000,0.000000
18396,18396000,-1.000000,0.130000,0.000000
18402,18402000,-1.000000,0.130000,0.000000
18408,18408000,-1.000000,0.130000,0.000000
18414,18414000,-1.000000,0.130000,0.000000
18420,18420000,-1.000000,0.130000,0.000000
18426,18426000,-1.000000,0.130000,0.000000
18432,18432000,-1.000000,0.130000,0.000000
18438,18438000,-1.000000,0.130000,0.000000
18444,18444000,-1.000000,0.130000,0.000000
18450,18450000,-1.000000,0.130000,0.000000
18456,18456000,-1.000000,0.130000,0.000000
18462,18462000,-1.000000,0.130000,0.000000
18468,18468000,-1.000000,0.130000,0.000000
18474,18474000,-1.000000,0.130000,0.000000
18480,18480000,-1.000000,0.130000,0.000000
18486,18486000,-1.000000,0.130000,0.000000
18492,18492000,-1.000000,0.130000,0.000000
18498,18498000,-1.000000,0.130000,0.000000
18504,18504000,-1.000000,0.130000,0.000000
18510,18510000,-1.000000,0.130000,0.000000
18516,18516000,-1.000000,0.130000,0.000000
18522,18522000,-1.000000,0.130000,0.000000
18528,18528000,-1.000000,0.130000,0.000000
18534,18534000,-1.000000,0.130000,0.000000
18540,18540000,-1.000000,0.130000,0.000000
18546,18546000,-1.000000,0.130000,0.000000
18552,18552000,-1.000000,0.130000,0.000000
18558,18558000,-1.000000,0.130000,0.000000
18564,18564000,-1.000000,0.130000,0.000000
18570,18570000,-1.000000,0.130000,0.000000
18576,18576000,-1.000000,0.130000,0.000000
18582,18582000,-1.000000,0.130000,0.000000
18588,18588000,-1.000000,0.130000,0.000000
18594,18594000,-1.000000,0.130000,0.000000
18600,18600000,-1.000000,0.130000,0.000000
18606,18606000,-1.000000,0.130000,0.000000
18612,18612000,-1.000000,0.130000,0.000000
18618,18618000,-1.000000,0.130000,0.000000
18624,18624000,-1.000000,0.130000,0.000000
18630,18630000,-1.000000,0.130000,0.000000
18636,18636000,-1.000000,0.130000,0.000000
18642,18642000,-1.000000,0.130000,0.000000
18648,18648000,-1.000000,0.130000,0.000000
18654,18654000,-1.000000,0.130000,0.000000
18660,18660000,-1.000000,0.130000,0.000000
18666,18666000,-1.000000,0.130000,0.000000
18672,18672000,-1.000000,0.130000,0.000000
18678,18678000,-1.000000,0.130000,0.000000
18684,18684000,-1.000000,0.130000,0.000000
18690,18690000,-1.000000,0.130000,0.000000
18696,18696000,-1.000000,0.130000,0.000000
18702,18702000,-1.000000,0.130000,0.000000
18708,18708000,-1.000000,0.130000,0.000000
18714,18714000,-1.000000,0.130000,0.000000
18720,18720000,-1.000000,0.130000,0.000000
18726,18726000,-1.000000,0.130000,0.000000
18732,18732000,-1.000000,0.130000,0.000000
18738,18738000,-1.000000,0.130000,0.000000
18744,18744000,-1.000000,0.130000,0.000000
18750,18750000,-1.000000,0.130000,0.000000
18756,18756000,-1.000000,0.130000,0.000000
18762,18762000,-1.000000,0.130000,0.000000
18768,18768000,-1.000000,0.130000,0.000000
18774,18774000,-1.000000,0.130000,0.000000
18780,18780000,-1.000000,0.130000,0.000000
18786,18786000,-1.000000,0.130000,0.000000
18792,18792000,-1.000000,0.130000,0.000000
18798,18798000,-1.000000,0.130000,0.000000
18804,18804000,-1.000000,0.130000,0.000000
18810,18810000,-1.000000,0.130000,0.000000
18816,18816000,-1.000000,0.130000,0.000000
18822,18822000,-1.000000,0.130000,0.000000
18828,18828000,-1.000000,0.130000,0.000000
18834,18834000,-1.000000,0.130000,0.000000
18840,18840000,-1.000000,0.130000,0.000000
18846,18846000,-1.000000,0.130000,0.000000
18852,18852000,-1.000000,0.130000,0.000000
18858,18858000,-1.000000,0.130000,0.000000
18864,18864000,-1.000000,0.130000,0.000000
18870,18870000,-1.000000,0.130000,0.000000
18876,18876000,-1.000000,0.130000,0.000000
18882,18882000,-1.000000,0.130000,0.000000
18888,18888000,-1.000000,0.130000,0.000000
18894,18894000,-1.000000,0.130000,0.000000
18900,18900000,-1.000000,0.130000,0.000000
18906,18906000,-1.000000,0.130000,0.000000
18912,18912000,-1.000000,0.130000,0.000000
18918,18918000,-1.000000,0.130000,0.000000
18924,18924000,-1.000000,0.130000,0.000000
18930,18930000,-1.000000,0.130000,0.000000
18936,18936000,-1.000000,0.130000,0.000000
18942,18942000,-1.000000,0.130000,0.000000
18948,18948000,-1.000000,0.130000,0.000000
18954,18954000,-1.000000,0.130000,0.000000
18960,18960000,-1.000000,0.130000,0.000000
18966,18966000,-1.000000,0.130000,0.000000
18972,18972000,-1.000000,0.130000,0.000000
18978,18978000,-1.000000,0.130000,0.000000
18984,18984000,-1.000000,0.130000,0.000000
18990,18990000,-1.000000,0.130000,0.000000
18996,18996000,-1.000000,0.130000,0.000000
19002,19002000,-1.000000,0.130000,0.000000
19008,19008000,-1.000000,0.130000,0.000000
19014,19014000,-1.000000,0.130000,0.000000
19020,19020000,-1.000000,0.130000,0.000000
19026,19026000,-1.000000,0.130000,0.000000
19032,19032000,-1.000000,0.130000,0.000000
19038,19038000,-1.000000,0.130000,0.000000
19044,19044000,-1.000000,0.130000,0.000000
19050,19050000,-1.000000,0.130000,0.000000
19056,19056000,-1.000000,0.130000,0.000000
19062,19062000,-1.000000,0.130000,0.000000
19068,19068000,-1.000000,0.130000,0.000000
19074,19074000,-1.000000,0.130000,0.000000
19080,19080000,-1.000000,0.130000,0.000000
19086,19086000,-1.000000,0.130000,0.000000
19092,19092000,-1.000000,0.130000,0.000000
19098,19098000,-1.000000,0.130000,0.000000
19104,19104000,-1.000000,0.130000,0.000000
19110,19110000,-1.000000,0.130000,0.000000
19116,19116000,-1.000000,0.130000,0.000000
19122,19122000,-1.000000,0.130000,0.000000
19128,19128000,-1.000000,0.130000,0.000000
19134,19134000,-1.000000,0.130000,0.000000
19140,19140000,-1.000000,0.130000,0.000000
19146,19146000,-1.000000,0.130000,0.000000
19152,19152000,-1.000000,0.130000,0.000000
19158,19158000,-1.000000,0.130000,0.000000
19164,19164000,-1.000000,0.130000,0.000000
19170,19170000,-1.000000,0.130000,0.000000
19176,19176000,-1.000000,0.130000,0.000000
19182,19182000,-1.000000,0.130000,0.000000
19188,19188000,-1.000000,0.130000,0.000000
19194,19194000,-1.000000,0.130000,0.000000
19200,19200000,-1.000000,0.130000,0.000000
19206,19206000,-1.000000,0.130000,0.000000
19212,19212000,-1.000000,0.130000,0.000000
19218,19218000,-1.000000,0.130000,0.000000
19224,19224000,-1.000000,0.130000,0.000000
19230,19230000,-1.000000,0.130000,0.000000
19236,19236000,-1.000000,0.130000,0.000000
19242,19242000,-1.000000,0.130000,0.000000
19248,19248000,-1.000000,0.130000,0.000000
19254,19254000,-1.000000,0.130000,0.000000
19260,19260000,-1.000000,0.130000,0.000000
19266,19266000,-1.000000,0.130000,0.000000
19272,19272000,-1.000000,0.130000,0.000000
19278,19278000,-1.000000,0.130000,0.000000
19284,19284000,-1.000000,0.130000,0.000000
19290,19290000,-1.000000,0.130000,0.000000
19296,19296000,-1.000000,0.130000,0.000000
19302,19302000,-1.000000,0.130000,0.000000
19308,19308000,-1.000000,0.130000,0.000000
19314,19314000,-1.000000,0.130000,0.000000
19320,19320000,-1.000000,0.130000,0.000000
19326,19326000,-1.000000,0.130000,0.000000
19332,19332000,-1.000000,0.130000,0.000000
19338,19338000,-1.000000,0.130000,0.000000
19344,19344000,-1.000000,0.130000,0.000000
19350,19350000,-1.000000,0.130000,0.000000
19356,19356000,-1.000000,0.130000,0.000000
19362,19362000,-1.000000,0.130000,0.000000
19368,19368000,-1.000000,0.130000,0.000000
19374,19374000,-1.000000,0.130000,0.000000
19380,19380000,-1.000000,0.130000,0.000000
19386,19386000,-1.000000,0.130000,0.000000
19392,19392000,-1.000000,0.130000,0.000000
19398,19398000,-1.000000,0.130000,0.000000
19404,19404000,-1.000000,0.130000,0.000000
19410,19410000,-1.000000,0.130000,0.000000
19416,19416000,-1.000000,0.130000,0.000000
19422,19422000,-1.000000,0.130000,0.000000
19428,19428000,-1.000000,0.130000,0.000000
19434,19434000,-1.000000,0.130000,0.000000
19440,19440000,-1.000000,0.130000,0.000000
19446,19446000,-1.000000,0.130000,0.000000
19452,19452000,-1.000000,0.130000,0.000000
19458,19458000,-1.000000,0.130000,0.000000
19464,19464000,-1.000000,0.130000,0.000000
19470,19470000,-1.000000,0.130000,0.000000
19476,19476000,-1.000000,0.130000,0.000000
19482,19482000,-1.000000,0.130000,0.000000
19488,19488000,-1.000000,0.130000,0.000000
19494,19494000,-1.000000,0.130000,0.000000
19500,19500000,-1.000000,0.130000,0.000000
19506,19506000,-1.000000,0.130000,0.000000
19512,19512000,-1.000000,0.130000,0.000000
19518,19518000,-1.000000,0.130000,0.000000
19524,19524000,-1.000000,0.130000,0.000000
19530,19530000,-1.000000,0.130000,0.000000
19536,19536000,-1.000000,0.130000,0.000000
19542,19542000,-1.000000,0.130000,0.000000
19548,19548000,-1.000000,0.130000,0.000000
19554,19554000,-1.000000,0.130000,0.000000
19560,19560000,-1.000000,0.130000,0.000000
19566,19566000,-1.000000,0.130000,0.000000
19572,19572000,-1.000000,0.130000,0.000000
19578,19578000,-1.000000,0.130000,0.000000
19584,19584000,-1.000000,0.130000,0.000000
19590,19590000,-1.000000,0.130000,0.000000
19596,19596000,-1.000000,0.130000,0.000000
19602,19602000,-1.000000,0.130000,0.000000
19608,19608000,-1.000000,0.130000,0.000000
19614,19614000,-1.000000,0.130000,0.000000
19620,19620000,-1.000000,0.130000,0.000000
19626,19626000,-1.000000,0.130000,0.000000
19632,19632000,-1.000000,0.130000,0.000000
19638,19638000,-1.000000,0.130000,0.000000
19644,19644000,-1.000000,0.130000,0.000000
19650,19650000,-1.000000,0.130000,0.000000
19656,19656000,-1.000000,0.130000,0.000000
19662,19662000,-1.000000,0.130000,0.000000
19668,19668000,-1.000000,0.130000,0.000000
19674,19674000,-1.000000,0.130000,0.000000
19680,19680000,-1.000000,0.130000,0.000000
19686,19686000,-1.000000,0.130000,0.000000
19692,19692000,-1.000000,0.130000,0.000000
19698,19698000,-1.000000,0.130000,0.000000
19704,19704000,-1.000000,0.130000,0.000000
19710,19710000,-1.000000,0.130000,0.000000
19716,19716000,-1.000000,0.130000,0.000000
19722,19722000,-1.000000,0.130000,0.000000
19728,19728000,-1.000000,0.130000,0.000000
19734,19734000,-1.000000,0.130000,0.000000
19740,19740000,-1.000000,0.130000,0.000000
19746,19746000,-1.000000,0.130000,0.000000
19752,19752000,-1.000000,0.130000,0.000000
19758,19758000,-1.000000,0.130000,0.000000
19764,19764000,-1.000000,0.130000,0.000000
19770,19770000,-1.000000,0.130000,0.000000
19776,19776000,-1.000000,0.130000,0.000000
19782,19782000,-1.000000,0.130000,0.000000
19788,19788000,-1.000000,0.130000,0.000000
19794,19794000,-1.000000,0.130000,0.000000
19800,19800000,-1.000000,0.130000,0.000000
19806,19806000,-1.000000,0.130000,0.000000
19812,19812000,-1.000000,0.130000,0.000000
19818,19818000,-1.000000,0.130000,0.000000
19824,19824000,-1.000000,0.130000,0.000000
19830,19830000,-1.000000,0.130000,0.000000
19836,19836000,-1.000000,0.130000,0.000000
19842,19842000,-1.000000,0.130000,0.000000
19848,19848000,-1.000000,0.130000,0.000000
19854,19854000,-1.000000,0.130000,0.000000
19860,19860000,-1.000000,0.130000,0.000000
19866,19866000,-1.000000,0.130000,0.000000
19872,19872000,-1.000000,0.130000,0.000000
19878,19878000,-1.000000,0.130000,0.000000
19884,19884000,-1.000000,0.130000,0.000000
19890,19890000,-1.000000,0.130000,0.000000
19896,19896000,-1.000000,0.130000,0.000000
19902,19902000,-1.000000,0.130000,0.000000
19908,19908000,-1.000000,0.130000,0.000000
19914,19914000,-1.000000,0.130000,0.000000
19920,19920000,-1.000000,0.130000,0.000000
19926,19926000,-1.000000,0.130000,0.000000
19932,19932000,-1.000000,0.130000,0.000000
19938,19938000,-1.000000,0.130000,0.000000
19944,19944000,-1.000000,0.130000,0.000000
19950,19950000,-1.000000,0.130000,0.000000
19956,19956000,-1.000000,0.130000,0.000000
19962,19962000,-1.000000,0.130000,0.000000
19968,19968000,-1.000000,0.130000,0.000000
19974,19974000,-1.000000,0.130000,0.000000
19980,19980000,-1.000000,0.130000,0.000000
19986,19986000,-1.000000,0.130000,0.000000
19992,19992000,-1.000000,0.130000,0.000000
19998,19998000,-1.000000,0.130000,0.000000
20004,20004000,-1.000000,0.130000,0.000000
20010,20010000,-1.000000,0.130000,0.000000
20016,20016000,-1.000000,0.130000,0.000000
20022,20022000,-1.000000,0.130000,0.000000
20028,20028000,-1.000000,0.130000,0.000000
20034,20034000,-1.000000,0.130000,0.000000
20040,20040000,-1.000000,0.130000,0.000000
20046,20046000,-1.000000,0.130000,0.000000
20052,20052000,-1.000000,0.130000,0.000000
20058,20058000,-1.000000,0.130000,0.000000
20064,20064000,-1.000000,0.130000,0.000000
20070,20070000,-1.000000,0.130000,0.000000
20076,20076000,-1.000000,0.130000,0.000000
20082,20082000,-1.000000,0.130000,0.000000
20088,20088000,-1.000000,0.130000,0.000000
20094,20094000,-1.000000,0.130000,0.000000
20100,20100000,-1.000000,0.130000,0.000000
20106,20106000,-1.000000,0.130000,0.000000
20112,20112000,-1.000000,0.130000,0.000000
20118,20118000,-1.000000,0.130000,0.000000
20124,20124000,-1.000000,0.130000,0.000000
20130,20130000,-1.000000,0.130000,0.000000
20136,20136000,-1.000000,0.130000,0.000000
20142,20142000,-1.000000,0.130000,0.000000
20148,20148000,-1.000000,0.130000,0.000000
20154,20154000,-1.000000,0.130000,0.000000
20160,20160000,-1.000000,0.130000,0.000000
20166,20166000,-1.000000,0.130000,0.000000
20172,20172000,-1.000000,0.130000,0.000000
20178,20178000,-1.000000,0.130000,0.000000
20184,20184000,-1.000000,0.130000,0.000000
20190,20190000,-1.000000,0.130000,0.000000
20196,20196000,-1.000000,0.130000,0.000000
20202,20202000,-1.000000,0.130000,0.000000
20208,20208000,-1.000000,0.130000,0.000000
20214,20214000,-1.000000,0.130000,0.000000
20220,20220000,-1.000000,0.130000,0.000000
20226,20226000,-1.000000,0.130000,0.000000
20232,20232000,-1.000000,0.130000,0.000000
20238,20238000,-1.000000,0.130000,0.000000
20244,20244000,-1.000000,0.130000,0.000000
20250,20250000,-1.000000,0.130000,0.000000
20256,20256000,-1.000000,0.130000,0.000000
20262,20262000,-1.000000,0.130000,0.000000
20268,20268000,-1.000000,0.130000,0.000000
20274,20274000,-1.000000,0.130000,0.000000
20280,20280000,-1.000000,0.130000,0.000000
20286,20286000,-1.000000,0.130000,0.000000
20292,20292000,-1.000000,0.130000,0.000000
20298,20298000,-1.000000,0.130000,0.000000
20304,20304000,-1.000000,0.130000,0.000000
20310,20310000,-1.000000,0.130000,0.000000
20316,20316000,-1.000000,0.130000,0.000000
20322,20322000,-1.000000,0.130000,0.000000
20328,20328000,-1.000000,0.130000,0.000000
20334,20334000,-1.000000,0.130000,0.000000
20340,20340000,-1.000000,0.130000,0.000000
20346,20346000,-1.000000,0.130000,0.000000
20352,20352000,-1.000000,0.130000,0.000000
20358,20358000,-1.000000,0.130000,0.000000
20364,20364000,-1.000000,0.130000,0.000000
20370,20370000,-1.000000,0.130000,0.000000
20376,20376000,-1.000000,0.130000,0.000000
20382,20382000,-1.000000,0.130000,0.000000
20388,20388000,-1.000000,0.130000,0.000000
20394,20394000,-1.000000,0.130000,0.000000
20400,20400000,-1.000000,0.130000,0.000000
20406,20406000,-1.000000,0.130000,0.000000
20412,20412000,-1.000000,0.130000,0.000000
20418,20418000,-1.000000,0.130000,0.000000
20424,20424000,-1.000000,0.130000,0.000000
20430,20430000,-1.000000,0.130000,0.000000
20436,20436000,-1.000000,0.130000,0.000000
20442,20442000,-1.000000,0.130000,0.000000
20448,20448000,-1.000000,0.130000,0.000000
20454,20454000,-1.000000,0.130000,0.000000
20460,20460000,-1.000000,0.130000,0.000000
20466,20466000,-1.000000,0.130000,0.000000
20472,20472000,-1.000000,0.130000,0.000000
20478,20478000,-1.000000,0.130000,0.000000
20484,20484000,-1.000000,0.130000,0.000000
20490,20490000,-1.000000,0.130000,0.000000
20496,20496000,-1.000000,0.130000,0.000000
20502,20502000,-1.000000,0.130000,0.000000
20508,20508000,-1.000000,0.130000,0.000000
20514,20514000,-1.000000,0.130000,0.000000
20520,20520000,-1.000000,0.130000,0.000000
20526,20526000,-1.000000,0.130000,0.000000
20532,20532000,-1.000000,0.130000,0.000000
20538,20538000,-1.000000,0.130000,0.000000
20544,20544000,-1.000000,0.130000,0.000000
20550,20550000,-1.000000,0.130000,0.000000
20556,20556000,-1.000000,0.130000,0.000000
20562,20562000,-1.000000,0.130000,0.000000
20568,20568000,-1.000000,0.130000,0.000000
20574,20574000,-1.000000,0.130000,0.000000
20580,20580000,-1.000000,0.130000,0.000000
20586,20586000,-1.000000,0.130000,0.000000
20592,20592000,-1.000000,0.130000,0.000000
20598,20598000,-1.000000,0.130000,0.000000
20604,20604000,-1.000000,0.130000,0.000000
20610,20610000,-1.000000,0.130000,0.000000
20616,20616000,-1.000000,0.130000,0.000000
20622,20622000,-1.000000,0.130000,0.000000
20628,20628000,-1.000000,0.130000,0.000000
20634,20634000,-1.000000,0.130000,0.000000
20640,20640000,-1.000000,0.130000,0.000000
20646,20646000,-1.000000,0.130000,0.000000
20652,20652000,-1.000000,0.130000,0.000000
20658,20658000,-1.000000,0.130000,0.000000
20664,20664000,-1.000000,0.130000,0.000000
20670,20670000,-1.000000,0.130000,0.000000
20676,20676000,-1.000000,0.130000,0.000000
20682,20682000,-1.000000,0.130000,0.000000
20688,20688000,-1.000000,0.130000,0.000000
20694,20694000,-1.000000,0.130000,0.000000
20700,20700000,-1.000000,0.130000,0.000000
20706,20706000,-1.000000,0.130000,0.000000
20712,20712000,-1.000000,0.130000,0.000000
20718,20718000,-1.000000,0.130000,0.000000
20724,20724000,-1.000000,0.130000,0.000000
20730,20730000,-1.000000,0.130000,0.000000
20736,20736000,-1.000000,0.130000,0.000000
20742,20742000,-1.000000,0.130000,0.000000
20748,20748000,-1.000000,0.130000,0.000000
20754,20754000,-1.000000,0.130000,0.000000
20760,20760000,-1.000000,0.130000,0.000000
20766,20766000,-1.000000,0.130000,0.000000
20772,20772000,-1.000000,0.130000,0.000000
20778,20778000,-1.000000,0.130000,0.000000
20784,20784000,-1.000000,0.130000,0.000000
20790,20790000,-1.000000,0.130000,0.000000
20796,20796000,-1.000000,0.130000,0.000000
20802,20802000,-1.000000,0.130000,0.000000
20808,20808000,-1.000000,0.130000,0.000000
20814,20814000,-1.000000,0.130000,0.000000
20820,20820000,-1.000000,0.130000,0.000000
20826,20826000,-1.000000,0.130000,0.000000
20832,20832000,-1.000000,0.130000,0.000000
20838,20838000,-1.000000,0.130000,0.000000
20844,20844000,-1.000000,0.130000,0.000000
20850,20850000,-1.000000,0.130000,0.000000
20856,20856000,-1.000000,0.130000,0.000000
20862,20862000,-1.000000,0.130000,0.000000
20868,20868000,-1.000000,0.130000,0.000000
20874,20874000,-1.000000,0.130000,0.000000
20880,20880000,-1.000000,0.130000,0.000000
20886,20886000,-1.000000,0.130000,0.000000
20892,20892000,-1.000000,0.130000,0.000000
20898,20898000,-1.000000,0.130000,0.000000
20904,20904000,-1.000000,0.130000,0.000000
20910,20910000,-1.000000,0.130000,0.000000
20916,20916000,-1.000000,0.130000,0.000000
20922,20922000,-1.000000,0.130000,0.000000
20928,20928000,-1.000000,0.130000,0.000000
20934,20934000,-1.000000,0.130000,0.000000
20940,20940000,-1.000000,0.130000,0.000000
20946,20946000,-1.000000,0.130000,0.000000
20952,20952000,-1.000000,0.130000,0.000000
20958,20958000,-1.000000,0.130000,0.000000
20964,20964000,-1.000000,0.130000,0.000000
20970,20970000,-1.000000,0.130000,0.000000
20976,20976000,-1.000000,0.130000,0.000000
20982,20982000,-1.000000,0.130000,0.000000
20988,20988000,-1.000000,0.130000,0.000000
20994,20994000,-1.000000,0.130000,0.000000
21000,21000000,-1.000000,0.130000,0.000000
21006,21006000,-1.000000,0.130000,0.000000
21012,21012000,-1.000000,0.130000,0.000000
21018,21018000,-1.000000,0.130000,0.000000
21024,21024000,-1.000000,0.130000,0.000000
21030,21030000,-1.000000,0.130000,0.000000
21036,21036000,-1.000000,0.130000,0.000000
21042,21042000,-1.000000,0.130000,0.000000
21048,21048000,-1.000000,0.130000,0.000000
21054,21054000,-1.000000,0.130000,0.000000
21060,21060000,-1.000000,0.130000,0.000000
21066,21066000,-1.000000,0.130000,0.000000
21072,21072000,-1.000000,0.130000,0.000000
21078,21078000,-1.000000,0.130000,0.000000
21084,21084000,-1.000000,0.130000,0.000000
21090,21090000,-1.000000,0.130000,0.000000
21096,21096000,-1.000000,0.130000,0.000000
21102,21102000,-1.000000,0.130000,0.000000
21108,21108000,-1.000000,0.130000,0.000000
21114,21114000,-1.000000,0.130000,0.000000
21120,21120000,-1.000000,0.130000,0.000000
21126,21126000,-1.000000,0.130000,0.000000
21132,21132000,-1.000000,0.130000,0.000000
21138,21138000,-1.000000,0.130000,0.000000
21144,21144000,-1.000000,0.130000,0.000000
21150,21150000,-1.000000,0.130000,0.000000
21156,21156000,-1.000000,0.130000,0.000000
21162,21162000,-1.000000,0.130000,0.000000
21168,21168000,-1.000000,0.130000,0.000000
21174,21174000,-1.000000,0.130000,0.000000
21180,21180000,-1.000000,0.130000,0.000000
21186,21186000,-1.000000,0.130000,0.000000
21192,21192000,-1.000000,0.130000,0.000000
21198,21198000,-1.000000,0.130000,0.000000
21204,21204000,-1.000000,0.130000,0.000000
21210,21210000,-1.000000,0.130000,0.000000
21216,21216000,-1.000000,0.130000,0.000000
21222,21222000,-1.000000,0.130000,0.000000
21228,21228000,-1.000000,0.130000,0.000000
21234,21234000,-1.000000,0.130000,0.000000
21240,21240000,-1.000000,0.130000,0.000000
21246,21246000,-1.000000,0.130000,0.000000
21252,21252000,-1.000000,0.130000,0.000000
21258,21258000,-1.000000,0.130000,0.000000
21264,21264000,-1.000000,0.130000,0.000000
21270,21270000,-1.000000,0.130000,0.000000
21276,21276000,-1.000000,0.130000,0.000000
21282,21282000,-1.000000,0.130000,0.000000
21288,21288000,-1.000000,0.130000,0.000000
21294,21294000,-1.000000,0.130000,0.000000
21300,21300000,-1.000000,0.130000,0.000000
21306,21306000,-1.000000,0.130000,0.000000
21312,21312000,-1.000000,0.130000,0.000000
21318,21318000,-1.000000,0.130000,0.000000
21324,21324000,-1.000000,0.130000,0.000000
21330,21330000,-1.000000,0.130000,0.000000
21336,21336000,-1.000000,0.130000,0.000000
21342,21342000,-1.000000,0.130000,0.000000
21348,21348000,-1.000000,0.130000,0.000000
21354,21354000,-1.000000,0.130000,0.000000
21360,21360000,-1.000000,0.130000,0.000000
21366,21366000,-1.000000,0.130000,0.000000
21372,21372000,-1.000000,0.130000,0.000000
21378,21378000,-1.000000,0.130000,0.000000
21384,21384000,-1.000000,0.130000,0.000000
21390,21390000,-1.000000,0.130000,0.000000
21396,21396000,-1.000000,0.130000,0.000000
21402,21402000,-1.000000,0.130000,0.000000
21408,21408000,-1.000000,0.130000,0.000000
21414,21414000,-1.000000,0.130000,0.000000
21420,21420000,-1.000000,0.130000,0.000000
21426,21426000,-1.000000,0.130000,0.000000
21432,21432000,-1.000000,0.130000,0.000000
21438,21438000,-1.000000,0.130000,0.000000
21444,21444000,-1.000000,0.130000,0.000000
21450,21450000,-1.000000,0.130000,0.000000
21456,21456000,-1.000000,0.130000,0.000000
21462,21462000,-1.000000,0.130000,0.000000
21468,21468000,-1.000000,0.130000,0.000000
21474,21474000,-1.000000,0.130000,0.000000
21480,21480000,-1.000000,0.130000,0.000000
21486,21486000,-1.000000,0.130000,0.000000
21492,21492000,-1.000000,0.130000,0.000000
21498,21498000,-1.000000,0.130000,0.000000
21504,21504000,-1.000000,0.130000,0.000000
21510,21510000,-1.000000,0.130000,0.000000
21516,21516000,-1.000000,0.130000,0.000000
21522,21522000,-1.000000,0.130000,0.000000
21528,21528000,-1.000000,0.130000,0.000000
21534,21534000,-1.000000,0.130000,0.000000
21540,21540000,-1.000000,0.130000,0.000000
21546,21546000,-1.000000,0.130000,0.000000
21552,21552000,-1.000000,0.130000,0.000000
21558,21558000,-1.000000,0.130000,0.000000
21564,21564000,-1.000000,0.130000,0.000000
21570,21570000,-1.000000,0.130000,0.000000
21576,21576000,-1.000000,0.130000,0.000000
21582,21582000,-1.000000,0.130000,0.000000
21588,21588000,-1.000000,0.130000,0.000000
21594,21594000,-1.000000,0.130000,0.000000
21600,21600000,-1.000000,0.130000,0.000000
21606,21606000,-1.000000,0.130000,0.000000
21612,21612000,-1.000000,0.130000,0.000000
21618,21618000,-1.000000,0.130000,0.000000
21624,21624000,-1.000000,0.130000,0.000000
21630,21630000,-1.000000,0.130000,0.000000
21636,21636000,-1.000000,0.130000,0.000000
21642,21642000,-1.000000,0.130000,0.000000
21648,21648000,-1.000000,0.130000,0.000000
21654,21654000,-1.000000,0.130000,0.000000
21660,21660000,-1.000000,0.130000,0.000000
21666,21666000,-1.000000,0.130000,0.000000
21672,21672000,-1.000000,0.130000,0.000000
21678,21678000,-1.000000,0.130000,0.000000
21684,21684000,-1.000000,0.130000,0.000000
21690,21690000,-1.000000,0.130000,0.000000
21696,21696000,-1.000000,0.130000,0.000000
21702,21702000,-1.000000,0.130000,0.000000
21708,21708000,-1.000000,0.130000,0.000000
21714,21714000,-1.000000,0.130000,0.000000
21720,21720000,-1.000000,0.130000,0.000000
21726,21726000,-1.000000,0.130000,0.000000
21732,21732000,-1.000000,0.130000,0.000000
21738,21738000,-1.000000,0.130000,0.000000
21744,21744000,-1.000000,0.130000,0.000000
21750,21750000,-1.000000,0.130000,0.000000
21756,21756000,-1.000000,0.130000,0.000000
21762,21762000,-1.000000,0.130000,0.000000
21768,21768000,-1.000000,0.130000,0.000000
21774,21774000,-1.000000,0.130000,0.000000
21780,21780000,-1.000000,0.130000,0.000000
21786,21786000,-1.000000,0.130000,0.000000
21792,21792000,-1.000000,0.130000,0.000000
21798,21798000,-1.000000,0.130000,0.000000
21804,21804000,-1.000000,0.130000,0.000000
21810,21810000,-1.000000,0.130000,0.000000
21816,21816000,-1.000000,0.130000,0.000000
21822,21822000,-1.000000,0.130000,0.000000
21828,21828000,-1.000000,0.130000,0.000000
21834,21834000,-1.000000,0.130000,0.000000
21840,21840000,-1.000000,0.130000,0.000000
21846,21846000,-1.000000,0.130000,0.000000
21852,21852000,-1.000000,0.130000,0.000000
21858,21858000,-1.000000,0.130000,0.000000
21864,21864000,-1.000000,0.130000,0.000000
21870,21870000,-1.000000,0.130000,0.000000
21876,21876000,-1.000000,0.130000,0.000000
21882,21882000,-1.000000,0.130000,0.000000
21888,21888000,-1.000000,0.130000,0.000000
21894,21894000,-1.000000,0.130000,0.000000
21900,21900000,-1.000000,0.130000,0.000000
21906,21906000,-1.000000,0.130000,0.000000
21912,21912000,-1.000000,0.130000,0.000000
21918,21918000,-1.000000,0.130000,0.000000
21924,21924000,-1.000000,0.130000,0.000000
21930,21930000,-1.000000,0.130000,0.000000
21936,21936000,-1.000000,0.130000,0.000000
21942,21942000,-1.000000,0.130000,0.000000
21948,21948000,-1.000000,0.130000,0.000000
21954,21954000,-1.000000,0.130000,0.000000
21960,21960000,-1.000000,0.130000,0.000000
21966,21966000,-1.000000,0.130000,0.000000
21972,21972000,-1.000000,0.130000,0.000000
21978,21978000,-1.000000,0.130000,0.000000
21984,21984000,-1.000000,0.130000,0.000000
21990,21990000,-1.000000,0.130000,0.000000
21996,21996000,-1.000000,0.130000,0.000000
22002,22002000,-1.000000,0.130000,0.000000
22008,22008000,-1.000000,0.130000,0.000000
22014,22014000,-1.000000,0.130000,0.000000
22020,22020000,-1.000000,0.130000,0.000000
22026,22026000,-1.000000,0.130000,0.000000
22032,22032000,-1.000000,0.130000,0.000000
22038,22038000,-1.000000,0.130000,0.000000
22044,22044000,-1.000000,0.130000,0.000000
22050,22050000,-1.000000,0.130000,0.000000
22056,22056000,-1.000000,0.130000,0.000000
22062,22062000,-1.000000,0.130000,0.000000
22068,22068000,-1.000000,0.130000,0.000000
22074,22074000,-1.000000,0.130000,0.000000
22080,22080000,-1.000000,0.130000,0.000000
22086,22086000,-1.000000,0.130000,0.000000
22092,22092000,-1.000000,0.130000,0.000000
22098,22098000,-1.000000,0.130000,0.000000
22104,22104000,-1.000000,0.130000,0.000000
22110,22110000,-1.000000,0.130000,0.000000
22116,22116000,-1.000000,0.130000,0.000000
22122,22122000,-1.000000,0.130000,0.000000
22128,22128000,-1.000000,0.130000,0.000000
22134,22134000,-1.000000,0.130000,0.000000
22140,22140000,-1.000000,0.130000,0.000000
22146,22146000,-1.000000,0.130000,0.000000
22152,22152000,-1.000000,0.130000,0.000000
22158,22158000,-1.000000,0.130000,0.000000
22164,22164000,-1.000000,0.130000,0.000000
22170,22170000,-1.000000,0.130000,0.000000
22176,22176000,-1.000000,0.130000,0.000000
22182,22182000,-1.000000,0.130000,0.000000
22188,22188000,-1.000000,0.130000,0.000000
22194,22194000,-1.000000,0.130000,0.000000
22200,22200000,-1.000000,0.130000,0.000000
22206,22206000,-1.000000,0.130000,0.000000
22212,22212000,-1.000000,0.130000,0.000000
22218,22218000,-1.000000,0.130000,0.000000
22224,22224000,-1.000000,0.130000,0.000000
22230,22230000,-1.000000,0.130000,0.000000
22236,22236000,-1.000000,0.130000,0.000000
22242,22242000,-1.000000,0.130000,0.000000
22248,22248000,-1.000000,0.130000,0.000000
22254,22254000,-1.000000,0.130000,0.000000
22260,22260000,-1.000000,0.130000,0.000000
22266,22266000,-1.000000,0.130000,0.000000
22272,22272000,-1.000000,0.130000,0.000000
22278,22278000,-1.000000,0.130000,0.000000
22284,22284000,-1.000000,0.130000,0.000000
22290,22290000,-1.000000,0.130000,0.000000
22296,22296000,-1.000000,0.130000,0.000000
22302,22302000,-1.000000,0.130000,0.000000
22308,22308000,-1.000000,0.130000,0.000000
22314,22314000,-1.000000,0.130000,0.000000
22320,22320000,-1.000000,0.130000,0.000000
22326,22326000,-1.000000,0.130000,0.000000
22332,22332000,-1.000000,0.130000,0.000000
22338,22338000,-1.000000,0.130000,0.000000
22344,22344000,-1.000000,0.130000,0.000000
22350,22350000,-1.000000,0.130000,0.000000
22356,22356000,-1.000000,0.130000,0.000000
22362,22362000,-1.000000,0.130000,0.000000
22368,22368000,-1.000000,0.130000,0.000000
22374,22374000,-1.000000,0.130000,0.000000
22380,22380000,-1.000000,0.130000,0.000000
22386,22386000,-1.000000,0.130000,0.000000
22392,22392000,-1.000000,0.130000,0.000000
22398,22398000,-1.000000,0.130000,0.000000
22404,22404000,-1.000000,0.130000,0.000000
22410,22410000,-1.000000,0.130000,0.000000
22416,22416000,-1.000000,0.130000,0.000000
22422,22422000,-1.000000,0.130000,0.000000
22428,22428000,-1.000000,0.130000,0.000000
22434,22434000,-1.000000,0.130000,0.000000
22440,22440000,-1.000000,0.130000,0.000000
22446,22446000,-1.000000,0.130000,0.000000
22452,22452000,-1.000000,0.130000,0.000000
22458,22458000,-1.000000,0.130000,0.000000
22464,22464000,-1.000000,0.130000,0.000000
22470,22470000,-1.000000,0.130000,0.000000
22476,22476000,-1.000000,0.130000,0.000000
22482,22482000,-1.000000,0.130000,0.000000
22488,22488000,-1.000000,0.130000,0.000000
22494,22494000,-1.000000,0.130000,0.000000
22500,22500000,-1.000000,0.130000,0.000000
22506,22506000,-1.000000,0.130000,0.000000
22512,22512000,-1.000000,0.130000,0.000000
22518,22518000,-1.000000,0.130000,0.000000
22524,22524000,-1.000000,0.130000,0.000000
22530,22530000,-1.000000,0.130000,0.000000
22536,22536000,-1.000000,0.130000,0.000000
22542,22542000,-1.000000,0.130000,0.000000
22548,22548000,-1.000000,0.130000,0.000000
22554,22554000,-1.000000,0.130000,0.000000
22560,22560000,-1.000000,0.130000,0.000000
22566,22566000,-1.000000,0.130000,0.000000
22572,22572000,-1.000000,0.130000,0.000000
22578,22578000,-1.000000,0.130000,0.000000
22584,22584000,-1.000000,0.130000,0.000000
22590,22590000,-1.000000,0.130000,0.000000
22596,22596000,-1.000000,0.130000,0.000000
22602,22602000,-1.000000,0.130000,0.000000
22608,22608000,-1.000000,0.130000,0.000000
22614,22614000,-1.000000,0.130000,0.000000
22620,22620000,-1.000000,0.130000,0.000000
22626,22626000,-1.000000,0.130000,0.000000
22632,22632000,-1.000000,0.130000,0.000000
22638,22638000,-1.000000,0.130000,0.000000
22644,22644000,-1.000000,0.130000,0.000000
22650,22650000,-1.000000,0.130000,0.000000
22656,22656000,-1.000000,0.130000,0.000000
22662,22662000,-1.000000,0.130000,0.000000
22668,22668000,-1.000000,0.130000,0.000000
22674,22674000,-1.000000,0.130000,0.000000
22680,22680000,-1.000000,0.130000,0.000000
22686,22686000,-1.000000,0.130000,0.000000
22692,22692000,-1.000000,0.130000,0.000000
22698,22698000,-1.000000,0.130000,0.000000
22704,22704000,-1.000000,0.130000,0.000000
22710,22710000,-1.000000,0.130000,0.000000
22716,22716000,-1.000000,0.130000,0.000000
22722,22722000,-1.000000,0.130000,0.000000
22728,22728000,-1.000000,0.130000,0.000000
22734,22734000,-1.000000,0.130000,0.000000
22740,22740000,-1.000000,0.130000,0.000000
22746,22746000,-1.000000,0.130000,0.000000
22752,22752000,-1.000000,0.130000,0.000000
22758,22758000,-1.000000,0.130000,0.000000
22764,22764000,-1.000000,0.130000,0.000000
22770,22770000,-1.000000,0.130000,0.000000
22776,22776000,-1.000000,0.130000,0.000000
22782,22782000,-1.000000,0.130000,0.000000
22788,22788000,-1.000000,0.130000,0.000000
22794,22794000,-1.000000,0.130000,0.000000
22800,22800000,-1.000000,0.130000,0.000000
22806,22806000,-1.000000,0.130000,0.000000
22812,22812000,-1.000000,0.130000,0.000000
22818,22818000,-1.000000,0.130000,0.000000
22824,22824000,-1.000000,0.130000,0.000000
22830,22830000,-1.000000,0.130000,0.000000
22836,22836000,-1.000000,0.130000,0.000000
22842,22842000,-1.000000,0.130000,0.000000
22848,22848000,-1.000000,0.130000,0.000000
22854,22854000,-1.000000,0.130000,0.000000
22860,22860000,-1.000000,0.130000,0.000000
22866,22866000,-1.000000,0.130000,0.000000
22872,22872000,-1.000000,0.130000,0.000000
22878,22878000,-1.000000,0.130000,0.000000
22884,22884000,-1.000000,0.130000,0.000000
22890,22890000,-1.000000,0.130000,0.000000
22896,22896000,-1.000000,0.130000,0.000000
22902,22902000,-1.000000,0.130000,0.000000
22908,22908000,-1.000000,0.130000,0.000000
22914,22914000,-1.000000,0.130000,0.000000
22920,22920000,-1.000000,0.130000,0.000000
22926,22926000,-1.000000,0.130000,0.000000
22932,22932000,-1.000000,0.130000,0.000000
22938,22938000,-1.000000,0.130000,0.000000
22944,22944000,-1.000000,0.130000,0.000000
22950,22950000,-1.000000,0.130000,0.000000
22956,22956000,-1.000000,0.130000,0.000000
22962,22962000,-1.000000,0.130000,0.000000
22968,22968000,-1.000000,0.130000,0.000000
22974,22974000,-1.000000,0.130000,0.000000
22980,22980000,-1.000000,0.130000,0.000000
22986,22986000,-1.000000,0.130000,0.000000
22992,22992000,-1.000000,0.130000,0.000000
22998,22998000,-1.000000,0.130000,0.000000
23004,23004000,-1.000000,0.130000,0.000000
23010,23010000,-1.000000,0.130000,0.000000
23016,23016000,-1.000000,0.130000,0.000000
23022,23022000,-1.000000,0.130000,0.000000
23028,23028000,-1.000000,0.130000,0.000000
23034,23034000,-1.000000,0.130000,0.000000
23040,23040000,-1.000000,0.130000,0.000000
23046,23046000,-1.000000,0.130000,0.000000
23052,23052000,-1.000000,0.130000,0.000000
23058,23058000,-1.000000,0.130000,0.000000
23064,23064000,-1.000000,0.130000,0.000000
23070,23070000,-1.000000,0.130000,0.000000
23076,23076000,-1.000000,0.130000,0.000000
23082,23082000,-1.000000,0.130000,0.000000
23088,23088000,-1.000000,0.130000,0.000000
23094,23094000,-1.000000,0.130000,0.000000
23100,23100000,-1.000000,0.130000,0.000000
23106,23106000,-1.000000,0.130000,0.000000
23112,23112000,-1.000000,0.130000,0.000000
23118,23118000,-1.000000,0.130000,0.000000
23124,23124000,-1.000000,0.130000,0.000000
23130,23130000,-1.000000,0.130000,0.000000
23136,23136000,-1.000000,0.130000,0.000000
23142,23142000,-1.000000,0.130000,0.000000
23148,23148000,-1.000000,0.130000,0.000000
23154,23154000,-1.000000,0.130000,0.000000
23160,23160000,-1.000000,0.130000,0.000000
23166,23166000,-1.000000,0.130000,0.000000
23172,23172000,-1.000000,0.130000,0.000000
23178,23178000,-1.000000,0.130000,0.000000
23184,23184000,-1.000000,0.130000,0.000000
23190,23190000,-1.000000,0.130000,0.000000
23196,23196000,-1.000000,0.130000,0.000000
23202,23202000,-1.000000,0.130000,0.000000
23208,23208000,-1.000000,0.130000,0.000000
23214,23214000,-1.000000,0.130000,0.000000
23220,23220000,-1.000000,0.130000,0.000000
23226,23226000,-1.000000,0.130000,0.000000
23232,23232000,-1.000000,0.130000,0.000000
23238,23238000,-1.000000,0.130000,0.000000
23244,23244000,-1.000000,0.130000,0.000000
23250,23250000,-1.000000,0.130000,0.000000
23256,23256000,-1.000000,0.130000,0.000000
23262,23262000,-1.000000,0.130000,0.000000
23268,23268000,-1.000000,0.130000,0.000000
23274,23274000,-1.000000,0.130000,0.000000
23280,23280000,-1.000000,0.130000,0.000000
23286,23286000,-1.000000,0.130000,0.000000
23292,23292000,-1.000000,0.130000,0.000000
23298,23298000,-1.000000,0.130000,0.000000
23304,23304000,-1.000000,0.130000,0.000000
23310,23310000,-1.000000,0.130000,0.000000
23316,23316000,-1.000000,0.130000,0.000000
23322,23322000,-1.000000,0.130000,0.000000
23328,23328000,-1.000000,0.130000,0.000000
23334,23334000,-1.000000,0.130000,0.000000
23340,23340000,-1.000000,0.130000,0.000000
23346,23346000,-1.000000,0.130000,0.000000
23352,23352000,-1.000000,0.130000,0.000000
23358,23358000,-1.000000,0.130000,0.000000
23364,23364000,-1.000000,0.130000,0.000000
23370,23370000,-1.000000,0.130000,0.000000
23376,23376000,-1.000000,0.130000,0.000000
23382,23382000,-1.000000,0.130000,0.000000
23388,23388000,-1.000000,0.130000,0.000000
23394,23394000,-1.000000,0.130000,0.000000
23400,23400000,-1.000000,0.130000,0.000000
23406,23406000,-1.000000,0.130000,0.000000
23412,23412000,-1.000000,0.130000,0.000000
23418,23418000,-1.000000,0.130000,0.000000
23424,23424000,-1.000000,0.130000,0.000000
23430,23430000,-1.000000,0.130000,0.000000
23436,23436000,-1.000000,0.130000,0.000000
23442,23442000,-1.000000,0.130000,0.000000
23448,23448000,-1.000000,0.130000,0.000000
23454,23454000,-1.000000,0.130000,0.000000
23460,23460000,-1.000000,0.130000,0.000000
23466,23466000,-1.000000,0.130000,0.000000
23472,23472000,-1.000000,0.130000,0.000000
23478,23478000,-1.000000,0.130000,0.000000
23484,23484000,-1.000000,0.130000,0.000000
23490,23490000,-1.000000,0.130000,0.000000
23496,23496000,-1.000000,0.130000,0.000000
23502,23502000,-1.000000,0.130000,0.000000
23508,23508000,-1.000000,0.130000,0.000000
23514,23514000,-1.000000,0.130000,0.000000
23520,23520000,-1.000000,0.130000,0.000000
23526,23526000,-1.000000,0.130000,0.000000
23532,23532000,-1.000000,0.130000,0.000000
23538,23538000,-1.000000,0.130000,0.000000
23544,23544000,-1.000000,0.130000,0.000000
23550,23550000,-1.000000,0.130000,0.000000
23556,23556000,-1.000000,0.130000,0.000000
23562,23562000,-1.000000,0.130000,0.000000
23568,23568000,-1.000000,0.130000,0.000000
23574,23574000,-1.000000,0.130000,0.000000
23580,23580000,-1.000000,0.130000,0.000000
23586,23586000,-1.000000,0.130000,0.000000
23592,23592000,-1.000000,0.130000,0.000000
23598,23598000,-1.000000,0.130000,0.000000
23604,23604000,-1.000000,0.130000,0.000000
23610,23610000,-1.000000,0.130000,0.000000
23616,23616000,-1.000000,0.130000,0.000000
23622,23622000,-1.000000,0.130000,0.000000
23628,23628000,-1.000000,0.130000,0.000000
23634,23634000,-1.000000,0.130000,0.000000
23640,23640000,-1.000000,0.130000,0.000000
23646,23646000,-1.000000,0.130000,0.000000
23652,23652000,-1.000000,0.130000,0.000000
23658,23658000,-1.000000,0.130000,0.000000
23664,23664000,-1.000000,0.130000,0.000000
23670,23670000,-1.000000,0.130000,0.000000
23676,23676000,-1.000000,0.130000,0.000000
23682,23682000,-1.000000,0.130000,0.000000
23688,23688000,-1.000000,0.130000,0.000000
23694,23694000,-1.000000,0.130000,0.000000
23700,23700000,-1.000000,0.130000,0.000000
23706,23706000,-1.000000,0.130000,0.000000
23712,23712000,-1.000000,0.130000,0.000000
23718,23718000,-1.000000,0.130000,0.000000
23724,23724000,-1.000000,0.130000,0.000000
23730,23730000,-1.000000,0.130000,0.000000
23736,23736000,-1.000000,0.130000,0.000000
23742,23742000,-1.000000,0.130000,0.000000
23748,23748000,-1.000000,0.130000,0.000000
23754,23754000,-1.000000,0.130000,0.000000
23760,23760000,-1.000000,0.130000,0.000000
23766,23766000,-1.000000,0.130000,0.000000
23772,23772000,-1.000000,0.130000,0.000000
23778,23778000,-1.000000,0.130000,0.000000
23784,23784000,-1.000000,0.130000,0.000000
23790,23790000,-1.000000,0.130000,0.000000
23796,23796000,-1.000000,0.130000,0.000000
23802,23802000,-1.000000,0.130000,0.000000
23808,23808000,-1.000000,0.130000,0.000000
23814,23814000,-1.000000,0.130000,0.000000
23820,23820000,-1.000000,0.130000,0.000000
23826,23826000,-1.000000,0.130000,0.000000
23832,23832000,-1.000000,0.130000,0.000000
23838,23838000,-1.000000,0.130000,0.000000
23844,23844000,-1.000000,0.130000,0.000000
23850,23850000,-1.000000,0.130000,0.000000
23856,23856000,-1.000000,0.130000,0.000000
23862,23862000,-1.000000,0.130000,0.000000
23868,23868000,-1.000000,0.130000,0.000000
23874,23874000,-1.000000,0.130000,0.000000
23880,23880000,-1.000000,0.130000,0.000000
23886,23886000,-1.000000,0.130000,0.000000
23892,23892000,-1.000000,0.130000,0.000000
23898,23898000,-1.000000,0.130000,0.000000
23904,23904000,-1.000000,0.130000,0.000000
23910,23910000,-1.000000,0.130000,0.000000
23916,23916000,-1.000000,0.130000,0.000000
23922,23922000,-1.000000,0.130000,0.000000
23928,23928000,-1.000000,0.130000,0.000000
23934,23934000,-1.000000,0.130000,0.000000
23940,23940000,-1.000000,0.130000,0.000000
23946,23946000,-1.000000,0.130000,0.000000
23952,23952000,-1.000000,0.130000,0.000000
23958,23958000,-1.000000,0.130000,0.000000
23964,23964000,-1.000000,0.130000,0.000000
23970,23970000,-1.000000,0.130000,0.000000
23976,23976000,-1.000000,0.130000,0.000000
23982,23982000,-1.000000,0.130000,0.000000
23988,23988000,-1.000000,0.130000,0.000000
23994,23994000,-1.000000,0.130000,0.000000
24000,24000000,-1.000000,0.130000,0.000000
24006,24006000,-1.000000,0.130000,0.000000
24012,24012000,-1.000000,0.130000,0.000000
24018,24018000,-1.000000,0.130000,0.000000
24024,24024000,-1.000000,0.130000,0.000000
24030,24030000,-1.000000,0.130000,0.000000
24036,24036000,-1.000000,0.130000,0.000000
24042,24042000,-1.000000,0.130000,0.000000
24048,24048000,-1.000000,0.130000,0.000000
24054,24054000,-1.000000,0.130000,0.000000
24060,24060000,-1.000000,0.130000,0.000000
24066,24066000,-1.000000,0.130000,0.000000
24072,24072000,-1.000000,0.130000,0.000000
24078,24078000,-1.000000,0.130000,0.000000
24084,24084000,-1.000000,0.130000,0.000000
24090,24090000,-1.000000,0.130000,0.000000
24096,24096000,-1.000000,0.130000,0.000000
24102,24102000,-1.000000,0.130000,0.000000
24108,24108000,-1.000000,0.130000,0.000000
24114,24114000,-1.000000,0.130000,0.000000
24120,24120000,-1.000000,0.130000,0.000000
24126,24126000,-1.000000,0.130000,0.000000
24132,24132000,-1.000000,0.130000,0.000000
24138,24138000,-1.000000,0.130000,0.000000
24144,24144000,-1.000000,0.130000,0.000000
24150,24150000,-1.000000,0.130000,0.000000
24156,24156000,-1.000000,0.130000,0.000000
24162,24162000,-1.000000,0.130000,0.000000
24168,24168000,-1.000000,0.130000,0.000000
24174,24174000,-1.000000,0.130000,0.000000
24180,24180000,-1.000000,0.130000,0.000000
24186,24186000,-1.000000,0.130000,0.000000
24192,24192000,-1.000000,0.130000,0.000000
24198,24198000,-1.000000,0.130000,0.000000
24204,24204000,-1.000000,0.130000,0.000000
24210,24210000,-1.000000,0.130000,0.000000
24216,24216000,-1.000000,0.130000,0.000000
24222,24222000,-1.000000,0.130000,0.000000
24228,24228000,-1.000000,0.130000,0.000000
24234,24234000,-1.000000,0.130000,0.000000
24240,24240000,-1.000000,0.130000,0.000000
24246,24246000,-1.000000,0.130000,0.000000
24252,24252000,-1.000000,0.130000,0.000000
24258,24258000,-1.000000,0.130000,0.000000
24264,24264000,-1.000000,0.130000,0.000000
24270,24270000,-1.000000,0.130000,0.000000
24276,24276000,-1.000000,0.130000,0.000000
24282,24282000,-1.000000,0.130000,0.000000
24288,24288000,-1.000000,0.130000,0.000000
24294,24294000,-1.000000,0.130000,0.000000
24300,24300000,-1.000000,0.130000,0.000000
24306,24306000,-1.000000,0.130000,0.000000
24312,24312000,-1.000000,0.130000,0.000000
24318,24318000,-1.000000,0.130000,0.000000
24324,24324000,-1.000000,0.130000,0.000000
24330,24330000,-1.000000,0.130000,0.000000
24336,24336000,-1.000000,0.130000,0.000000
24342,24342000,-1.000000,0.130000,0.000000
24348,24348000,-1.000000,0.130000,0.000000
24354,24354000,-1.000000,0.130000,0.000000
24360,24360000,-1.000000,0.130000,0.000000
24366,24366000,-1.000000,0.130000,0.000000
24372,24372000,-1.000000,0.130000,0.000000
24378,24378000,-1.000000,0.130000,0.000000
24384,24384000,-1.000000,0.130000,0.000000
24390,24390000,-1.000000,0.130000,0.000000
24396,24396000,-1.000000,0.130000,0.000000
24402,24402000,-1.000000,0.130000,0.000000
24408,24408000,-1.000000,0.130000,0.000000
24414,24414000,-1.000000,0.130000,0.000000
24420,24420000,-1.000000,0.130000,0.000000
24426,24426000,-1.000000,0.130000,0.000000
24432,24432000,-1.000000,0.130000,0.000000
24438,24438000,-1.000000,0.130000,0.000000
24444,24444000,-1.000000,0.130000,0.000000
24450,24450000,-1.000000,0.130000,0.000000
24456,24456000,-1.000000,0.130000,0.000000
24462,24462000,-1.000000,0.130000,0.000000
24468,24468000,-1.000000,0.130000,0.000000
24474,24474000,-1.000000,0.130000,0.000000
24480,24480000,-1.000000,0.130000,0.000000
24486,24486000,-1.000000,0.130000,0.000000
24492,24492000,-1.000000,0.130000,0.000000
24498,24498000,-1.000000,0.130000,0.000000
24504,24504000,-1.000000,0.130000,0.000000
24510,24510000,-1.000000,0.130000,0.000000
24516,24516000,-1.000000,0.130000,0.000000
24522,24522000,-1.000000,0.130000,0.000000
24528,24528000,-1.000000,0.130000,0.000000
24534,24534000,-1.000000,0.130000,0.000000
24540,24540000,-1.000000,0.130000,0.000000
24546,24546000,-1.000000,0.130000,0.000000
24552,24552000,-1.000000,0.130000,0.000000
24558,24558000,-1.000000,0.130000,0.000000
24564,24564000,-1.000000,0.130000,0.000000
24570,24570000,-1.000000,0.130000,0.000000
24576,24576000,-1.000000,0.130000,0.000000
24582,24582000,-1.000000,0.130000,0.000000
24588,24588000,-1.000000,0.130000,0.000000
24594,24594000,-1.000000,0.130000,0.000000
24600,24600000,-1.000000,0.130000,0.000000
24606,24606000,-1.000000,0.130000,0.000000
24612,24612000,-1.000000,0.130000,0.000000
24618,24618000,-1.000000,0.130000,0.000000
24624,24624000,-1.000000,0.130000,0.000000
24630,24630000,-1.000000,0.130000,0.000000
24636,24636000,-1.000000,0.130000,0.000000
24642,24642000,-1.000000,0.130000,0.000000
24648,24648000,-1.000000,0.130000,0.000000
24654,24654000,-1.000000,0.130000,0.000000
24660,24660000,-1.000000,0.130000,0.000000
24666,24666000,-1.000000,0.130000,0.000000
24672,24672000,-1.000000,0.130000,0.000000
24678,24678000,-1.000000,0.130000,0.000000
24684,24684000,-1.000000,0.130000,0.000000
24690,24690000,-1.000000,0.130000,0.000000
24696,24696000,-1.000000,0.130000,0.000000
24702,24702000,-1.000000,0.130000,0.000000
24708,24708000,-1.000000,0.130000,0.000000
24714,24714000,-1.000000,0.130000,0.000000
24720,24720000,-1.000000,0.130000,0.000000
24726,24726000,-1.000000,0.130000,0.000000
24732,24732000,-1.000000,0.130000,0.000000
24738,24738000,-1.000000,0.130000,0.000000
24744,24744000,-1.000000,0.130000,0.000000
24750,24750000,-1.000000,0.130000,0.000000
24756,24756000,-1.000000,0.130000,0.000000
24762,24762000,-1.000000,0.130000,0.000000
24768,24768000,-1.000000,0.130000,0.000000
24774,24774000,-1.000000,0.130000,0.000000
24780,24780000,-1.000000,0.130000,0.000000
24786,24786000,-1.000000,0.130000,0.000000
24792,24792000,-1.000000,0.130000,0.000000
24798,24798000,-1.000000,0.130000,0.000000
24804,24804000,-1.000000,0.130000,0.000000
24810,24810000,-1.000000,0.130000,0.000000
24816,24816000,-1.000000,0.130000,0.000000
24822,24822000,-1.000000,0.130000,0.000000
24828,24828000,-1.000000,0.130000,0.000000
24834,24834000,-1.000000,0.130000,0.000000
24840,24840000,-1.000000,0.130000,0.000000
24846,24846000,-1.000000,0.130000,0.000000
24852,24852000,-1.000000,0.130000,0.000000
24858,24858000,-1.000000,0.130000,0.000000
24864,24864000,-1.000000,0.130000,0.000000
24870,24870000,-1.000000,0.130000,0.000000
24876,24876000,-1.000000,0.130000,0.000000
24882,24882000,-1.000000,0.130000,0.000000
24888,24888000,-1.000000,0.130000,0.000000
24894,24894000,-1.000000,0.130000,0.000000
24900,24900000,-1.000000,0.130000,0.000000
24906,24906000,-1.000000,0.130000,0.000000
24912,24912000,-1.000000,0.130000,0.000000
24918,24918000,-1.000000,0.130000,0.000000
24924,24924000,-1.000000,0.130000,0.000000
24930,24930000,-1.000000,0.130000,0.000000
24936,24936000,-1.000000,0.130000,0.000000
24942,24942000,-1.000000,0.130000,0.000000
24948,24948000,-1.000000,0.130000,0.000000
24954,24954000,-1.000000,0.130000,0.000000
24960,24960000,-1.000000,0.130000,0.000000
24966,24966000,-1.000000,0.130000,0.000000
24972,24972000,-1.000000,0.130000,0.000000
24978,24978000,-1.000000,0.130000,0.000000
24984,24984000,-1.000000,0.130000,0.000000
24990,24990000,-1.000000,0.130000,0.000000
24996,24996000,-1.000000,0.130000,0.000000
25002,25002000,-1.000000,0.130000,0.000000
25008,25008000,-1.000000,0.130000,0.000000
25014,25014000,-1.000000,0.130000,0.000000
25020,25020000,-1.000000,0.130000,0.000000
25026,25026000,-1.000000,0.130000,0.000000
25032,25032000,-1.000000,0.130000,0.000000
25038,25038000,-1.000000,0.130000,0.000000
25044,25044000,-1.000000,0.130000,0.000000
25050,25050000,-1.000000,0.130000,0.000000
25056,25056000,-1.000000,0.130000,0.000000
25062,25062000,-1.000000,0.130000,0.000000
25068,25068000,-1.000000,0.130000,0.000000
25074,25074000,-1.000000,0.130000,0.000000
25080,25080000,-1.000000,0.130000,0.000000
25086,25086000,-1.000000,0.130000,0.000000
25092,25092000,-1.000000,0.130000,0.000000
25098,25098000,-1.000000,0.130000,0.000000
25104,25104000,-1.000000,0.130000,0.000000
25110,25110000,-1.000000,0.130000,0.000000
25116,25116000,-1.000000,0.130000,0.000000
25122,25122000,-1.000000,0.130000,0.000000
25128,25128000,-1.000000,0.130000,0.000000
25134,25134000,-1.000000,0.130000,0.000000
25140,25140000,-1.000000,0.130000,0.000000
25146,25146000,-1.000000,0.130000,0.000000
25152,25152000,-1.000000,0.130000,0.000000
25158,25158000,-1.000000,0.130000,0.000000
25164,25164000,-1.000000,0.130000,0.000000
25170,25170000,-1.000000,0.130000,0.000000
25176,25176000,-1.000000,0.130000,0.000000
25182,25182000,-1.000000,0.130000,0.000000
25188,25188000,-1.000000,0.130000,0.000000
25194,25194000,-1.000000,0.130000,0.000000
25200,25200000,-1.000000,0.130000,0.000000
25206,25206000,-1.000000,0.130000,0.000000
25212,25212000,-1.000000,0.130000,0.000000
25218,25218000,-1.000000,0.130000,0.000000
25224,25224000,-1.000000,0.130000,0.000000
25230,25230000,-1.000000,0.130000,0.000000
25236,25236000,-1.000000,0.130000,0.000000
25242,25242000,-1.000000,0.130000,0.000000
25248,25248000,-1.000000,0.130000,0.000000
25254,25254000,-1.000000,0.130000,0.000000
25260,25260000,-1.000000,0.130000,0.000000
25266,25266000,-1.000000,0.130000,0.000000
25272,25272000,-1.000000,0.130000,0.000000
25278,25278000,-1.000000,0.130000,0.000000
25284,25284000,-1.000000,0.130000,0.000000
25290,25290000,-1.000000,0.130000,0.000000
25296,25296000,-1.000000,0.130000,0.000000
25302,25302000,-1.000000,0.130000,0.000000
25308,25308000,-1.000000,0.130000,0.000000
25314,25314000,-1.000000,0.130000,0.000000
25320,25320000,-1.000000,0.130000,0.000000
25326,25326000,-1.000000,0.130000,0.000000
25332,25332000,-1.000000,0.130000,0.000000
25338,25338000,-1.000000,0.130000,0.000000
25344,25344000,-1.000000,0.130000,0.000000
25350,25350000,-1.000000,0.130000,0.000000
25356,25356000,-1.000000,0.130000,0.000000
25362,25362000,-1.000000,0.130000,0.000000
25368,25368000,-1.000000,0.130000,0.000000
25374,25374000,-1.000000,0.130000,0.000000
25380,25380000,-1.000000,0.130000,0.000000
25386,25386000,-1.000000,0.130000,0.000000
25392,25392000,-1.000000,0.130000,0.000000
25398,25398000,-1.000000,0.130000,0.000000
25404,25404000,-1.000000,0.130000,0.000000
25410,25410000,-1.000000,0.130000,0.000000
25416,25416000,-1.000000,0.130000,0.000000
25422,25422000,-1.000000,0.130000,0.000000
25428,25428000,-1.000000,0.130000,0.000000
25434,25434000,-1.000000,0.130000,0.000000
25440,25440000,-1.000000,0.130000,0.000000
25446,25446000,-1.000000,0.130000,0.000000
25452,25452000,-1.000000,0.130000,0.000000
25458,25458000,-1.000000,0.130000,0.000000
25464,25464000,-1.000000,0.130000,0.000000
25470,25470000,-1.000000,0.130000,0.000000
25476,25476000,-1.000000,0.130000,0.000000
25482,25482000,-1.000000,0.130000,0.000000
25488,25488000,-1.000000,0.130000,0.000000
25494,25494000,-1.000000,0.130000,0.000000
25500,25500000,-1.000000,0.130000,0.000000
25506,25506000,-1.000000,0.130000,0.000000
25512,25512000,-1.000000,0.130000,0.000000
25518,25518000,-1.000000,0.130000,0.000000
25524,25524000,-1.000000,0.130000,0.000000
25530,25530000,-1.000000,0.130000,0.000000
25536,25536000,-1.000000,0.130000,0.000000
25542,25542000,-1.000000,0.130000,0.000000
25548,25548000,-1.000000,0.130000,0.000000
25554,25554000,-1.000000,0.130000,0.000000
25560,25560000,-1.000000,0.130000,0.000000
25566,25566000,-1.000000,0.130000,0.000000
25572,25572000,-1.000000,0.130000,0.000000
25578,25578000,-1.000000,0.130000,0.000000
25584,25584000,-1.000000,0.130000,0.000000
25590,25590000,-1.000000,0.130000,0.000000
25596,25596000,-1.000000,0.130000,0.000000
25602,25602000,-1.000000,0.130000,0.000000
25608,25608000,-1.000000,0.130000,0.000000
25614,25614000,-1.000000,0.130000,0.000000
25620,25620000,-1.000000,0.130000,0.000000
25626,25626000,-1.000000,0.130000,0.000000
25632,25632000,-1.000000,0.130000,0.000000
25638,25638000,-1.000000,0.130000,0.000000
25644,25644000,-1.000000,0.130000,0.000000
25650,25650000,-1.000000,0.130000,0.000000
25656,25656000,-1.000000,0.130000,0.000000
25662,25662000,-1.000000,0.130000,0.000000
25668,25668000,-1.000000,0.130000,0.000000
25674,25674000,-1.000000,0.130000,0.000000
25680,25680000,-1.000000,0.130000,0.000000
25686,25686000,-1.000000,0.130000,0.000000
25692,25692000,-1.000000,0.130000,0.000000
25698,25698000,-1.000000,0.130000,0.000000
25704,25704000,-1.000000,0.130000,0.000000
25710,25710000,-1.000000,0.130000,0.000000
25716,25716000,-1.000000,0.130000,0.000000
25722,25722000,-1.000000,0.130000,0.000000
25728,25728000,-1.000000,0.130000,0.000000
25734,25734000,-1.000000,0.130000,0.000000
25740,25740000,-1.000000,0.130000,0.000000
25746,25746000,-1.000000,0.130000,0.000000
25752,25752000,-1.000000,0.130000,0.000000
25758,25758000,-1.000000,0.130000,0.000000
25764,25764000,-1.000000,0.130000,0.000000
25770,25770000,-1.000000,0.130000,0.000000
25776,25776000,-1.000000,0.130000,0.000000
25782,25782000,-1.000000,0.130000,0.000000
25788,25788000,-1.000000,0.130000,0.000000
25794,25794000,-1.000000,0.130000,0.000000
25800,25800000,-1.000000,0.130000,0.000000
25806,25806000,-1.000000,0.130000,0.000000
25812,25812000,-1.000000,0.130000,0.000000
25818,25818000,-1.000000,0.130000,0.000000
25824,25824000,-1.000000,0.130000,0.000000
25830,25830000,-1.000000,0.130000,0.000000
25836,25836000,-1.000000,0.130000,0.000000
25842,25842000,-1.000000,0.130000,0.000000
25848,25848000,-1.000000,0.130000,0.000000
25854,25854000,-1.000000,0.130000,0.000000
25860,25860000,-1.000000,0.130000,0.000000
25866,25866000,-1.000000,0.130000,0.000000
25872,25872000,-1.000000,0.130000,0.000000
25878,25878000,-1.000000,0.130000,0.000000
25884,25884000,-1.000000,0.130000,0.000000
25890,25890000,-1.000000,0.130000,0.000000
25896,25896000,-1.000000,0.130000,0.000000
25902,25902000,-1.000000,0.130000,0.000000
25908,25908000,-1.000000,0.130000,0.000000
25914,25914000,-1.000000,0.130000,0.000000
25920,25920000,-1.000000,0.130000,0.000000
25926,25926000,-1.000000,0.130000,0.000000
25932,25932000,-1.000000,0.130000,0.000000
25938,25938000,-1.000000,0.130000,0.000000
25944,25944000,-1.000000,0.130000,0.000000
25950,25950000,-1.000000,0.130000,0.000000
25956,25956000,-1.000000,0.130000,0.000000
25962,25962000,-1.000000,0.130000,0.000000
25968,25968000,-1.000000,0.130000,0.000000
25974,25974000,-1.000000,0.130000,0.000000
25980,25980000,-1.000000,0.130000,0.000000
25986,25986000,-1.000000,0.130000,0.000000
25992,25992000,-1.000000,0.130000,0.000000
25998,25998000,-1.000000,0.130000,0.000000
26004,26004000,-1.000000,0.130000,0.000000
26010,26010000,-1.000000,0.130000,0.000000
26016,26016000,-1.000000,0.130000,0.000000
26022,26022000,-1.000000,0.130000,0.000000
26028,26028000,-1.000000,0.130000,0.000000
26034,26034000,-1.000000,0.130000,0.000000
26040,26040000,-1.000000,0.130000,0.000000
26046,26046000,-1.000000,0.130000,0.000000
26052,26052000,-1.000000,0.130000,0.000000
26058,26058000,-1.000000,0.130000,0.000000
26064,26064000,-1.000000,0.130000,0.000000
26070,26070000,-1.000000,0.130000,0.000000
26076,26076000,-1.000000,0.130000,0.000000
26082,26082000,-1.000000,0.130000,0.000000
26088,26088000,-1.000000,0.130000,0.000000
26094,26094000,-1.000000,0.130000,0.000000
26100,26100000,-1.000000,0.130000,0.000000
26106,26106000,-1.000000,0.130000,0.000000
26112,26112000,-1.000000,0.130000,0.000000
26118,26118000,-1.000000,0.130000,0.000000
26124,26124000,-1.000000,0.130000,0.000000
26130,26130000,-1.000000,0.130000,0.000000
26136,26136000,-1.000000,0.130000,0.000000
26142,26142000,-1.000000,0.130000,0.000000
26148,26148000,-1.000000,0.130000,0.000000
26154,26154000,-1.000000,0.130000,0.000000
26160,26160000,-1.000000,0.130000,0.000000
26166,26166000,-1.000000,0.130000,0.000000
26172,26172000,-1.000000,0.130000,0.000000
26178,26178000,-1.000000,0.130000,0.000000
26184,26184000,-1.000000,0.130000,0.000000
26190,26190000,-1.000000,0.130000,0.000000
26196,26196000,-1.000000,0.130000,0.000000
26202,26202000,-1.000000,0.130000,0.000000
26208,26208000,-1.000000,0.130000,0.000000
26214,26214000,-1.000000,0.130000,0.000000
26220,26220000,-1.000000,0.130000,0.000000
26226,26226000,-1.000000,0.130000,0.000000
26232,26232000,-1.000000,0.130000,0.000000
26238,26238000,-1.000000,0.130000,0.000000
26244,26244000,-1.000000,0.130000,0.000000
26250,26250000,-1.000000,0.130000,0.000000
26256,26256000,-1.000000,0.130000,0.000000
26262,26262000,-1.000000,0.130000,0.000000
26268,26268000,-1.000000,0.130000,0.000000
26274,26274000,-1.000000,0.130000,0.000000
26280,26280000,-1.000000,0.130000,0.000000
26286,26286000,-1.000000,0.130000,0.000000
26292,26292000,-1.000000,0.130000,0.000000
26298,26298000,-1.000000,0.130000,0.000000
26304,26304000,-1.000000,0.130000,0.000000
26310,26310000,-1.000000,0.130000,0.000000
26316,26316000,-1.000000,0.130000,0.000000
26322,26322000,-1.000000,0.130000,0.000000
26328,26328000,-1.000000,0.130000,0.000000
26334,26334000,-1.000000,0.130000,0.000000
26340,26340000,-1.000000,0.130000,0.000000
26346,26346000,-1.000000,0.130000,0.000000
26352,26352000,-1.000000,0.130000,0.000000
26358,26358000,-1.000000,0.130000,0.000000
26364,26364000,-1.000000,0.130000,0.000000
26370,26370000,-1.000000,0.130000,0.000000
26376,26376000,-1.000000,0.130000,0.000000
26382,26382000,-1.000000,0.130000,0.000000
26388,26388000,-1.000000,0.130000,0.000000
26394,26394000,-1.000000,0.130000,0.000000
26400,26400000,-1.000000,0.130000,0.000000
26406,26406000,-1.000000,0.130000,0.000000
26412,26412000,-1.000000,0.130000,0.000000
26418,26418000,-1.000000,0.130000,0.000000
26424,26424000,-1.000000,0.130000,0.000000
26430,26430000,-1.000000,0.130000,0.000000
26436,26436000,-1.000000,0.130000,0.000000
26442,26442000,-1.000000,0.130000,0.000000
26448,26448000,-1.000000,0.130000,0.000000
26454,26454000,-1.000000,0.130000,0.000000
26460,26460000,-1.000000,0.130000,0.000000
26466,26466000,-1.000000,0.130000,0.000000
26472,26472000,-1.000000,0.130000,0.000000
26478,26478000,-1.000000,0.130000,0.000000
26484,26484000,-1.000000,0.130000,0.000000
26490,26490000,-1.000000,0.130000,0.000000
26496,26496000,-1.000000,0.130000,0.000000
26502,26502000,-1.000000,0.130000,0.000000
26508,26508000,-1.000000,0.130000,0.000000
26514,26514000,-1.000000,0.130000,0.000000
26520,26520000,-1.000000,0.130000,0.000000
26526,26526000,-1.000000,0.130000,0.000000
26532,26532000,-1.000000,0.130000,0.000000
26538,26538000,-1.000000,0.130000,0.000000
26544,26544000,-1.000000,0.130000,0.000000
26550,26550000,-1.000000,0.130000,0.000000
26556,26556000,-1.000000,0.130000,0.000000
26562,26562000,-1.000000,0.130000,0.000000
26568,26568000,-1.000000,0.130000,0.000000
26574,26574000,-1.000000,0.130000,0.000000
26580,26580000,-1.000000,0.130000,0.000000
26586,26586000,-1.000000,0.130000,0.000000
26592,26592000,-1.000000,0.130000,0.000000
26598,26598000,-1.000000,0.130000,0.000000
26604,26604000,-1.000000,0.130000,0.000000
26610,26610000,-1.000000,0.130000,0.000000
26616,26616000,-1.000000,0.130000,0.000000
26622,26622000,-1.000000,0.130000,0.000000
26628,26628000,-1.000000,0.130000,0.000000
26634,26634000,-1.000000,0.130000,0.000000
26640,26640000,-1.000000,0.130000,0.000000
26646,26646000,-1.000000,0.130000,0.000000
26652,26652000,-1.000000,0.130000,0.000000
26658,26658000,-1.000000,0.130000,0.000000
26664,26664000,-1.000000,0.130000,0.000000
26670,26670000,-1.000000,0.130000,0.000000
26676,26676000,-1.000000,0.130000,0.000000
26682,26682000,-1.000000,0.130000,0.000000
26688,26688000,-1.000000,0.130000,0.000000
26694,26694000,-1.000000,0.130000,0.000000
26700,26700000,-1.000000,0.130000,0.000000
26706,26706000,-1.000000,0.130000,0.000000
26712,26712000,-1.000000,0.130000,0.000000
26718,26718000,-1.000000,0.130000,0.000000
26724,26724000,-1.000000,0.130000,0.000000
26730,26730000,-1.000000,0.130000,0.000000
26736,26736000,-1.000000,0.130000,0.000000
26742,26742000,-1.000000,0.130000,0.000000
26748,26748000,-1.000000,0.130000,0.000000
26754,26754000,-1.000000,0.130000,0.000000
26760,26760000,-1.000000,0.130000,0.000000
26766,26766000,-1.000000,0.130000,0.000000
26772,26772000,-1.000000,0.130000,0.000000
26778,26778000,-1.000000,0.130000,0.000000
26784,26784000,-1.000000,0.130000,0.000000
26790,26790000,-1.000000,0.130000,0.000000
26796,26796000,-1.000000,0.130000,0.000000
26802,26802000,-1.000000,0.130000,0.000000
26808,26808000,-1.000000,0.130000,0.000000
26814,26814000,-1.000000,0.130000,0.000000
26820,26820000,-1.000000,0.130000,0.000000
26826,26826000,-1.000000,0.130000,0.000000
26832,26832000,-1.000000,0.130000,0.000000
26838,26838000,-1.000000,0.130000,0.000000
26844,26844000,-1.000000,0.130000,0.000000
26850,26850000,-1.000000,0.130000,0.000000
26856,26856000,-1.000000,0.130000,0.000000
26862,26862000,-1.000000,0.130000,0.000000
26868,26868000,-1.000000,0.130000,0.000000
26874,26874000,-1.000000,0.130000,0.000000
26880,26880000,-1.000000,0.130000,0.000000
26886,26886000,-1.000000,0.130000,0.000000
26892,26892000,-1.000000,0.130000,0.000000
26898,26898000,-1.000000,0.130000,0.000000
26904,26904000,-1.000000,0.130000,0.000000
26910,26910000,-1.000000,0.130000,0.000000
26916,26916000,-1.000000,0.130000,0.000000
26922,26922000,-1.000000,0.130000,0.000000
26928,26928000,-1.000000,0.130000,0.000000
26934,26934000,-1.000000,0.130000,0.000000
26940,26940000,-1.000000,0.130000,0.000000
26946,26946000,-1.000000,0.130000,0.000000
26952,26952000,-1.000000,0.130000,0.000000
26958,26958000,-1.000000,0.130000,0.000000
26964,26964000,-1.000000,0.130000,0.000000
26970,26970000,-1.000000,0.130000,0.000000
26976,26976000,-1.000000,0.130000,0.000000
26982,26982000,-1.000000,0.130000,0.000000
26988,26988000,-1.000000,0.130000,0.000000
26994,26994000,-1.000000,0.130000,0.000000
27000,27000000,-1.000000,0.130000,0.000000
27006,27006000,-1.000000,0.130000,0.000000
27012,27012000,-1.000000,0.130000,0.000000
27018,27018000,-1.000000,0.130000,0.000000
27024,27024000,-1.000000,0.130000,0.000000
27030,27030000,-1.000000,0.130000,0.000000
27036,27036000,-1.000000,0.130000,0.000000
27042,27042000,-1.000000,0.130000,0.000000
27048,27048000,-1.000000,0.130000,0.000000
27054,27054000,-1.000000,0.130000,0.000000
27060,27060000,-1.000000,0.130000,0.000000
27066,27066000,-1.000000,0.130000,0.000000
27072,27072000,-1.000000,0.130000,0.000000
27078,27078000,-1.000000,0.130000,0.000000
27084,27084000,-1.000000,0.130000,0.000000
27090,27090000,-1.000000,0.130000,0.000000
27096,27096000,-1.000000,0.130000,0.000000
27102,27102000,-1.000000,0.130000,0.000000
27108,27108000,-1.000000,0.130000,0.000000
27114,27114000,-1.000000,0.130000,0.000000
27120,27120000,-1.000000,0.130000,0.000000
27126,27126000,-1.000000,0.130000,0.000000
27132,27132000,-1.000000,0.130000,0.000000
27138,27138000,-1.000000,0.130000,0.000000
27144,27144000,-1.000000,0.130000,0.000000
27150,27150000,-1.000000,0.130000,0.000000
27156,27156000,-1.000000,0.130000,0.000000
27162,27162000,-1.000000,0.130000,0.000000
27168,27168000,-1.000000,0.130000,0.000000
27174,27174000,-1.000000,0.130000,0.000000
27180,27180000,-1.000000,0.130000,0.000000
27186,27186000,-1.000000,0.130000,0.000000
27192,27192000,-1.000000,0.130000,0.000000
27198,27198000,-1.000000,0.130000,0.000000
27204,27204000,-1.000000,0.130000,0.000000
27210,27210000,-1.000000,0.130000,0.000000
27216,27216000,-1.000000,0.130000,0.000000
27222,27222000,-1.000000,0.130000,0.000000
27228,27228000,-1.000000,0.130000,0.000000
27234,27234000,-1.000000,0.130000,0.000000
27240,27240000,-1.000000,0.130000,0.000000
27246,27246000,-1.000000,0.130000,0.000000
27252,27252000,-1.000000,0.130000,0.000000
27258,27258000,-1.000000,0.130000,0.000000
27264,27264000,-1.000000,0.130000,0.000000
27270,27270000,-1.000000,0.130000,0.000000
27276,27276000,-1.000000,0.130000,0.000000
27282,27282000,-1.000000,0.130000,0.000000
27288,27288000,-1.000000,0.130000,0.000000
27294,27294000,-1.000000,0.130000,0.000000
27300,27300000,-1.000000,0.130000,0.000000
27306,27306000,-1.000000,0.130000,0.000000
27312,27312000,-1.000000,0.130000,0.000000
27318,27318000,-1.000000,0.130000,0.000000
27324,27324000,-1.000000,0.130000,0.000000
27330,27330000,-1.000000,0.130000,0.000000
27336,27336000,-1.000000,0.130000,0.000000
27342,27342000,-1.000000,0.130000,0.000000
27348,27348000,-1.000000,0.130000,0.000000
27354,27354000,-1.000000,0.130000,0.000000
27360,27360000,-1.000000,0.130000,0.000000
27366,27366000,-1.000000,0.130000,0.000000
27372,27372000,-1.000000,0.130000,0.000000
27378,27378000,-1.000000,0.130000,0.000000
27384,27384000,-1.000000,0.130000,0.000000
27390,27390000,-1.000000,0.130000,0.000000
27396,27396000,-1.000000,0.130000,0.000000
27402,27402000,-1.000000,0.130000,0.000000
27408,27408000,-1.000000,0.130000,0.000000
27414,27414000,-1.000000,0.130000,0.000000
27420,27420000,-1.000000,0.130000,0.000000
27426,27426000,-1.000000,0.130000,0.000000
27432,27432000,-1.000000,0.130000,0.000000
27438,27438000,-1.000000,0.130000,0.000000
27444,27444000,-1.000000,0.130000,0.000000
27450,27450000,-1.000000,0.130000,0.000000
27456,27456000,-1.000000,0.130000,0.000000
27462,27462000,-1.000000,0.130000,0.000000
27468,27468000,-1.000000,0.130000,0.000000
27474,27474000,-1.000000,0.130000,0.000000
27480,27480000,-1.000000,0.130000,0.000000
27486,27486000,-1.000000,0.130000,0.000000
27492,27492000,-1.000000,0.130000,0.000000
27498,27498000,-1.000000,0.130000,0.000000
27504,27504000,-1.000000,0.130000,0.000000
27510,27510000,-1.000000,0.130000,0.000000
27516,27516000,-1.000000,0.130000,0.000000
27522,27522000,-1.000000,0.130000,0.000000
27528,27528000,-1.000000,0.130000,0.000000
27534,27534000,-1.000000,0.130000,0.000000
27540,27540000,-1.000000,0.130000,0.000000
27546,27546000,-1.000000,0.130000,0.000000
27552,27552000,-1.000000,0.130000,0.000000
27558,27558000,-1.000000,0.130000,0.000000
27564,27564000,-1.000000,0.130000,0.000000
27570,27570000,-1.000000,0.130000,0.000000
27576,27576000,-1.000000,0.130000,0.000000
27582,27582000,-1.000000,0.130000,0.000000
27588,27588000,-1.000000,0.130000,0.000000
27594,27594000,-1.000000,0.130000,0.000000
27600,27600000,-1.000000,0.130000,0.000000
27606,27606000,-1.000000,0.130000,0.000000
27612,27612000,-1.000000,0.130000,0.000000
27618,27618000,-1.000000,0.130000,0.000000
27624,27624000,-1.000000,0.130000,0.000000
27630,27630000,-1.000000,0.130000,0.000000
27636,27636000,-1.000000,0.130000,0.000000
27642,27642000,-1.000000,0.130000,0.000000
27648,27648000,-1.000000,0.130000,0.000000
27654,27654000,-1.000000,0.130000,0.000000
27660,27660000,-1.000000,0.130000,0.000000
27666,27666000,-1.000000,0.130000,0.000000
27672,27672000,-1.000000,0.130000,0.000000
27678,27678000,-1.000000,0.130000,0.000000
27684,27684000,-1.000000,0.130000,0.000000
27690,27690000,-1.000000,0.130000,0.000000
27696,27696000,-1.000000,0.130000,0.000000
27702,27702000,-1.000000,0.130000,0.000000
27708,27708000,-1.000000,0.130000,0.000000
27714,27714000,-1.000000,0.130000,0.000000
27720,27720000,-1.000000,0.130000,0.000000
27726,27726000,-1.000000,0.130000,0.000000
27732,27732000,-1.000000,0.130000,0.000000
27738,27738000,-1.000000,0.130000,0.000000
27744,27744000,-1.000000,0.130000,0.000000
27750,27750000,-1.000000,0.130000,0.000000
27756,27756000,-1.000000,0.130000,0.000000
27762,27762000,-1.000000,0.130000,0.000000
27768,27768000,-1.000000,0.130000,0.000000
27774,27774000,-1.000000,0.130000,0.000000
27780,27780000,-1.000000,0.130000,0.000000
27786,27786000,-1.000000,0.130000,0.000000
27792,27792000,-1.000000,0.130000,0.000000
27798,27798000,-1.000000,0.130000,0.000000
27804,27804000,-1.000000,0.130000,0.000000
27810,27810000,-1.000000,0.130000,0.000000
27816,27816000,-1.000000,0.130000,0.000000
27822,27822000,-1.000000,0.130000,0.000000
27828,27828000,-1.000000,0.130000,0.000000
27834,27834000,-1.000000,0.130000,0.000000
27840,27840000,-1.000000,0.130000,0.000000
27846,27846000,-1.000000,0.130000,0.000000
27852,27852000,-1.000000,0.130000,0.000000
27858,27858000,-1.000000,0.130000,0.000000
27864,27864000,-1.000000,0.130000,0.000000
27870,27870000,-1.000000,0.130000,0.000000
27876,27876000,-1.000000,0.130000,0.000000
27882,27882000,-1.000000,0.130000,0.000000
27888,27888000,-1.000000,0.130000,0.000000
27894,27894000,-1.000000,0.130000,0.000000
27900,27900000,-1.000000,0.130000,0.000000
27906,27906000,-1.000000,0.130000,0.000000
27912,27912000,-1.000000,0.130000,0.000000
27918,27918000,-1.000000,0.130000,0.000000
27924,27924000,-1.000000,0.130000,0.000000
27930,27930000,-1.000000,0.130000,0.000000
27936,27936000,-1.000000,0.130000,0.000000
27942,27942000,-1.000000,0.130000,0.000000
27948,27948000,-1.000000,0.130000,0.000000
27954,27954000,-1.000000,0.130000,0.000000
27960,27960000,-1.000000,0.130000,0.000000
27966,27966000,-1.000000,0.130000,0.000000
27972,27972000,-1.000000,0.130000,0.000000
27978,27978000,-1.000000,0.130000,0.000000
27984,27984000,-1.000000,0.130000,0.000000
27990,27990000,-1.000000,0.130000,0.000000
27996,27996000,-1.000000,0.130000,0.000000
28002,28002000,-1.000000,0.130000,0.000000
28008,28008000,-1.000000,0.130000,0.000000
28014,28014000,-1.000000,0.130000,0.000000
28020,28020000,-1.000000,0.130000,0.000000
28026,28026000,-1.000000,0.130000,0.000000
28032,28032000,-1.000000,0.130000,0.000000
28038,28038000,-1.000000,0.130000,0.000000
28044,28044000,-1.000000,0.130000,0.000000
28050,28050000,-1.000000,0.130000,0.000000
28056,28056000,-1.000000,0.130000,0.000000
28062,28062000,-1.000000,0.130000,0.000000
28068,28068000,-1.000000,0.130000,0.000000
28074,28074000,-1.000000,0.130000,0.000000
28080,28080000,-1.000000,0.130000,0.000000
28086,28086000,-1.000000,0.130000,0.000000
28092,28092000,-1.000000,0.130000,0.000000
28098,28098000,-1.000000,0.130000,0.000000
28104,28104000,-1.000000,0.130000,0.000000
28110,28110000,-1.000000,0.130000,0.000000
28116,28116000,-1.000000,0.130000,0.000000
28122,28122000,-1.000000,0.130000,0.000000
28128,28128000,-1.000000,0.130000,0.000000
28134,28134000,-1.000000,0.130000,0.000000
28140,28140000,-1.000000,0.130000,0.000000
28146,28146000,-1.000000,0.130000,0.000000
28152,28152000,-1.000000,0.130000,0.000000
28158,28158000,-1.000000,0.130000,0.000000
28164,28164000,-1.000000,0.130000,0.000000
28170,28170000,-1.000000,0.130000,0.000000
28176,28176000,-1.000000,0.130000,0.000000
28182,28182000,-1.000000,0.130000,0.000000
28188,28188000,-1.000000,0.130000,0.000000
28194,28194000,-1.000000,0.130000,0.000000
28200,28200000,-1.000000,0.130000,0.000000
28206,28206000,-1.000000,0.130000,0.000000
28212,28212000,-1.000000,0.130000,0.000000
28218,28218000,-1.000000,0.130000,0.000000
28224,28224000,-1.000000,0.130000,0.000000
28230,28230000,-1.000000,0.130000,0.000000
28236,28236000,-1.000000,0.130000,0.000000
28242,28242000,-1.000000,0.130000,0.000000
28248,28248000,-1.000000,0.130000,0.000000
28254,28254000,-1.000000,0.130000,0.000000
28260,28260000,-1.000000,0.130000,0.000000
28266,28266000,-1.000000,0.130000,0.000000
28272,28272000,-1.000000,0.130000,0.000000
28278,28278000,-1.000000,0.130000,0.000000
28284,28284000,-1.000000,0.130000,0.000000
28290,28290000,-1.000000,0.130000,0.000000
28296,28296000,-1.000000,0.130000,0.000000
28302,28302000,-1.000000,0.130000,0.000000
28308,28308000,-1.000000,0.130000,0.000000
28314,28314000,-1.000000,0.130000,0.000000
28320,28320000,-1.000000,0.130000,0.000000
28326,28326000,-1.000000,0.130000,0.000000
28332,28332000,-1.000000,0.130000,0.000000
28338,28338000,-1.000000,0.130000,0.000000
28344,28344000,-1.000000,0.130000,0.000000
28350,28350000,-1.000000,0.130000,0.000000
28356,28356000,-1.000000,0.130000,0.000000
28362,28362000,-1.000000,0.130000,0.000000
28368,28368000,-1.000000,0.130000,0.000000
28374,28374000,-1.000000,0.130000,0.000000
28380,28380000,-1.000000,0.130000,0.000000
28386,28386000,-1.000000,0.130000,0.000000
28392,28392000,-1.000000,0.130000,0.000000
28398,28398000,-1.000000,0.130000,0.000000
28404,28404000,-1.000000,0.130000,0.000000
28410,28410000,-1.000000,0.130000,0.000000
28416,28416000,-1.000000,0.130000,0.000000
28422,28422000,-1.000000,0.130000,0.000000
28428,28428000,-1.000000,0.130000,0.000000
28434,28434000,-1.000000,0.130000,0.000000
28440,28440000,-1.000000,0.130000,0.000000
28446,28446000,-1.000000,0.130000,0.000000
28452,28452000,-1.000000,0.130000,0.000000
28458,28458000,-1.000000,0.130000,0.000000
28464,28464000,-1.000000,0.130000,0.000000
28470,28470000,-1.000000,0.130000,0.000000
28476,28476000,-1.000000,0.130000,0.000000
28482,28482000,-1.000000,0.130000,0.000000
28488,28488000,-1.000000,0.130000,0.000000
28494,28494000,-1.000000,0.130000,0.000000
28500,28500000,-1.000000,0.130000,0.000000
28506,28506000,-1.000000,0.130000,0.000000
28512,28512000,-1.000000,0.130000,0.000000
28518,28518000,-1.000000,0.130000,0.000000
28524,28524000,-1.000000,0.130000,0.000000
28530,28530000,-1.000000,0.130000,0.000000
28536,28536000,-1.000000,0.130000,0.000000
28542,28542000,-1.000000,0.130000,0.000000
28548,28548000,-1.000000,0.130000,0.000000
28554,28554000,-1.000000,0.130000,0.000000
28560,28560000,-1.000000,0.130000,0.000000
28566,28566000,-1.000000,0.130000,0.000000
28572,28572000,-1.000000,0.130000,0.000000
28578,28578000,-1.000000,0.130000,0.000000
28584,28584000,-1.000000,0.130000,0.000000
28590,28590000,-1.000000,0.130000,0.000000
28596,28596000,-1.000000,0.130000,0.000000
28602,28602000,-1.000000,0.130000,0.000000
28608,28608000,-1.000000,0.130000,0.000000
28614,28614000,-1.000000,0.130000,0.000000
28620,28620000,-1.000000,0.130000,0.000000
28626,28626000,-1.000000,0.130000,0.000000
28632,28632000,-1.000000,0.130000,0.000000
28638,28638000,-1.000000,0.130000,0.000000
28644,28644000,-1.000000,0.130000,0.000000
28650,28650000,-1.000000,0.130000,0.000000
28656,28656000,-1.000000,0.130000,0.000000
28662,28662000,-1.000000,0.130000,0.000000
28668,28668000,-1.000000,0.130000,0.000000
28674,28674000,-1.000000,0.130000,0.000000
28680,28680000,-1.000000,0.130000,0.000000
28686,28686000,-1.000000,0.130000,0.000000
28692,28692000,-1.000000,0.130000,0.000000
28698,28698000,-1.000000,0.130000,0.000000
28704,28704000,-1.000000,0.130000,0.000000
28710,28710000,-1.000000,0.130000,0.000000
28716,28716000,-1.000000,0.130000,0.000000
28722,28722000,-1.000000,0.130000,0.000000
28728,28728000,-1.000000,0.130000,0.000000
28734,28734000,-1.000000,0.130000,0.000000
28740,28740000,-1.000000,0.130000,0.000000
28746,28746000,-1.000000,0.130000,0.000000
28752,28752000,-1.000000,0.130000,0.000000
28758,28758000,-1.000000,0.130000,0.000000
28764,28764000,-1.000000,0.130000,0.000000
28770,28770000,-1.000000,0.130000,0.000000
28776,28776000,-1.000000,0.130000,0.000000
28782,28782000,-1.000000,0.130000,0.000000
28788,28788000,-1.000000,0.130000,0.000000
28794,28794000,-1.000000,0.130000,0.000000
28800,28800000,-1.000000,0.130000,0.000000
28806,28806000,-1.000000,0.130000,0.000000
28812,28812000,-1.000000,0.130000,0.000000
28818,28818000,-1.000000,0.130000,0.000000
28824,28824000,-1.000000,0.130000,0.000000
28830,28830000,-1.000000,0.130000,0.000000
28836,28836000,-1.000000,0.130000,0.000000
28842,28842000,-1.000000,0.130000,0.000000
28848,28848000,-1.000000,0.130000,0.000000
28854,28854000,-1.000000,0.130000,0.000000
28860,28860000,-1.000000,0.130000,0.000000
28866,28866000,-1.000000,0.130000,0.000000
28872,28872000,-1.000000,0.130000,0.000000
28878,28878000,-1.000000,0.130000,0.000000
28884,28884000,-1.000000,0.130000,0.000000
28890,28890000,-1.000000,0.130000,0.000000
28896,28896000,-1.000000,0.130000,0.000000
28902,28902000,-1.000000,0.130000,0.000000
28908,28908000,-1.000000,0.130000,0.000000
28914,28914000,-1.000000,0.130000,0.000000
28920,28920000,-1.000000,0.130000,0.000000
28926,28926000,-1.000000,0.130000,0.000000
28932,28932000,-1.000000,0.130000,0.000000
28938,28938000,-1.000000,0.130000,0.000000
28944,28944000,-1.000000,0.130000,0.000000
28950,28950000,-1.000000,0.130000,0.000000
28956,28956000,-1.000000,0.130000,0.000000
28962,28962000,-1.000000,0.130000,0.000000
28968,28968000,-1.000000,0.130000,0.000000
28974,28974000,-1.000000,0.130000,0.000000
28980,28980000,-1.000000,0.130000,0.000000
28986,28986000,-1.000000,0.130000,0.000000
28992,28992000,-1.000000,0.130000,0.000000
28998,28998000,-1.000000,0.130000,0.000000
29004,29004000,-1.000000,0.130000,0.000000
29010,29010000,-1.000000,0.130000,0.000000
29016,29016000,-1.000000,0.130000,0.000000
29022,29022000,-1.000000,0.130000,0.000000
29028,29028000,-1.000000,0.130000,0.000000
29034,29034000,-1.000000,0.130000,0.000000
29040,29040000,-1.000000,0.130000,0.000000
29046,29046000,-1.000000,0.130000,0.000000
29052,29052000,-1.000000,0.130000,0.000000
29058,29058000,-1.000000,0.130000,0.000000
29064,29064000,-1.000000,0.130000,0.000000
29070,29070000,-1.000000,0.130000,0.000000
29076,29076000,-1.000000,0.130000,0.000000
29082,29082000,-1.000000,0.130000,0.000000
29088,29088000,-1.000000,0.130000,0.000000
29094,29094000,-1.000000,0.130000,0.000000
29100,29100000,-1.000000,0.130000,0.000000
29106,29106000,-1.000000,0.130000,0.000000
29112,29112000,-1.000000,0.130000,0.000000
29118,29118000,-1.000000,0.130000,0.000000
29124,29124000,-1.000000,0.130000,0.000000
29130,29130000,-1.000000,0.130000,0.000000
29136,29136000,-1.000000,0.130000,0.000000
29142,29142000,-1.000000,0.130000,0.000000
29148,29148000,-1.000000,0.130000,0.000000
29154,29154000,-1.000000,0.130000,0.000000
29160,29160000,-1.000000,0.130000,0.000000
29166,29166000,-1.000000,0.130000,0.000000
29172,29172000,-1.000000,0.130000,0.000000
29178,29178000,-1.000000,0.130000,0.000000
29184,29184000,-1.000000,0.130000,0.000000
29190,29190000,-1.000000,0.130000,0.000000
29196,29196000,-1.000000,0.130000,0.000000
29202,29202000,-1.000000,0.130000,0.000000
29208,29208000,-1.000000,0.130000,0.000000
29214,29214000,-1.000000,0.130000,0.000000
29220,29220000,-1.000000,0.130000,0.000000
29226,29226000,-1.000000,0.130000,0.000000
29232,29232000,-1.000000,0.130000,0.000000
29238,29238000,-1.000000,0.130000,0.000000
29244,29244000,-1.000000,0.130000,0.000000
29250,29250000,-1.000000,0.130000,0.000000
29256,29256000,-1.000000,0.130000,0.000000
29262,29262000,-1.000000,0.130000,0.000000
29268,29268000,-1.000000,0.130000,0.000000
29274,29274000,-1.000000,0.130000,0.000000
29280,29280000,-1.000000,0.130000,0.000000
29286,29286000,-1.000000,0.130000,0.000000
29292,29292000,-1.000000,0.130000,0.000000
29298,29298000,-1.000000,0.130000,0.000000
29304,29304000,-1.000000,0.130000,0.000000
29310,29310000,-1.000000,0.130000,0.000000
29316,29316000,-1.000000,0.130000,0.000000
29322,29322000,-1.000000,0.130000,0.000000
29328,29328000,-1.000000,0.130000,0.000000
29334,29334000,-1.000000,0.130000,0.000000
29340,29340000,-1.000000,0.130000,0.000000
29346,29346000,-1.000000,0.130000,0.000000
29352,29352000,-1.000000,0.130000,0.000000
29358,29358000,-1.000000,0.130000,0.000000
29364,29364000,-1.000000,0.130000,0.000000
29370,29370000,-1.000000,0.130000,0.000000
29376,29376000,-1.000000,0.130000,0.000000
29382,29382000,-1.000000,0.130000,0.000000
29388,29388000,-1.000000,0.130000,0.000000
29394,29394000,-1.000000,0.130000,0.000000
29400,29400000,-1.000000,0.130000,0.000000
29406,29406000,-1.000000,0.130000,0.000000
29412,29412000,-1.000000,0.130000,0.000000
29418,29418000,-1.000000,0.130000,0.000000
29424,29424000,-1.000000,0.130000,0.000000
29430,29430000,-1.000000,0.130000,0.000000
29436,29436000,-1.000000,0.130000,0.000000
29442,29442000,-1.000000,0.130000,0.000000
29448,29448000,-1.000000,0.130000,0.000000
29454,29454000,-1.000000,0.130000,0.000000
29460,29460000,-1.000000,0.130000,0.000000
29466,29466000,-1.000000,0.130000,0.000000
29472,29472000,-1.000000,0.130000,0.000000
29478,29478000,-1.000000,0.130000,0.000000
29484,29484000,-1.000000,0.130000,0.000000
29490,29490000,-1.000000,0.130000,0.000000
29496,29496000,-1.000000,0.130000,0.000000
29502,29502000,-1.000000,0.130000,0.000000
29508,29508000,-1.000000,0.130000,0.000000
29514,29514000,-1.000000,0.130000,0.000000
29520,29520000,-1.000000,0.130000,0.000000
29526,29526000,-1.000000,0.130000,0.000000
29532,29532000,-1.000000,0.130000,0.000000
29538,29538000,-1.000000,0.130000,0.000000
29544,29544000,-1.000000,0.130000,0.000000
29550,29550000,-1.000000,0.130000,0.000000
29556,29556000,-1.000000,0.130000,0.000000
29562,29562000,-1.000000,0.130000,0.000000
29568,29568000,-1.000000,0.130000,0.000000
29574,29574000,-1.000000,0.130000,0.000000
29580,29580000,-1.000000,0.130000,0.000000
29586,29586000,-1.000000,0.130000,0.000000
29592,29592000,-1.000000,0.130000,0.000000
29598,29598000,-1.000000,0.130000,0.000000
29604,29604000,-1.000000,0.130000,0.000000
29610,29610000,-1.000000,0.130000,0.000000
29616,29616000,-1.000000,0.130000,0.000000
29622,29622000,-1.000000,0.130000,0.000000
29628,29628000,-1.000000,0.130000,0.000000
29634,29634000,-1.000000,0.130000,0.000000
29640,29640000,-1.000000,0.130000,0.000000
29646,29646000,-1.000000,0.130000,0.000000
29652,29652000,-1.000000,0.130000,0.000000
29658,29658000,-1.000000,0.130000,0.000000
29664,29664000,-1.000000,0.130000,0.000000
29670,29670000,-1.000000,0.130000,0.000000
29676,29676000,-1.000000,0.130000,0.000000
29682,29682000,-1.000000,0.130000,0.000000
29688,29688000,-1.000000,0.130000,0.000000
29694,29694000,-1.000000,0.130000,0.000000
29700,29700000,-1.000000,0.130000,0.000000
29706,29706000,-1.000000,0.130000,0.000000
29712,29712000,-1.000000,0.130000,0.000000
29718,29718000,-1.000000,0.130000,0.000000
29724,29724000,-1.000000,0.130000,0.000000
29730,29730000,-1.000000,0.130000,0.000000
29736,29736000,-1.000000,0.130000,0.000000
29742,29742000,-1.000000,0.130000,0.000000
29748,29748000,-1.000000,0.130000,0.000000
29754,29754000,-1.000000,0.130000,0.000000
29760,29760000,-1.000000,0.130000,0.000000
29766,29766000,-1.000000,0.130000,0.000000
29772,29772000,-1.000000,0.130000,0.000000
29778,29778000,-1.000000,0.130000,0.000000
29784,29784000,-1.000000,0.130000,0.000000
29790,29790000,-1.000000,0.130000,0.000000
29796,29796000,-1.000000,0.130000,0.000000
29802,29802000,-1.000000,0.130000,0.000000
29808,29808000,-1.000000,0.130000,0.000000
29814,29814000,-1.000000,0.130000,0.000000
29820,29820000,-1.000000,0.130000,0.000000
29826,29826000,-1.000000,0.130000,0.000000
29832,29832000,-1.000000,0.130000,0.000000
29838,29838000,-1.000000,0.130000,0.000000
29844,29844000,-1.000000,0.130000,0.000000
29850,29850000,-1.000000,0.130000,0.000000
29856,29856000,-1.000000,0.130000,0.000000
29862,29862000,-1.000000,0.130000,0.000000
29868,29868000,-1.000000,0.130000,0.000000
29874,29874000,-1.000000,0.130000,0.000000
29880,29880000,-1.000000,0.130000,0.000000
29886,29886000,-1.000000,0.130000,0.000000
29892,29892000,-1.000000,0.130000,0.000000
29898,29898000,-1.000000,0.130000,0.000000
29904,29904000,-1.000000,0.130000,0.000000
29910,29910000,-1.000000,0.130000,0.000000
29916,29916000,-1.000000,0.130000,0.000000
29922,29922000,-1.000000,0.130000,0.000000
29928,29928000,-1.000000,0.130000,0.000000
29934,29934000,-1.000000,0.130000,0.000000
29940,29940000,-1.000000,0.130000,0.000000
29946,29946000,-1.000000,0.130000,0.000000
29952,29952000,-1.000000,0.130000,0.000000
29958,29958000,-1.000000,0.130000,0.000000
29964,29964000,-1.000000,0.130000,0.000000
29970,29970000,-1.000000,0.130000,0.000000
29976,29976000,-1.000000,0.130000,0.000000
29982,29982000,-1.000000,0.130000,0.000000
29988,29988000,-1.000000,0.130000,0.000000
29994,29994000,-1.000000,0.130000,0.000000
